run_group,fmp_id,edge_id,n0,n1,mutation,cpx_lqms_final,sol_lqms_final,ddg_lqms_final,cpx_lqvar_final,sol_lqvar_final,ddg_lqvar_final,cpx_above_0.05,cpx_above_0.1,cpx_above_0.2,cpx_above_0.5,sol_above_0.05,sol_above_0.1,sol_above_0.2,sol_above_0.5,ddg_above_0.05,ddg_above_0.1,ddg_above_0.2,ddg_above_0.5,any_above_0.05,any_above_0.1,any_above_0.2,any_above_0.5
Original retrospective results,original_wt_fc,0018e2b_2403192,"H-ASN434TYR,H-TYR436HID","H-HIP433HIE,H-ASN434TYR,H-TYR436HID",H-HIP433HIE,NA,NA,NA,NA,NA,NA,NA,NA,NA,NA,NA,NA,NA,NA,NA,NA,NA,NA,NA,NA,NA,NA
Original retrospective results,original_wt_fc,0018e2b_61cf5ad,"H-ASN434TYR,H-TYR436HID","H-HIP433ARG,H-ASN434TYR,H-TYR436HID",H-HIP433ARG,-0.009583814218169924,-0.027456875079489892,0.021918698571980345,0.0011603752563226226,0.00212713841421735,0.002515654135338358,FALSE,FALSE,FALSE,FALSE,FALSE,FALSE,FALSE,FALSE,FALSE,FALSE,FALSE,FALSE,FALSE,FALSE,FALSE,FALSE
Original retrospective results,original_wt_fc,0018e2b_775363f,"H-ASN434TYR,H-TYR436HID","H-HIP433HID,H-ASN434TYR,H-TYR436HID",H-HIP433HID,0.01866085173265887,0.061862712370453724,-0.043028822354218975,0.0019605088858509778,0.008306191045796293,0.005625161995898842,FALSE,FALSE,FALSE,FALSE,TRUE,FALSE,FALSE,FALSE,FALSE,FALSE,FALSE,FALSE,TRUE,FALSE,FALSE,FALSE
Original retrospective results,original_wt_fc,0018e2b_9bcf632,"H-ASN434TYR,H-TYR436HID","H-ASN434TYR,H-TYR436HIE",H-HID436HIE,0.02629165275744314,0.042901367311702104,-0.016442629307049032,0.0029783489405331544,0.005262283321941216,0.0013209251537935737,FALSE,FALSE,FALSE,FALSE,FALSE,FALSE,FALSE,FALSE,FALSE,FALSE,FALSE,FALSE,FALSE,FALSE,FALSE,FALSE
Original retrospective results,original_wt_fc,00a57d8_fafe86f,H-MET252HIE,H-MET252TRP,H-HIE252TRP,0.011498144235729021,-0.033469824888459274,0.04657888802692728,0.01872196753246753,0.002525986671223513,0.02100198257006155,FALSE,FALSE,FALSE,FALSE,FALSE,FALSE,FALSE,FALSE,FALSE,FALSE,FALSE,FALSE,FALSE,FALSE,FALSE,FALSE
Original retrospective results,original_wt_fc,0122370_370d3d1,"H-VAL308PRO,H-ASN434ALA","H-VAL308PRO,H-ASN434TYR",H-ALA434TYR,-0.034994056473858975,-0.03220250780927786,-0.002066732535606595,0.0029107416267942538,0.0029898988380040992,9.108581681476411e-4,FALSE,FALSE,FALSE,FALSE,FALSE,FALSE,FALSE,FALSE,FALSE,FALSE,FALSE,FALSE,FALSE,FALSE,FALSE,FALSE
Original retrospective results,original_wt_fc,05527ee_1a56c51,"H-HIP433LYN,H-ASN434PHE","H-HIP433LYN,H-ASN434PHE,H-TYR436HID",H-TYR436HID,-0.08667403745643978,-0.030507638977210424,-0.05692010839802042,0.020721414900888586,0.004049832535885164,0.008749809637730694,TRUE,FALSE,FALSE,FALSE,FALSE,FALSE,FALSE,FALSE,TRUE,FALSE,FALSE,FALSE,TRUE,FALSE,FALSE,FALSE
Original retrospective results,original_wt_fc,05527ee_80f820d,"H-HIP433LYN,H-ASN434PHE","H-HIP433LYN,H-ASN434PHE,H-TYR436HIP",H-TYR436HIP,-0.00938696583914021,0.06151136991557788,-0.06633753453685717,0.0015266469583048747,0.00954034313055371,0.014715963431305611,FALSE,FALSE,FALSE,FALSE,TRUE,FALSE,FALSE,FALSE,TRUE,FALSE,FALSE,FALSE,TRUE,FALSE,FALSE,FALSE
Original retrospective results,original_wt_fc,05527ee_8da9ef1,"H-HIP433LYN,H-ASN434PHE","H-HIP433LYN,H-ASN434PHE,H-TYR436HIE",H-TYR436HIE,0,0.01743293655840596,-0.018643557152739878,0.0013587306903622683,0.0020585010252904983,0.00472893779904306,FALSE,FALSE,FALSE,FALSE,FALSE,FALSE,FALSE,FALSE,FALSE,FALSE,FALSE,FALSE,FALSE,FALSE,FALSE,FALSE
Original retrospective results,original_wt_fc,066482d_05b8660,"H-HIP433LYS,H-ASN434PHE,H-TYR436HID","H-HIP433LYS,H-ASN434PHE,H-TYR436HIE",H-HID436HIE,-0.0696109282509231,0.08610480398782905,-0.15654280037836116,0.010763565618591937,0.015539855092276142,0.051886973684210524,TRUE,FALSE,FALSE,FALSE,TRUE,FALSE,FALSE,FALSE,TRUE,TRUE,FALSE,FALSE,TRUE,TRUE,FALSE,FALSE
Original retrospective results,original_wt_fc,0712e2b_78f62b3,"H-LEU309ASP,H-GLN311HID,H-ASN434SER","H-LEU309ASP,H-GLN311HIE,H-ASN434SER",H-HID311HIE,-0.04471544811687128,-0.026299688773457237,-0.015253819488605214,0.006084568010936432,0.0017964753930280238,0.003861800068352701,FALSE,FALSE,FALSE,FALSE,FALSE,FALSE,FALSE,FALSE,FALSE,FALSE,FALSE,FALSE,FALSE,FALSE,FALSE,FALSE
Original retrospective results,original_wt_fc,075da99_0a13055,"H-LEU309ASH,H-ASN434SER","H-LEU309ASH,H-GLN311HID,H-ASN434SER",H-GLN311HID,-0.05883616088462229,-0.03691735090153897,-0.006242964008047461,0.008572835953520172,0.005225808270676649,0.0037401216678058856,TRUE,FALSE,FALSE,FALSE,FALSE,FALSE,FALSE,FALSE,FALSE,FALSE,FALSE,FALSE,TRUE,FALSE,FALSE,FALSE
Original retrospective results,original_wt_fc,075da99_93e766b,"H-LEU309ASH,H-ASN434SER","H-LEU309ASP,H-ASN434SER",H-ASH309ASP,-0.030507638977207742,-0.02816089751742604,0.0011733707298908062,0.0025208438140805964,0.0031614853041695545,0.0016902624743677533,FALSE,FALSE,FALSE,FALSE,FALSE,FALSE,FALSE,FALSE,FALSE,FALSE,FALSE,FALSE,FALSE,FALSE,FALSE,FALSE
Original retrospective results,original_wt_fc,075da99_9ae4924,"H-LEU309ASH,H-ASN434SER","H-LEU309ASH,H-GLN311HIP,H-ASN434SER",H-GLN311HIP,-0.18875959621379196,-0.00857191062270915,-0.17717898021379658,0.08780807997265895,5.968250170881827e-4,0.08136061414900889,TRUE,TRUE,FALSE,FALSE,FALSE,FALSE,FALSE,FALSE,TRUE,TRUE,FALSE,FALSE,TRUE,TRUE,FALSE,FALSE
Original retrospective results,original_wt_fc,075da99_ec36b63,"H-LEU309ASH,H-ASN434SER","H-LEU309ASH,H-GLN311HIE,H-ASN434SER",H-GLN311HIE,-0.005084606496200418,-0.046690649077830305,0.050970079754608426,0.0011277330827067782,0.006001642173615858,0.005633409090909095,FALSE,FALSE,FALSE,FALSE,FALSE,FALSE,FALSE,FALSE,TRUE,FALSE,FALSE,FALSE,TRUE,FALSE,FALSE,FALSE
Original retrospective results,original_wt_fc,07740e0_9b7d7c5,"H-THR256ASH,H-THR307GLN","H-MET252TYR,H-THR256ASH,H-THR307GLN",H-MET252TYR,0.1129952679447103,0.08414203653391888,0.028600911541134623,0.03524344360902256,0.0158997002734108,0.009547786739576219,TRUE,TRUE,FALSE,FALSE,TRUE,FALSE,FALSE,FALSE,FALSE,FALSE,FALSE,FALSE,TRUE,TRUE,FALSE,FALSE
Original retrospective results,original_wt_fc,07740e0_eb49b9b,"H-THR256ASH,H-THR307GLN","H-THR256GLH,H-THR307GLN",H-ASH256GLH,-0.005932040912235334,0.04848628604967758,-0.05304097273522239,7.658609022556382e-4,0.005374068010936433,0.0071123198906356795,FALSE,FALSE,FALSE,FALSE,FALSE,FALSE,FALSE,FALSE,TRUE,FALSE,FALSE,FALSE,TRUE,FALSE,FALSE,FALSE
Original retrospective results,original_wt_fc,079e2a4_9fb0466,"H-HIP433HID,H-ASN434TYR,H-TYR436HIP","H-HIP433HIE,H-ASN434TYR,H-TYR436HIP",H-HID433HIE,-0.010266281148353169,-0.012203055590884169,0.004576145846581541,7.13146958304853e-4,8.346589200273414e-4,4.540956937799046e-4,FALSE,FALSE,FALSE,FALSE,FALSE,FALSE,FALSE,FALSE,FALSE,FALSE,FALSE,FALSE,FALSE,FALSE,FALSE,FALSE
Original retrospective results,original_wt_fc,07b287d_0712e2b,"H-LEU309ASP,H-GLN311HID","H-LEU309ASP,H-GLN311HID,H-ASN434SER",H-ASN434SER,-0.15895178936497642,-0.005084606496201925,-0.15253819488602302,0.05964874982911826,3.066814764183258e-4,0.05395588482570059,TRUE,TRUE,FALSE,FALSE,FALSE,FALSE,FALSE,FALSE,TRUE,TRUE,FALSE,FALSE,TRUE,TRUE,FALSE,FALSE
Original retrospective results,original_wt_fc,07b287d_a5661a1,"H-LEU309ASP,H-GLN311HID","H-LEU309ASP,H-GLN311HIE",H-HID311HIE,-0.10677673642023625,-0.025917102734884796,-0.08474344160336227,0.030176135680109364,0.002334240943267259,0.02111362166780588,TRUE,TRUE,FALSE,FALSE,FALSE,FALSE,FALSE,FALSE,TRUE,FALSE,FALSE,FALSE,TRUE,TRUE,FALSE,FALSE
Original retrospective results,original_wt_fc,0a13055_ec36b63,"H-LEU309ASH,H-GLN311HID,H-ASN434SER","H-LEU309ASH,H-GLN311HIE,H-ASN434SER",H-HID311HIE,-0.018857341744057225,-0.015492218621027853,0.0014777137629585872,0.001951343814080656,0.0027663359535201643,0.004718204374572795,FALSE,FALSE,FALSE,FALSE,FALSE,FALSE,FALSE,FALSE,FALSE,FALSE,FALSE,FALSE,FALSE,FALSE,FALSE,FALSE
Original retrospective results,original_wt_fc,0a3b167_9ae4924,"H-GLN311HIP,H-ASN434SER","H-LEU309ASH,H-GLN311HIP,H-ASN434SER",H-LEU309ASH,0.0195841162298757,0.012456482083106304,0.012459063750133387,0.00502514080656191,5.641288448393665e-4,0.0037121517429938777,FALSE,FALSE,FALSE,FALSE,FALSE,FALSE,FALSE,FALSE,FALSE,FALSE,FALSE,FALSE,FALSE,FALSE,FALSE,FALSE
Original retrospective results,original_wt_fc,0a3b167_ce10634,"H-GLN311HIP,H-ASN434SER","H-LEU309ASP,H-GLN311HIP,H-ASN434SER",H-LEU309ASP,0.07296084385736093,-0.03163910360960942,0.1075532466444219,0.014575143198906165,0.0025494401913876605,0.028466647983595487,TRUE,FALSE,FALSE,FALSE,FALSE,FALSE,FALSE,FALSE,TRUE,TRUE,FALSE,FALSE,TRUE,TRUE,FALSE,FALSE
Original retrospective results,original_wt_fc,0bdac0c_5e66483,"H-THR307ALA,H-ASN434ALA","H-THR307ALA,H-GLU380ALA,H-ASN434ALA",H-GLU380ALA,-0.05338836821011749,0.053133855092955845,-0.10845619735382994,0.008058467532467532,0.008947264866712242,0.03218715174299386,TRUE,FALSE,FALSE,FALSE,TRUE,FALSE,FALSE,FALSE,TRUE,TRUE,FALSE,FALSE,TRUE,TRUE,FALSE,FALSE
Original retrospective results,original_wt_fc,0bdac0c_ab77ba0,"H-THR307ALA,H-ASN434ALA","H-THR307GLN,H-ASN434ALA",H-ALA307GLN,-0.02790332833281544,-0.02709056471900994,-0.0031636850593601534,0.002245635680109383,0.0034818848257006005,0.002098747436773752,FALSE,FALSE,FALSE,FALSE,FALSE,FALSE,FALSE,FALSE,FALSE,FALSE,FALSE,FALSE,FALSE,FALSE,FALSE,FALSE
Original retrospective results,original_wt_fc,0bdac0c_c0da54e,"H-THR307ALA,H-ASN434ALA","H-THR307ALA,H-GLU380GLH,H-ASN434ALA",H-GLU380GLH,NA,NA,NA,NA,NA,NA,NA,NA,NA,NA,NA,NA,NA,NA,NA,NA,NA,NA,NA,NA,NA,NA
Original retrospective results,original_wt_fc,0e4ba9a_066482d,"H-HIP433LYS,H-TYR436HID","H-HIP433LYS,H-ASN434PHE,H-TYR436HID",H-ASN434PHE,0.011985143883905182,0.023574084664205637,-0.012015117106695752,0.004628372522214666,0.001447723513328746,0.00424957621326042,FALSE,FALSE,FALSE,FALSE,FALSE,FALSE,FALSE,FALSE,FALSE,FALSE,FALSE,FALSE,FALSE,FALSE,FALSE,FALSE
Original retrospective results,original_wt_fc,0e4ba9a_d85bdf9,"H-HIP433LYS,H-TYR436HID","H-HIP433LYS,H-TYR436HIE",H-HID436HIE,0.07457422861095876,0.0011733707298928384,0.06478982002175422,0.01317403759398496,0.002423779562542721,0.017916941216678056,TRUE,FALSE,FALSE,FALSE,FALSE,FALSE,FALSE,FALSE,TRUE,FALSE,FALSE,FALSE,TRUE,FALSE,FALSE,FALSE
Original retrospective results,original_wt_fc,10e093e_1b78546,"H-ASN315ASH,H-ASN434TYR","H-VAL259ILE,H-ASN315ASH,H-ASN434TYR",H-VAL259ILE,-0.0040377757469834815,-0.030507638977210177,0.0278726124674084,4.4462918660287e-4,0.0026884562542720393,0.0018359849624060088,FALSE,FALSE,FALSE,FALSE,FALSE,FALSE,FALSE,FALSE,FALSE,FALSE,FALSE,FALSE,FALSE,FALSE,FALSE,FALSE
Original retrospective results,original_wt_fc,10e093e_5a17c18,"H-ASN315ASH,H-ASN434TYR","H-ASN315ASP,H-ASN434TYR",H-ASH315ASP,-6.42907210030526e-4,0.00704022437935651,-0.01016921299239482,0.0014212511961723693,4.644603554340524e-4,0.0017103287764868387,FALSE,FALSE,FALSE,FALSE,FALSE,FALSE,FALSE,FALSE,FALSE,FALSE,FALSE,FALSE,FALSE,FALSE,FALSE,FALSE
Original retrospective results,original_wt_fc,11aa163_1a56c51,"H-HIP433HIE,H-ASN434PHE,H-TYR436HID","H-HIP433LYN,H-ASN434PHE,H-TYR436HID",H-HIE433LYN,-0.030507638977210733,0.007287768500732008,-0.03748515604400866,0.002312619617224876,9.134039644565925e-4,0.004190456596035532,FALSE,FALSE,FALSE,FALSE,FALSE,FALSE,FALSE,FALSE,FALSE,FALSE,FALSE,FALSE,FALSE,FALSE,FALSE,FALSE
Original retrospective results,original_wt_fc,1276725_292d06b,H-THR256GLU,"H-MET252TYR,H-THR256GLU",H-MET252TYR,0.14999589163795135,0.014833885469945693,0.14191679356888745,0.04900597539302802,0.004143638414217362,0.04599606561859194,TRUE,TRUE,FALSE,FALSE,FALSE,FALSE,FALSE,FALSE,TRUE,TRUE,FALSE,FALSE,TRUE,TRUE,FALSE,FALSE
Original retrospective results,original_wt_fc,1276725_78824f9,H-THR256GLU,"H-SER254THR,H-THR256GLU",H-SER254THR,-0.036829488693698134,0.011333694550099936,-0.049407847695949,0.00444926076555024,4.2051059466848977e-4,0.006992737867395767,FALSE,FALSE,FALSE,FALSE,FALSE,FALSE,FALSE,FALSE,FALSE,FALSE,FALSE,FALSE,FALSE,FALSE,FALSE,FALSE
Original retrospective results,original_wt_fc,1276725_939df5b,H-THR256GLU,"H-SER254CYS,H-THR256GLU",H-SER254CYS,-0.11540604001664728,-0.03684789524838876,-0.07203192536285785,0.0322750977443609,0.003256922077922078,0.01705127922077922,TRUE,TRUE,FALSE,FALSE,FALSE,FALSE,FALSE,FALSE,TRUE,FALSE,FALSE,FALSE,TRUE,TRUE,FALSE,FALSE
Original retrospective results,original_wt_fc,1276725_9403b76,H-THR256GLU,"H-SER254CYM,H-THR256GLU",H-SER254CYM,0.00835493294717178,-0.0011888098184496035,0.0213553472840499,0.0034836216678059443,6.776479835953508e-4,0.004389881408065646,FALSE,FALSE,FALSE,FALSE,FALSE,FALSE,FALSE,FALSE,FALSE,FALSE,FALSE,FALSE,FALSE,FALSE,FALSE,FALSE
Original retrospective results,original_wt_fc,1276725_9ffed0a,H-THR256GLU,"H-SER254VAL,H-THR256GLU",H-SER254VAL,0.03538205090969962,0.006889855441281735,0.026442507025978928,0.0038391667805878367,3.633318523581675e-4,0.003107351332877654,FALSE,FALSE,FALSE,FALSE,FALSE,FALSE,FALSE,FALSE,FALSE,FALSE,FALSE,FALSE,FALSE,FALSE,FALSE,FALSE
Original retrospective results,original_wt_fc,1276725_c276898,H-THR256GLU,"H-THR256GLU,H-THR307GLN",H-THR307GLN,-0.038134548721516684,0.029837060439306257,-0.06566695599895386,0.004067210526315756,0.0029871421736158963,0.010029484278879033,FALSE,FALSE,FALSE,FALSE,FALSE,FALSE,FALSE,FALSE,TRUE,FALSE,FALSE,FALSE,TRUE,FALSE,FALSE,FALSE
Original retrospective results,original_wt_fc,12e2c92_80caf92,H-GLN311ARG,H-GLN311HIP,H-ARG311HIP,0.018203543129030917,-0.0026918504979892544,0.022486116596717193,0.0016074436090225898,5.134490772385458e-4,0.002467956596035538,FALSE,FALSE,FALSE,FALSE,FALSE,FALSE,FALSE,FALSE,FALSE,FALSE,FALSE,FALSE,FALSE,FALSE,FALSE,FALSE
Original retrospective results,original_wt_fc,1492934_034c669,"H-GLY385ASP,H-GLN386PRO","H-GLY385ASP,H-GLN386PRO,H-ASN389SER",H-ASN389SER,0.02068950595716358,0.009386965839143125,0.014119690842272974,0.0013778585099111763,8.523086124401936e-4,0.0014228489405331503,FALSE,FALSE,FALSE,FALSE,FALSE,FALSE,FALSE,FALSE,FALSE,FALSE,FALSE,FALSE,FALSE,FALSE,FALSE,FALSE
Original retrospective results,original_wt_fc,14b1d84_630735f,"H-HIP433ARG,H-TYR436HIP","H-HIP433LYS,H-TYR436HIP",H-ARG433LYS,0.01743293655840595,0.02325299506566542,-0.004254120768489033,0.0011306746411483223,0.0015767935748462038,6.531045796309e-4,FALSE,FALSE,FALSE,FALSE,FALSE,FALSE,FALSE,FALSE,FALSE,FALSE,FALSE,FALSE,FALSE,FALSE,FALSE,FALSE
Original retrospective results,original_wt_fc,14b1d84_66803f8,"H-HIP433ARG,H-TYR436HIP","H-HIP433ARG,H-ASN434TYR,H-TYR436HIP",H-ASN434TYR,-0.004184041395777135,0.01016921299240385,-0.012105592038370902,0.0026709993164729874,4.165727956254295e-4,0.0034831431989063334,FALSE,FALSE,FALSE,FALSE,FALSE,FALSE,FALSE,FALSE,FALSE,FALSE,FALSE,FALSE,FALSE,FALSE,FALSE,FALSE
Original retrospective results,original_wt_fc,14fa0ea_7208249,H-GLU380GLH,"H-THR307ALA,H-GLU380GLH",H-THR307ALA,0.10819241174314528,0.01995593013413119,0.08529043424709777,0.023477966507177046,0.0011792624743677317,0.015983185919343827,TRUE,TRUE,FALSE,FALSE,FALSE,FALSE,FALSE,FALSE,TRUE,FALSE,FALSE,FALSE,TRUE,TRUE,FALSE,FALSE
Original retrospective results,original_wt_fc,14fa0ea_918616c,H-GLU380GLH,"H-GLU380GLH,H-ASN434ALA",H-ASN434ALA,-0.0027378650364154947,-0.017432936558406276,0.01370888136091411,0.0010769747095010222,9.6517669172933e-4,0.0010780160628845016,FALSE,FALSE,FALSE,FALSE,FALSE,FALSE,FALSE,FALSE,FALSE,FALSE,FALSE,FALSE,FALSE,FALSE,FALSE,FALSE
Original retrospective results,original_wt_fc,14fa0ea_d9e4952,H-GLU380GLH,"H-THR307GLN,H-GLU380GLH",H-THR307GLN,0.09957368924148308,0.04347338554252554,0.06003452622259482,0.023746252904989777,0.012142230690362283,0.01246393164730001,TRUE,FALSE,FALSE,FALSE,FALSE,FALSE,FALSE,FALSE,TRUE,FALSE,FALSE,FALSE,TRUE,FALSE,FALSE,FALSE
Original retrospective results,original_wt_fc,1538b41_aa694bf,"H-ALA378VAL,H-ASN434ALA","H-ALA378VAL,H-ASN434TYR",H-ALA434TYR,0.008716468279203138,0.044638435621803516,-0.03401552855511898,0.002994523581681471,0.00455903110047847,0.005709939849624062,FALSE,FALSE,FALSE,FALSE,FALSE,FALSE,FALSE,FALSE,FALSE,FALSE,FALSE,FALSE,FALSE,FALSE,FALSE,FALSE
Original retrospective results,original_wt_fc,173edc9_509ecb0,H-LEU309PRO,"H-VAL308THR,H-LEU309PRO",H-VAL308THR,0.07407017021804518,0.04830376171391654,0.028901973767883532,0.01344251606288448,0.005646557416267943,0.0028998007518796992,TRUE,FALSE,FALSE,FALSE,FALSE,FALSE,FALSE,FALSE,FALSE,FALSE,FALSE,FALSE,TRUE,FALSE,FALSE,FALSE
Original retrospective results,original_wt_fc,173edc9_b9ac034,H-LEU309PRO,"H-LEU309PRO,H-GLN311SER",H-GLN311SER,0.014187292272327786,-0.0552188265487511,0.07159761522463975,0.0025014278879016095,0.007204640806561913,0.014485831168831294,FALSE,FALSE,FALSE,FALSE,TRUE,FALSE,FALSE,FALSE,TRUE,FALSE,FALSE,FALSE,TRUE,FALSE,FALSE,FALSE
Original retrospective results,original_wt_fc,1b78546_9e6f7ae,"H-VAL259ILE,H-ASN315ASH,H-ASN434TYR","H-VAL259ILE,H-ASN315ASP,H-ASN434TYR",H-ASH315ASP,-0.022005510081924265,0.07927065547142353,-0.08815966159299993,0.00239093233082708,0.01350669719753923,0.020206851332877588,FALSE,FALSE,FALSE,FALSE,TRUE,FALSE,FALSE,FALSE,TRUE,FALSE,FALSE,FALSE,TRUE,FALSE,FALSE,FALSE
Original retrospective results,original_wt_fc,1c01556_b2f4672,"H-MET252PHE,H-THR256ASH","H-MET252PHE,H-THR256ASP",H-ASH256ASP,-0.007626909744303473,-0.027486784529467345,0.022573687777824904,5.768574846206513e-4,0.0019096052631578987,0.001740278537252221,FALSE,FALSE,FALSE,FALSE,FALSE,FALSE,FALSE,FALSE,FALSE,FALSE,FALSE,FALSE,FALSE,FALSE,FALSE,FALSE
Original retrospective results,original_wt_fc,1cdc525_72d5dde,H-THR307PRO,"H-THR307PRO,H-ASN434TYR",H-ASN434TYR,-0.08247478905210534,0.0029660204561182905,-0.08108609307100728,0.014878094326725875,2.566216678058907e-4,0.01604157826384141,TRUE,FALSE,FALSE,FALSE,FALSE,FALSE,FALSE,FALSE,TRUE,FALSE,FALSE,FALSE,TRUE,FALSE,FALSE,FALSE
Original retrospective results,original_wt_fc,1d5a29a_087a3b0,"H-MET252TYR,H-THR256ASP,H-THR307GLN","H-MET252TYR,H-THR256GLU,H-THR307GLN",H-ASP256GLU,0.0365773879820512,-0.010895585349003725,0.05099142656316821,0.0037548800410116203,0.0020227672590567313,0.0063775878332194115,FALSE,FALSE,FALSE,FALSE,FALSE,FALSE,FALSE,FALSE,TRUE,FALSE,FALSE,FALSE,TRUE,FALSE,FALSE,FALSE
Original retrospective results,original_wt_fc,1ddc814_1d5a29a,"H-THR256ASP,H-THR307GLN","H-MET252TYR,H-THR256ASP,H-THR307GLN",H-MET252TYR,0.021297785701071423,-0.04635434277046693,0.059809272851102935,0.0026774203691045783,0.005484937457279563,0.01018256869446343,FALSE,FALSE,FALSE,FALSE,FALSE,FALSE,FALSE,FALSE,TRUE,FALSE,FALSE,FALSE,TRUE,FALSE,FALSE,FALSE
Original retrospective results,original_wt_fc,1ddc814_c276898,"H-THR256ASP,H-THR307GLN","H-THR256GLU,H-THR307GLN",H-ASP256GLU,-0.0070402243793562455,-0.0015253819488605209,-0.004237172080168113,6.541555023923445e-4,2.6663568010936437e-4,0.0012031308954203695,FALSE,FALSE,FALSE,FALSE,FALSE,FALSE,FALSE,FALSE,FALSE,FALSE,FALSE,FALSE,FALSE,FALSE,FALSE,FALSE
Original retrospective results,original_wt_fc,206c2a4_07740e0,H-THR256ASH,"H-THR256ASH,H-THR307GLN",H-THR307GLN,-0.037884418885812406,-0.018197539039037196,-0.017823168515948642,0.0055201739576213795,0.0016498725222145784,0.002602982911825074,FALSE,FALSE,FALSE,FALSE,FALSE,FALSE,FALSE,FALSE,FALSE,FALSE,FALSE,FALSE,FALSE,FALSE,FALSE,FALSE
Original retrospective results,original_wt_fc,206c2a4_1c01556,H-THR256ASH,"H-MET252PHE,H-THR256ASH",H-MET252PHE,-0.035592245473411784,-0.026308986643225583,0.003747705650217358,0.004785229665071765,0.002278602529049898,0.0031921671223513306,FALSE,FALSE,FALSE,FALSE,FALSE,FALSE,FALSE,FALSE,FALSE,FALSE,FALSE,FALSE,FALSE,FALSE,FALSE,FALSE
Original retrospective results,original_wt_fc,206c2a4_334f8e2,H-THR256ASH,"H-THR256ASH,H-THR307TRP",H-THR307TRP,-0.05958523237736402,0.03097408397090956,-0.09393141474562147,0.008540118250170892,0.0037839993164730024,0.021624907723855114,TRUE,FALSE,FALSE,FALSE,FALSE,FALSE,FALSE,FALSE,TRUE,FALSE,FALSE,FALSE,TRUE,FALSE,FALSE,FALSE
Original retrospective results,original_wt_fc,206c2a4_89dc5d1,H-THR256ASH,"H-MET252TYR,H-THR256ASH",H-MET252TYR,0.014028593342584997,-0.04497869667626875,0.0559306714582188,0.0024220416951469576,0.0057209586466165354,0.007573673274094321,FALSE,FALSE,FALSE,FALSE,FALSE,FALSE,FALSE,FALSE,TRUE,FALSE,FALSE,FALSE,TRUE,FALSE,FALSE,FALSE
Original retrospective results,original_wt_fc,206c2a4_9ee029a,H-THR256ASH,H-THR256ASN,H-ASH256ASN,0.013074702418802629,-0.0029660204561175376,0.02097400179683304,5.747265892002782e-4,4.820642515379332e-4,0.0012516182501708798,FALSE,FALSE,FALSE,FALSE,FALSE,FALSE,FALSE,FALSE,FALSE,FALSE,FALSE,FALSE,FALSE,FALSE,FALSE,FALSE
Original retrospective results,original_wt_fc,20702ea_14b1d84,H-TYR436HIP,"H-HIP433ARG,H-TYR436HIP",H-HIP433ARG,-0.005084606496202359,0.005583335841523035,-0.011568166887844136,3.3813089542037073e-4,2.8226418318523717e-4,6.43800068352705e-4,FALSE,FALSE,FALSE,FALSE,FALSE,FALSE,FALSE,FALSE,FALSE,FALSE,FALSE,FALSE,FALSE,FALSE,FALSE,FALSE
Original retrospective results,original_wt_fc,20702ea_35f875b,H-TYR436HIP,"H-ASN434TYR,H-TYR436HIP",H-ASN434TYR,-0.003589133997319272,-0.0012711516240501049,-0.005447792674500772,0.001287154135338354,6.159302802460744e-4,0.002706430280246085,FALSE,FALSE,FALSE,FALSE,FALSE,FALSE,FALSE,FALSE,FALSE,FALSE,FALSE,FALSE,FALSE,FALSE,FALSE,FALSE
Original retrospective results,original_wt_fc,20702ea_3b9d993,H-TYR436HIP,"H-HIP433HID,H-TYR436HIP",H-HIP433HID,-0.01316944663922951,0.01842074034507775,-0.03342619674231662,0.0019320878332194369,0.0010860594668489665,0.00366280485304174,FALSE,FALSE,FALSE,FALSE,FALSE,FALSE,FALSE,FALSE,FALSE,FALSE,FALSE,FALSE,FALSE,FALSE,FALSE,FALSE
Original retrospective results,original_wt_fc,20702ea_3dec1e5,H-TYR436HIP,"H-HIP433LYN,H-TYR436HIP",H-HIP433LYN,0.004539305109461185,0.04992159105361889,-0.04271069456809151,2.912822966507053e-4,0.0056201572112098835,0.005065929938482622,FALSE,FALSE,FALSE,FALSE,FALSE,FALSE,FALSE,FALSE,FALSE,FALSE,FALSE,FALSE,FALSE,FALSE,FALSE,FALSE
Original retrospective results,original_wt_fc,20702ea_630735f,H-TYR436HIP,"H-HIP433LYS,H-TYR436HIP",H-HIP433LYS,-0.013229570487286707,0.03432109384936072,-0.04840154260807393,9.786408065618644e-4,0.0031395129870129693,0.006246808270676689,FALSE,FALSE,FALSE,FALSE,FALSE,FALSE,FALSE,FALSE,FALSE,FALSE,FALSE,FALSE,FALSE,FALSE,FALSE,FALSE
Original retrospective results,original_wt_fc,20702ea_6f7d1a8,H-TYR436HIP,"H-HIP433HIE,H-TYR436HIP",H-HIP433HIE,-0.023244740834340433,-0.00217911706980018,-0.02230490841175694,0.001571826384142149,1.4504511278194354e-4,0.0014173677375256054,FALSE,FALSE,FALSE,FALSE,FALSE,FALSE,FALSE,FALSE,FALSE,FALSE,FALSE,FALSE,FALSE,FALSE,FALSE,FALSE
Original retrospective results,original_wt_fc,20702ea_819f2a6,H-TYR436HIP,"H-ASN434PHE,H-TYR436HIP",H-ASN434PHE,0.041222822011418706,-0.014852954771711363,0.05652150567499176,0.004498715311004715,0.0012756045796309024,0.007938473000683474,FALSE,FALSE,FALSE,FALSE,FALSE,FALSE,FALSE,FALSE,TRUE,FALSE,FALSE,FALSE,TRUE,FALSE,FALSE,FALSE
Original retrospective results,original_wt_fc,21b8c52_10e093e,H-ASN315ASH,"H-ASN315ASH,H-ASN434TYR",H-ASN434TYR,-0.03798145940508815,-0.023563663268214956,-0.014164260953705522,0.003745743677375259,0.0026592822966507368,0.0021445953520164247,FALSE,FALSE,FALSE,FALSE,FALSE,FALSE,FALSE,FALSE,FALSE,FALSE,FALSE,FALSE,FALSE,FALSE,FALSE,FALSE
Original retrospective results,original_wt_fc,21b8c52_9fae857,H-ASN315ASH,"H-VAL259ILE,H-ASN315ASH",H-VAL259ILE,-0.06711680574986309,-0.039970266997900475,-0.026613046767353828,0.009963629186602877,0.003665315105946686,0.0018774897470950134,TRUE,FALSE,FALSE,FALSE,FALSE,FALSE,FALSE,FALSE,FALSE,FALSE,FALSE,FALSE,TRUE,FALSE,FALSE,FALSE
Original retrospective results,original_wt_fc,21b8c52_c621823,H-ASN315ASH,H-ASN315ASP,H-ASH315ASP,NA,NA,NA,NA,NA,NA,NA,NA,NA,NA,NA,NA,NA,NA,NA,NA,NA,NA,NA,NA,NA,NA
Original retrospective results,original_wt_fc,2403192_7fbb7fa,"H-HIP433HIE,H-ASN434TYR,H-TYR436HID","H-HIP433HIE,H-ASN434TYR,H-TYR436HIE",H-HID436HIE,0.006504334284102244,0.06609988445062251,-0.05509690533921828,0.0020587720437457275,0.010648956596035543,0.010054309637730692,FALSE,FALSE,FALSE,FALSE,TRUE,FALSE,FALSE,FALSE,TRUE,FALSE,FALSE,FALSE,TRUE,FALSE,FALSE,FALSE
Original retrospective results,original_wt_fc,254eac2_5e66483,"H-GLU380ALA,H-ASN434ALA","H-THR307ALA,H-GLU380ALA,H-ASN434ALA",H-THR307ALA,0.02768285759043161,0.006075228106666887,0.01995796941481149,0.002247925153793578,4.0759056732740797e-4,0.0020482744360902317,FALSE,FALSE,FALSE,FALSE,FALSE,FALSE,FALSE,FALSE,FALSE,FALSE,FALSE,FALSE,FALSE,FALSE,FALSE,FALSE
Original retrospective results,original_wt_fc,254eac2_918616c,"H-GLU380ALA,H-ASN434ALA","H-GLU380GLH,H-ASN434ALA",H-ALA380GLH,-0.04177430585621574,0.0473814599716542,-0.08999753498276869,0.003888215311004733,0.00891887252221463,0.021919489747094952,FALSE,FALSE,FALSE,FALSE,FALSE,FALSE,FALSE,FALSE,TRUE,FALSE,FALSE,FALSE,TRUE,FALSE,FALSE,FALSE
Original retrospective results,original_wt_fc,254eac2_cbf23e3,"H-GLU380ALA,H-ASN434ALA","H-THR307GLN,H-GLU380ALA,H-ASN434ALA",H-THR307GLN,0.12106962581208862,0.038134548721510814,0.08252968913153161,0.028538109364319865,0.0028325789473684243,0.015564556732740934,TRUE,TRUE,FALSE,FALSE,FALSE,FALSE,FALSE,FALSE,TRUE,FALSE,FALSE,FALSE,TRUE,TRUE,FALSE,FALSE
Original retrospective results,original_wt_fc,2625252_7f7c156,H-GLN311HIE,"H-LEU309ASH,H-GLN311HIE",H-LEU309ASH,0,-0.021185860400840348,0.024406111181772515,0.008367691045796403,0.0012957341079972771,0.01224725119617236,FALSE,FALSE,FALSE,FALSE,FALSE,FALSE,FALSE,FALSE,FALSE,FALSE,FALSE,FALSE,FALSE,FALSE,FALSE,FALSE
Original retrospective results,original_wt_fc,2625252_a5661a1,H-GLN311HIE,"H-LEU309ASP,H-GLN311HIE",H-LEU309ASP,-0.006137846413285915,0.03241436641329179,-0.04067685196961282,0.004937388585099234,0.0023900567327407945,0.010948691045796129,FALSE,FALSE,FALSE,FALSE,FALSE,FALSE,FALSE,FALSE,FALSE,FALSE,FALSE,FALSE,FALSE,FALSE,FALSE,FALSE
Original retrospective results,original_wt_fc,2625252_f4f6874,H-GLN311HIE,H-GLN311SER,H-HIE311SER,0.023865871741546463,-0.04474453716657484,0.06435920835282372,0.010862764183185245,0.006921680451127817,0.03273477922077922,FALSE,FALSE,FALSE,FALSE,FALSE,FALSE,FALSE,FALSE,TRUE,FALSE,FALSE,FALSE,TRUE,FALSE,FALSE,FALSE
Original retrospective results,original_wt_fc,2625252_fa6e1ae,H-GLN311HIE,"H-GLN311HIE,H-ASN434SER",H-ASN434SER,-0.03973749246438367,-0.023305758258905795,-0.005886964613510534,0.02058695659603549,0.0014691695146958456,0.018485036910457896,FALSE,FALSE,FALSE,FALSE,FALSE,FALSE,FALSE,FALSE,FALSE,FALSE,FALSE,FALSE,FALSE,FALSE,FALSE,FALSE
Original retrospective results,original_wt_fc,292d06b_06006f2,"H-MET252TYR,H-THR256GLU","H-MET252TYR,H-SER254THR,H-THR256GLU",H-SER254THR,0.02212551562097189,0.009376673113440868,0.015771046701149725,0.002697071428571424,9.934326725905686e-4,0.0011744364319890585,FALSE,FALSE,FALSE,FALSE,FALSE,FALSE,FALSE,FALSE,FALSE,FALSE,FALSE,FALSE,FALSE,FALSE,FALSE,FALSE
Original retrospective results,original_wt_fc,292d06b_087a3b0,"H-MET252TYR,H-THR256GLU","H-MET252TYR,H-THR256GLU,H-THR307GLN",H-THR307GLN,-0.03559224547342406,-0.03050763897720665,-0.009250391438061865,0.009444914900888569,0.0033552679425837492,0.006183589542036952,FALSE,FALSE,FALSE,FALSE,FALSE,FALSE,FALSE,FALSE,FALSE,FALSE,FALSE,FALSE,FALSE,FALSE,FALSE,FALSE
Original retrospective results,original_wt_fc,292d06b_17deebb,"H-MET252TYR,H-THR256GLU","H-MET252TYR,H-SER254VAL,H-THR256GLU",H-SER254VAL,0.045761458465815905,-6.782824871414542e-4,0.04908439835833332,0.008862012987012993,2.788226247436768e-4,0.010928219753930277,FALSE,FALSE,FALSE,FALSE,FALSE,FALSE,FALSE,FALSE,FALSE,FALSE,FALSE,FALSE,FALSE,FALSE,FALSE,FALSE
Original retrospective results,original_wt_fc,292d06b_6a09f7e,"H-MET252TYR,H-THR256GLU","H-MET252TYR,H-SER254CYM,H-THR256GLU",H-SER254CYM,-0.031681009707102206,-0.03372668894013028,0.0017523220128188059,0.003429300751879601,0.003250791182501819,0.0016776934381408624,FALSE,FALSE,FALSE,FALSE,FALSE,FALSE,FALSE,FALSE,FALSE,FALSE,FALSE,FALSE,FALSE,FALSE,FALSE,FALSE
Original retrospective results,original_wt_fc,292d06b_d52c98f,"H-MET252TYR,H-THR256GLU","H-MET252TYR,H-SER254CYS,H-THR256GLU",H-SER254CYS,-0.041403224326214086,0.004247025968726643,-0.044001402370976356,0.005020511278195487,1.908274094326728e-4,0.0049642672590567306,FALSE,FALSE,FALSE,FALSE,FALSE,FALSE,FALSE,FALSE,FALSE,FALSE,FALSE,FALSE,FALSE,FALSE,FALSE,FALSE
Original retrospective results,original_wt_fc,2e066f3_14b1d84,H-HIP433ARG,"H-HIP433ARG,H-TYR436HIP",H-TYR436HIP,0.13960560879788883,0,0.14423300265460764,0.043356896445659605,5.993574846207096e-4,0.04540980006835284,TRUE,TRUE,FALSE,FALSE,FALSE,FALSE,FALSE,FALSE,TRUE,TRUE,FALSE,FALSE,TRUE,TRUE,FALSE,FALSE
Original retrospective results,original_wt_fc,2e066f3_5c0b234,H-HIP433ARG,"H-HIP433ARG,H-TYR436HIE",H-TYR436HIE,-0.05710799833145124,-0.024960795526808514,-0.02796533572910938,0.00711087901572113,0.002560380041011614,0.004479384825700619,TRUE,FALSE,FALSE,FALSE,FALSE,FALSE,FALSE,FALSE,FALSE,FALSE,FALSE,FALSE,TRUE,FALSE,FALSE,FALSE
Original retrospective results,original_wt_fc,2e066f3_9c2567f,H-HIP433ARG,"H-HIP433ARG,H-TYR436HID",H-TYR436HID,-0.03554841265878947,0.0549137501589787,-0.08787652770149812,0.0036804101161995906,0.007176422077922081,0.018844358851674646,FALSE,FALSE,FALSE,FALSE,TRUE,FALSE,FALSE,FALSE,TRUE,FALSE,FALSE,FALSE,TRUE,FALSE,FALSE,FALSE
Original retrospective results,original_wt_fc,2e066f3_a72476b,H-HIP433ARG,"H-HIP433ARG,H-ASN434TYR",H-ASN434TYR,0.05277723762163184,0.00951800826696304,0.04528431064212794,0.006152615857826382,4.368574846206289e-4,0.00478431749829119,TRUE,FALSE,FALSE,FALSE,FALSE,FALSE,FALSE,FALSE,FALSE,FALSE,FALSE,FALSE,TRUE,FALSE,FALSE,FALSE
Original retrospective results,original_wt_fc,2e066f3_cc19617,H-HIP433ARG,H-HIP433LYS,H-ARG433LYS,0.022880729232908716,-0.006876520237201828,0.02912092811461059,0.0012109924812030084,2.850919343814077e-4,0.002260028024606968,FALSE,FALSE,FALSE,FALSE,FALSE,FALSE,FALSE,FALSE,FALSE,FALSE,FALSE,FALSE,FALSE,FALSE,FALSE,FALSE
Original retrospective results,original_wt_fc,2e3968d_b891817,H-THR307GLU,H-THR307TRP,H-GLU307TRP,-0.13565003759509647,0.06363021843818045,-0.1993001726946686,0.04178804647983595,0.010849437115516019,0.09349093028024595,TRUE,TRUE,FALSE,FALSE,TRUE,FALSE,FALSE,FALSE,TRUE,TRUE,FALSE,FALSE,TRUE,TRUE,FALSE,FALSE
Original retrospective results,original_wt_fc,334f8e2_ed7778a,"H-THR256ASH,H-THR307TRP","H-THR256ASP,H-THR307TRP",H-ASH256ASP,0.07931986134073916,-0.020338425984803572,0.09291090234465865,0.014925308270676736,0.0024650902255638867,0.025586101503759368,TRUE,FALSE,FALSE,FALSE,FALSE,FALSE,FALSE,FALSE,TRUE,FALSE,FALSE,FALSE,TRUE,FALSE,FALSE,FALSE
Original retrospective results,original_wt_fc,335c2e7_05527ee,H-HIP433LYN,"H-HIP433LYN,H-ASN434PHE",H-ASN434PHE,0.005270053019605758,-0.008446173950352681,0.015367653962436946,0.0012140574162679742,3.8175119617223107e-4,0.0013928827751196551,FALSE,FALSE,FALSE,FALSE,FALSE,FALSE,FALSE,FALSE,FALSE,FALSE,FALSE,FALSE,FALSE,FALSE,FALSE,FALSE
Original retrospective results,original_wt_fc,335c2e7_3dec1e5,H-HIP433LYN,"H-HIP433LYN,H-TYR436HIP",H-TYR436HIP,0.059983911750361975,0.04919314366222145,0.015598928526809035,0.011573864661654299,0.005654194805194749,0.0039830933014355415,TRUE,FALSE,FALSE,FALSE,FALSE,FALSE,FALSE,FALSE,FALSE,FALSE,FALSE,FALSE,TRUE,FALSE,FALSE,FALSE
Original retrospective results,original_wt_fc,335c2e7_45be1d1,H-HIP433LYN,"H-HIP433LYN,H-TYR436HID",H-TYR436HID,-0.03886257192437816,-0.042361332895936174,0.007626909744302706,0.004152252221462749,0.005109248462064248,0.004778676691729321,FALSE,FALSE,FALSE,FALSE,FALSE,FALSE,FALSE,FALSE,FALSE,FALSE,FALSE,FALSE,FALSE,FALSE,FALSE,FALSE
Original retrospective results,original_wt_fc,335c2e7_8a16427,H-HIP433LYN,H-HIP433TYR,H-LYN433TYR,-0.001784133469597343,-0.022380469561507292,0.02288072923290803,3.1124094326725945e-4,0.0019168270676691733,0.0015838612440191365,FALSE,FALSE,FALSE,FALSE,FALSE,FALSE,FALSE,FALSE,FALSE,FALSE,FALSE,FALSE,FALSE,FALSE,FALSE,FALSE
Original retrospective results,original_wt_fc,335c2e7_c96c0a8,H-HIP433LYN,"H-HIP433LYN,H-TYR436HIE",H-TYR436HIE,0.029236487353160034,0.06821715867272501,-0.03820388426464326,0.002129090225563907,0.011177262474367731,0.005425006835269997,FALSE,FALSE,FALSE,FALSE,TRUE,FALSE,FALSE,FALSE,FALSE,FALSE,FALSE,FALSE,TRUE,FALSE,FALSE,FALSE
Original retrospective results,original_wt_fc,33f36a8_a18b7dd,"H-MET252TYR,H-SER254CYS","H-MET252TYR,H-SER254THR",H-CYS254THR,0.050846064962017296,0.018740406800286442,0.027965335729109808,0.0069389138755980816,0.0010220304169514687,0.0035178773069036197,TRUE,FALSE,FALSE,FALSE,FALSE,FALSE,FALSE,FALSE,FALSE,FALSE,FALSE,FALSE,TRUE,FALSE,FALSE,FALSE
Original retrospective results,original_wt_fc,33f36a8_d52c98f,"H-MET252TYR,H-SER254CYS","H-MET252TYR,H-SER254CYS,H-THR256GLU",H-THR256GLU,-0.03140492247653705,0.015253819488602079,-0.042435048101789635,0.002470790498974683,9.018509911142025e-4,0.005144589542036925,FALSE,FALSE,FALSE,FALSE,FALSE,FALSE,FALSE,FALSE,FALSE,FALSE,FALSE,FALSE,FALSE,FALSE,FALSE,FALSE
Original retrospective results,original_wt_fc,33f36a8_e2f3329,"H-MET252TYR,H-SER254CYS","H-MET252TYR,H-SER254CYS,H-THR256GLH",H-THR256GLH,0.03452937589302371,-0.049727451532853004,0.08425093913430332,0.004684589542036917,0.005823357484620649,0.018979606971975437,FALSE,FALSE,FALSE,FALSE,FALSE,FALSE,FALSE,FALSE,TRUE,FALSE,FALSE,FALSE,TRUE,FALSE,FALSE,FALSE
Original retrospective results,original_wt_fc,3508ed0_9ae4924,"H-LEU309ASH,H-GLN311HIP","H-LEU309ASH,H-GLN311HIP,H-ASN434SER",H-ASN434SER,0.06466293044082645,-0.01439427886662677,0.0790681989990154,0.009243568694463371,5.730762132604418e-4,0.013790548872180498,TRUE,FALSE,FALSE,FALSE,FALSE,FALSE,FALSE,FALSE,TRUE,FALSE,FALSE,FALSE,TRUE,FALSE,FALSE,FALSE
Original retrospective results,original_wt_fc,3508ed0_edc993d,"H-LEU309ASH,H-GLN311HIP","H-LEU309ASP,H-GLN311HIP",H-ASH309ASP,-0.08529686816077217,-0.01584050485355215,-0.06933554313003934,0.016302377648667172,9.752269309637121e-4,0.011516441216678218,TRUE,FALSE,FALSE,FALSE,FALSE,FALSE,FALSE,FALSE,TRUE,FALSE,FALSE,FALSE,TRUE,FALSE,FALSE,FALSE
Original retrospective results,original_wt_fc,35d1206_5dac180,H-SER254VAL,"H-SER254VAL,H-THR256GLH",H-THR256GLH,-0.022253742283207707,0.015514740085120778,-0.03676115561029453,0.0022265017088175095,0.0012613957621325984,0.006054362269309638,FALSE,FALSE,FALSE,FALSE,FALSE,FALSE,FALSE,FALSE,FALSE,FALSE,FALSE,FALSE,FALSE,FALSE,FALSE,FALSE
Original retrospective results,original_wt_fc,35d1206_9ffed0a,H-SER254VAL,"H-SER254VAL,H-THR256GLU",H-THR256GLU,0.0014890633310272942,0.0076269097443080495,-0.008009210984617099,9.577983595352058e-4,2.829562542720744e-4,0.0011639039644566332,FALSE,FALSE,FALSE,FALSE,FALSE,FALSE,FALSE,FALSE,FALSE,FALSE,FALSE,FALSE,FALSE,FALSE,FALSE,FALSE
Original retrospective results,original_wt_fc,35d1206_ff98ed1,H-SER254VAL,"H-MET252TYR,H-SER254VAL",H-MET252TYR,-0.02337837157083376,0.03234335725359776,-0.054220669868722655,0.002354853383458647,0.004380516404647982,0.011727993848257004,FALSE,FALSE,FALSE,FALSE,FALSE,FALSE,FALSE,FALSE,TRUE,FALSE,FALSE,FALSE,TRUE,FALSE,FALSE,FALSE
Original retrospective results,original_wt_fc,35f875b_079e2a4,"H-ASN434TYR,H-TYR436HIP","H-HIP433HID,H-ASN434TYR,H-TYR436HIP",H-HIP433HID,0.05148164077404447,0.03544269822352412,0.013423361149971632,0.005716683526999359,0.0031131045796308388,0.0011190789473684449,TRUE,FALSE,FALSE,FALSE,FALSE,FALSE,FALSE,FALSE,FALSE,FALSE,FALSE,FALSE,TRUE,FALSE,FALSE,FALSE
Original retrospective results,original_wt_fc,35f875b_66803f8,"H-ASN434TYR,H-TYR436HIP","H-HIP433ARG,H-ASN434TYR,H-TYR436HIP",H-HIP433ARG,0.006876520237201827,-0.02233200228960652,0.02787672179377892,3.9937969924812544e-4,0.0014980047846890046,0.002184595010252932,FALSE,FALSE,FALSE,FALSE,FALSE,FALSE,FALSE,FALSE,FALSE,FALSE,FALSE,FALSE,FALSE,FALSE,FALSE,FALSE
Original retrospective results,original_wt_fc,35f875b_9fb0466,"H-ASN434TYR,H-TYR436HIP","H-HIP433HIE,H-ASN434TYR,H-TYR436HIP",H-HIP433HIE,0.032864495701907914,0.010782872397118497,0.021550274389072317,0.0031406503759398817,4.005642515379385e-4,0.002242650717703357,FALSE,FALSE,FALSE,FALSE,FALSE,FALSE,FALSE,FALSE,FALSE,FALSE,FALSE,FALSE,FALSE,FALSE,FALSE,FALSE
Original retrospective results,original_wt_fc,362e91e_be9b15f,"H-HIP433HID,H-TYR436HIE","H-HIP433HID,H-ASN434PHE,H-TYR436HIE",H-ASN434PHE,-0.02677045320250393,-0.01500577350802573,-0.008716468279201181,0.003129458988379999,5.946578947368231e-4,0.002039485304169482,FALSE,FALSE,FALSE,FALSE,FALSE,FALSE,FALSE,FALSE,FALSE,FALSE,FALSE,FALSE,FALSE,FALSE,FALSE,FALSE
Original retrospective results,original_wt_fc,362e91e_c96c0a8,"H-HIP433HID,H-TYR436HIE","H-HIP433LYN,H-TYR436HIE",H-HID433LYN,0.027885184296657078,0.010858123837605604,0.01938012986024592,0.002611327067669172,5.53717361585783e-4,0.002481642173615856,FALSE,FALSE,FALSE,FALSE,FALSE,FALSE,FALSE,FALSE,FALSE,FALSE,FALSE,FALSE,FALSE,FALSE,FALSE,FALSE
Original retrospective results,original_wt_fc,362e91e_f54a90c,"H-HIP433HID,H-TYR436HIE","H-HIP433HID,H-ASN434TYR,H-TYR436HIE",H-ASN434TYR,0.03080724679706693,-0.015253819488606879,0.04703261008986705,0.002459358168147629,8.560068352699705e-4,0.005677025632262402,FALSE,FALSE,FALSE,FALSE,FALSE,FALSE,FALSE,FALSE,FALSE,FALSE,FALSE,FALSE,FALSE,FALSE,FALSE,FALSE
Original retrospective results,original_wt_fc,36d32ec_76279f8,"H-THR256ASN,H-ASN434TYR","H-THR256ASN,H-ALA378VAL,H-ASN434TYR",H-ALA378VAL,0.058490387742265906,0.05742614395710206,-0.0029385731875821476,0.007191358509911128,0.007781967532467546,5.096428571428638e-4,TRUE,FALSE,FALSE,FALSE,TRUE,FALSE,FALSE,FALSE,FALSE,FALSE,FALSE,FALSE,TRUE,FALSE,FALSE,FALSE
Original retrospective results,original_wt_fc,370d3d1_5d388e9,"H-VAL308PRO,H-ASN434TYR","H-MET252TYR,H-VAL308PRO,H-ASN434TYR",H-MET252TYR,NA,NA,NA,NA,NA,NA,NA,NA,NA,NA,NA,NA,NA,NA,NA,NA,NA,NA,NA,NA,NA,NA
Original retrospective results,original_wt_fc,3915b57_d12fc83,H-MET428GLU,H-MET428LEU,H-GLU428LEU,-0.01997616066395697,0.00775632811499999,-0.02404023888073182,0.003433360902255653,0.0016039521531100512,0.006426207792207827,FALSE,FALSE,FALSE,FALSE,FALSE,FALSE,FALSE,FALSE,FALSE,FALSE,FALSE,FALSE,FALSE,FALSE,FALSE,FALSE
Original retrospective results,original_wt_fc,3a607ac_075da99,H-LEU309ASH,"H-LEU309ASH,H-ASN434SER",H-ASN434SER,0.028328521907411357,-0.022734003629243972,0.05269501277881501,0.0036421363636363726,0.0014220594668489378,0.007317069036226994,FALSE,FALSE,FALSE,FALSE,FALSE,FALSE,FALSE,FALSE,TRUE,FALSE,FALSE,FALSE,TRUE,FALSE,FALSE,FALSE
Original retrospective results,original_wt_fc,3a607ac_173edc9,H-LEU309ASH,H-LEU309PRO,H-ASH309PRO,0.02542303248100962,0.0780712685391397,-0.04642466800879859,0.0019566308954203754,0.013005688311688454,0.00602933253588512,FALSE,FALSE,FALSE,FALSE,TRUE,FALSE,FALSE,FALSE,FALSE,FALSE,FALSE,FALSE,TRUE,FALSE,FALSE,FALSE
Original retrospective results,original_wt_fc,3a607ac_3508ed0,H-LEU309ASH,"H-LEU309ASH,H-GLN311HIP",H-GLN311HIP,-0.011917046475472128,0.024671897430433378,-0.03389737664135016,7.482963089541938e-4,0.0024865502392343885,0.003613537935748426,FALSE,FALSE,FALSE,FALSE,FALSE,FALSE,FALSE,FALSE,FALSE,FALSE,FALSE,FALSE,FALSE,FALSE,FALSE,FALSE
Original retrospective results,original_wt_fc,3a607ac_7cf696e,H-LEU309ASH,"H-LEU309ASH,H-GLN311HID",H-GLN311HID,-0.006461687422256663,-0.0285038477631123,0.020549980630989506,0.003247907723855095,0.0018805543403964653,0.004119879015721147,FALSE,FALSE,FALSE,FALSE,FALSE,FALSE,FALSE,FALSE,FALSE,FALSE,FALSE,FALSE,FALSE,FALSE,FALSE,FALSE
Original retrospective results,original_wt_fc,3a607ac_7f7c156,H-LEU309ASH,"H-LEU309ASH,H-GLN311HIE",H-GLN311HIE,-0.013558950656536957,-0.08008255231517582,0.06332210199943898,9.343677375256266e-4,0.014002988038277474,0.01096348496240602,FALSE,FALSE,FALSE,FALSE,TRUE,FALSE,FALSE,FALSE,TRUE,FALSE,FALSE,FALSE,TRUE,FALSE,FALSE,FALSE
Original retrospective results,original_wt_fc,3a607ac_d91d13e,H-LEU309ASH,H-LEU309ASP,H-ASH309ASP,0.032284950523962255,0.014560464057303869,0.014997021180717211,0.004466760423786701,0.0012143588516746206,0.0056873321941216266,FALSE,FALSE,FALSE,FALSE,FALSE,FALSE,FALSE,FALSE,FALSE,FALSE,FALSE,FALSE,FALSE,FALSE,FALSE,FALSE
Original retrospective results,original_wt_fc,3aa74dd_e8ff331,"H-VAL308THR,H-GLN311SER","H-VAL308THR,H-LEU309PRO,H-GLN311SER",H-LEU309PRO,-0.06295447203370827,0.033528493424954134,-0.10008320116753662,0.009352523581681498,0.003897809637730649,0.024109851332877574,TRUE,FALSE,FALSE,FALSE,FALSE,FALSE,FALSE,FALSE,TRUE,TRUE,FALSE,FALSE,TRUE,TRUE,FALSE,FALSE
Original retrospective results,original_wt_fc,3b9d993_079e2a4,"H-HIP433HID,H-TYR436HIP","H-HIP433HID,H-ASN434TYR,H-TYR436HIP",H-ASN434TYR,NA,NA,NA,NA,NA,NA,NA,NA,NA,NA,NA,NA,NA,NA,NA,NA,NA,NA,NA,NA,NA,NA
Original retrospective results,original_wt_fc,3b9d993_3dec1e5,"H-HIP433HID,H-TYR436HIP","H-HIP433LYN,H-TYR436HIP",H-HID433LYN,0.00100051934280132,0.017365100059585685,-0.016725431016263195,7.507341079972702e-4,0.0011971930963773096,0.002938788790157221,FALSE,FALSE,FALSE,FALSE,FALSE,FALSE,FALSE,FALSE,FALSE,FALSE,FALSE,FALSE,FALSE,FALSE,FALSE,FALSE
Original retrospective results,original_wt_fc,3b9d993_7c2de05,"H-HIP433HID,H-TYR436HIP","H-HIP433HID,H-ASN434PHE,H-TYR436HIP",H-ASN434PHE,0.06457991165760751,0.002860091154113581,0.05872030285036428,0.010645215311004732,5.55545454545465e-4,0.009185557416267962,TRUE,FALSE,FALSE,FALSE,FALSE,FALSE,FALSE,FALSE,TRUE,FALSE,FALSE,FALSE,TRUE,FALSE,FALSE,FALSE
Original retrospective results,original_wt_fc,3c2d585_1276725,H-THR256ASP,H-THR256GLU,H-ASP256GLU,0.005321099821606467,0.05737552081971736,-0.05145440181066999,4.958509911141487e-4,0.008416114490772385,0.0071352904989747095,FALSE,FALSE,FALSE,FALSE,TRUE,FALSE,FALSE,FALSE,TRUE,FALSE,FALSE,FALSE,TRUE,FALSE,FALSE,FALSE
Original retrospective results,original_wt_fc,3c2d585_1ddc814,H-THR256ASP,"H-THR256ASP,H-THR307GLN",H-THR307GLN,0.02950711963440818,-0.02931564331509659,0.061708633385725,0.0026973010936431696,0.0021843274094326824,0.008242681818181774,FALSE,FALSE,FALSE,FALSE,FALSE,FALSE,FALSE,FALSE,TRUE,FALSE,FALSE,FALSE,TRUE,FALSE,FALSE,FALSE
Original retrospective results,original_wt_fc,3c2d585_89704b4,H-THR256ASP,"H-MET252TYR,H-THR256ASP",H-MET252TYR,-0.0010618578941825056,0.05412947359093251,-0.05421777210666169,0.001509279904306219,0.006732834928229668,0.009124961722488042,FALSE,FALSE,FALSE,FALSE,TRUE,FALSE,FALSE,FALSE,TRUE,FALSE,FALSE,FALSE,TRUE,FALSE,FALSE,FALSE
Original retrospective results,original_wt_fc,3c2d585_b2f4672,H-THR256ASP,"H-MET252PHE,H-THR256ASP",H-MET252PHE,-0.004264932862762361,0.016222560040805065,-0.027965335729109454,0.005589688995215315,0.0014642030075187995,0.004518234107997271,FALSE,FALSE,FALSE,FALSE,FALSE,FALSE,FALSE,FALSE,FALSE,FALSE,FALSE,FALSE,FALSE,FALSE,FALSE,FALSE
Original retrospective results,original_wt_fc,3c2d585_ed7778a,H-THR256ASP,"H-THR256ASP,H-THR307TRP",H-THR307TRP,-0.042344384207615104,0.08024835470092273,-0.1326495610143708,0.00451256185919344,0.020113977785372515,0.040626604579630896,FALSE,FALSE,FALSE,FALSE,TRUE,FALSE,FALSE,FALSE,TRUE,TRUE,FALSE,FALSE,TRUE,TRUE,FALSE,FALSE
Original retrospective results,original_wt_fc,3dec1e5_80f820d,"H-HIP433LYN,H-TYR436HIP","H-HIP433LYN,H-ASN434PHE,H-TYR436HIP",H-ASN434PHE,-0.0310166652115353,0,-0.03101609962683054,0.0032081572112098236,8.388380041011794e-5,0.0032148622693096173,FALSE,FALSE,FALSE,FALSE,FALSE,FALSE,FALSE,FALSE,FALSE,FALSE,FALSE,FALSE,FALSE,FALSE,FALSE,FALSE
Original retrospective results,original_wt_fc,3dff29f_d5de769,"H-GLY385ASH,H-ASN389SER","H-GLY385ASH,H-GLN386PRO,H-ASN389SER",H-GLN386PRO,-0.09891465156522275,-0.05491375015898081,-0.0464424325501276,0.02340025119617194,0.007566061859193574,0.009879509227614094,TRUE,FALSE,FALSE,FALSE,TRUE,FALSE,FALSE,FALSE,FALSE,FALSE,FALSE,FALSE,TRUE,FALSE,FALSE,FALSE
Original retrospective results,original_wt_fc,3dff29f_d8c2177,"H-GLY385ASH,H-ASN389SER","H-GLY385ASP,H-ASN389SER",H-ASH385ASP,0.047274337283940523,-0.013897254514321007,0.06101527795449509,0.005681719412166817,0.0010856144907724836,0.009145614149009173,FALSE,FALSE,FALSE,FALSE,FALSE,FALSE,FALSE,FALSE,TRUE,FALSE,FALSE,FALSE,TRUE,FALSE,FALSE,FALSE
Original retrospective results,original_wt_fc,3f4a357_a7d9af9,"H-MET252TYR,H-SER254CYM,H-THR256GLH","H-MET252TYR,H-SER254VAL,H-THR256GLH",H-CYM254VAL,0.11493026612307422,0.0320525771049025,0.08698428047723492,0.03108285372522216,0.0026427269309637754,0.01728220334928229,TRUE,TRUE,FALSE,FALSE,FALSE,FALSE,FALSE,FALSE,TRUE,FALSE,FALSE,FALSE,TRUE,TRUE,FALSE,FALSE
Original retrospective results,original_wt_fc,404e0bb_00a57d8,WT,H-MET252HIE,H-MET252HIE,0.01993532923746279,-0.07245564257087528,0.08427830842764482,0.002140188311688314,0.010757331852358174,0.01870197846889953,FALSE,FALSE,FALSE,FALSE,TRUE,FALSE,FALSE,FALSE,TRUE,FALSE,FALSE,FALSE,TRUE,FALSE,FALSE,FALSE
Original retrospective results,original_wt_fc,404e0bb_1276725,WT,H-THR256GLU,H-THR256GLU,-0.04862154961993767,-0.06101527795427915,0.01408933793090644,0.0048210902255638914,0.009255372522214542,0.002331598086124517,FALSE,FALSE,FALSE,FALSE,TRUE,FALSE,FALSE,FALSE,FALSE,FALSE,FALSE,FALSE,TRUE,FALSE,FALSE,FALSE
Original retrospective results,original_wt_fc,404e0bb_12e2c92,WT,H-GLN311ARG,H-GLN311ARG,0.02113096586377098,-0.020231274783135345,0.03499794081801176,0.008209383800410197,0.0014407648667121849,0.011766869446343097,FALSE,FALSE,FALSE,FALSE,FALSE,FALSE,FALSE,FALSE,FALSE,FALSE,FALSE,FALSE,FALSE,FALSE,FALSE,FALSE
Original retrospective results,original_wt_fc,404e0bb_14fa0ea,WT,H-GLU380GLH,H-GLU380GLH,0.006458510924282136,0.04249278286111463,-0.03559224547341194,4.505010252904946e-4,0.005365078263841433,0.0042046254272043995,FALSE,FALSE,FALSE,FALSE,FALSE,FALSE,FALSE,FALSE,FALSE,FALSE,FALSE,FALSE,FALSE,FALSE,FALSE,FALSE
Original retrospective results,original_wt_fc,404e0bb_173edc9,WT,H-LEU309PRO,H-LEU309PRO,-0.02080066293900787,0.019461769692357845,-0.045504201589519316,0.001734061517429967,0.0011772146274777913,0.004914485304169566,FALSE,FALSE,FALSE,FALSE,FALSE,FALSE,FALSE,FALSE,FALSE,FALSE,FALSE,FALSE,FALSE,FALSE,FALSE,FALSE
Original retrospective results,original_wt_fc,404e0bb_1cb9200,WT,H-ILE253MET,H-ILE253MET,-0.12629162286106838,-0.008474344160336144,-0.12171485185795017,0.03976077614490771,5.816517429938481e-4,0.03453203520164046,TRUE,TRUE,FALSE,FALSE,FALSE,FALSE,FALSE,FALSE,TRUE,TRUE,FALSE,FALSE,TRUE,TRUE,FALSE,FALSE
Original retrospective results,original_wt_fc,404e0bb_1cdc525,WT,H-THR307PRO,H-THR307PRO,0.08671276362698543,0.027011972011071972,0.05802166247005043,0.016179941216678033,0.0016718130553656709,0.007952588174982973,TRUE,FALSE,FALSE,FALSE,FALSE,FALSE,FALSE,FALSE,TRUE,FALSE,FALSE,FALSE,TRUE,FALSE,FALSE,FALSE
Original retrospective results,original_wt_fc,404e0bb_206c2a4,WT,H-THR256ASH,H-THR256ASH,-0.01075235379993568,0.03184879605302092,-0.03496442058592619,9.69148325358828e-4,0.0026164900888585047,0.00465220061517424,FALSE,FALSE,FALSE,FALSE,FALSE,FALSE,FALSE,FALSE,FALSE,FALSE,FALSE,FALSE,FALSE,FALSE,FALSE,FALSE
Original retrospective results,original_wt_fc,404e0bb_20702ea,WT,H-TYR436HIP,H-TYR436HIP,0.03151622485596217,0.016078952998954434,0.02269903314143836,0.007158922077922233,0.0025405502392344815,0.0017111421736158983,FALSE,FALSE,FALSE,FALSE,FALSE,FALSE,FALSE,FALSE,FALSE,FALSE,FALSE,FALSE,FALSE,FALSE,FALSE,FALSE
Original retrospective results,original_wt_fc,404e0bb_21b8c52,WT,H-ASN315ASH,H-ASN315ASH,-0.003723008893385579,0.1144036461645396,-0.11315299698603792,5.833250170881715e-4,0.02861395420369104,0.030645304853041684,FALSE,FALSE,FALSE,FALSE,TRUE,TRUE,FALSE,FALSE,TRUE,TRUE,FALSE,FALSE,TRUE,TRUE,FALSE,FALSE
Original retrospective results,original_wt_fc,404e0bb_2625252,WT,H-GLN311HIE,H-GLN311HIE,0.007148358544658614,-0.00895736458813608,0.009531516237735151,0.009754076213260467,7.652792207792218e-4,0.00744713568010941,FALSE,FALSE,FALSE,FALSE,FALSE,FALSE,FALSE,FALSE,FALSE,FALSE,FALSE,FALSE,FALSE,FALSE,FALSE,FALSE
Original retrospective results,original_wt_fc,404e0bb_26f9bd5,WT,H-HIP435TYR,H-HIP435TYR,0.006372233664731849,0.0059320409122365836,0.004525858529580821,0.006094489747095048,0.0016421814764183524,0.012991583048530512,FALSE,FALSE,FALSE,FALSE,FALSE,FALSE,FALSE,FALSE,FALSE,FALSE,FALSE,FALSE,FALSE,FALSE,FALSE,FALSE
Original retrospective results,original_wt_fc,404e0bb_2e066f3,WT,H-HIP433ARG,H-HIP433ARG,-0.009612948350083849,0.009363339355146806,-0.020338425984807312,0.0011785991114149096,5.11772385509219e-4,0.0019374446343130565,FALSE,FALSE,FALSE,FALSE,FALSE,FALSE,FALSE,FALSE,FALSE,FALSE,FALSE,FALSE,FALSE,FALSE,FALSE,FALSE
Original retrospective results,original_wt_fc,404e0bb_2e3968d,WT,H-THR307GLU,H-THR307GLU,0.011720063453231351,0.0035286148761371856,0,0.0016929514695829132,0.001773752904989766,0.0032672009569377296,FALSE,FALSE,FALSE,FALSE,FALSE,FALSE,FALSE,FALSE,FALSE,FALSE,FALSE,FALSE,FALSE,FALSE,FALSE,FALSE
Original retrospective results,original_wt_fc,404e0bb_335c2e7,WT,H-HIP433LYN,H-HIP433LYN,0.019981501637168102,0.027247894180173773,-0.003895184183138033,0.0019414928229664985,0.0018078677375256474,6.883174982911986e-4,FALSE,FALSE,FALSE,FALSE,FALSE,FALSE,FALSE,FALSE,FALSE,FALSE,FALSE,FALSE,FALSE,FALSE,FALSE,FALSE
Original retrospective results,original_wt_fc,404e0bb_35d1206,WT,H-SER254VAL,H-SER254VAL,0.04255012804716163,0.017278068489923044,0.025994408716062244,0.004494446684894064,0.0011769784688995194,0.002019973000683529,FALSE,FALSE,FALSE,FALSE,FALSE,FALSE,FALSE,FALSE,FALSE,FALSE,FALSE,FALSE,FALSE,FALSE,FALSE,FALSE
Original retrospective results,original_wt_fc,404e0bb_3915b57,WT,H-MET428GLU,H-MET428GLU,-0.005168701272864333,0.0058445340975383855,-0.020062180127181223,0.0034109603554339503,0.006898922077922088,0.01870245625427187,FALSE,FALSE,FALSE,FALSE,FALSE,FALSE,FALSE,FALSE,FALSE,FALSE,FALSE,FALSE,FALSE,FALSE,FALSE,FALSE
Original retrospective results,original_wt_fc,404e0bb_3a607ac,WT,H-LEU309ASH,H-LEU309ASH,-0.03813454872151403,0.00785802822140325,-0.04576145846581732,0.003673418318523603,5.68842105263181e-4,0.005819234107997383,FALSE,FALSE,FALSE,FALSE,FALSE,FALSE,FALSE,FALSE,FALSE,FALSE,FALSE,FALSE,FALSE,FALSE,FALSE,FALSE
Original retrospective results,original_wt_fc,404e0bb_3c2d585,WT,H-THR256ASP,H-THR256ASP,-0.019702850172780954,0.01956847128679882,-0.027776758290373012,0.0020112098427888174,0.0016538776486670521,0.0025822935748464086,FALSE,FALSE,FALSE,FALSE,FALSE,FALSE,FALSE,FALSE,FALSE,FALSE,FALSE,FALSE,FALSE,FALSE,FALSE,FALSE
Original retrospective results,original_wt_fc,404e0bb_4102ec6,WT,H-MET252PHE,H-MET252PHE,-0.10355768645730712,-0.05416420902893497,-0.049356255088896656,0.02354653554340398,0.007058565618591942,0.0066537098427887935,TRUE,TRUE,FALSE,FALSE,TRUE,FALSE,FALSE,FALSE,FALSE,FALSE,FALSE,FALSE,TRUE,TRUE,FALSE,FALSE
Original retrospective results,original_wt_fc,404e0bb_4dcadc2,WT,H-LEU251ASN,H-LEU251ASN,-0.03784077145728948,-0.04892069893907821,0.008680149661371435,0.0032149149008886078,0.006239553656869367,0.002150817498291153,FALSE,FALSE,FALSE,FALSE,FALSE,FALSE,FALSE,FALSE,FALSE,FALSE,FALSE,FALSE,FALSE,FALSE,FALSE,FALSE
Original retrospective results,original_wt_fc,404e0bb_4eeae6b,WT,H-MET252TYR,H-MET252TYR,0.011186134291643706,-0.08647625526002806,0.09867672889104281,0.0013030567327409403,0.016688138414217363,0.024126482570061513,FALSE,FALSE,FALSE,FALSE,TRUE,FALSE,FALSE,FALSE,TRUE,FALSE,FALSE,FALSE,TRUE,FALSE,FALSE,FALSE
Original retrospective results,original_wt_fc,404e0bb_52df214,WT,H-LEU432LYS,H-LEU432LYS,-0.04108786318574156,-0.0727489852533506,0.0348658731168003,0.004050896445659556,0.01077249384825702,0.0026609183185236575,FALSE,FALSE,FALSE,FALSE,TRUE,FALSE,FALSE,FALSE,FALSE,FALSE,FALSE,FALSE,TRUE,FALSE,FALSE,FALSE
Original retrospective results,original_wt_fc,404e0bb_5adb808,WT,H-MET252ARG,H-MET252ARG,-0.11715924434616713,-0.05357006430158788,-0.05818392730860171,0.02868052802460686,0.007381887218045178,0.009278328776486459,TRUE,TRUE,FALSE,FALSE,TRUE,FALSE,FALSE,FALSE,TRUE,FALSE,FALSE,FALSE,TRUE,TRUE,FALSE,FALSE
Original retrospective results,original_wt_fc,404e0bb_5cb8174,WT,H-ASN434PHE,H-ASN434PHE,-0.05825246881235251,-0.031453669128187006,-0.02187106694359066,0.007813381408065598,0.003103263157894748,0.001728670881749832,TRUE,FALSE,FALSE,FALSE,FALSE,FALSE,FALSE,FALSE,FALSE,FALSE,FALSE,FALSE,TRUE,FALSE,FALSE,FALSE
Original retrospective results,original_wt_fc,404e0bb_6033d87,WT,H-ASP312ASH,H-ASP312ASH,0.02185693684380733,-0.011440364616454042,0.033049942225311456,0.0014033024606971986,0.001111381408065614,0.0036791691729323233,FALSE,FALSE,FALSE,FALSE,FALSE,FALSE,FALSE,FALSE,FALSE,FALSE,FALSE,FALSE,FALSE,FALSE,FALSE,FALSE
Original retrospective results,original_wt_fc,404e0bb_61b4c6f,WT,H-ASN434TYR,H-ASN434TYR,-0.007873967426719947,0.010935533471794927,-0.022880729232907692,0.0017872197539302835,4.4003554340396486e-4,0.0032206278195488335,FALSE,FALSE,FALSE,FALSE,FALSE,FALSE,FALSE,FALSE,FALSE,FALSE,FALSE,FALSE,FALSE,FALSE,FALSE,FALSE
Original retrospective results,original_wt_fc,404e0bb_631625f,WT,H-THR307ALA,H-THR307ALA,0.030071815563250608,-0.007109682531757672,0.036377104954829695,0.0023364374572795673,0.0015167963089541975,0.005521794258373196,FALSE,FALSE,FALSE,FALSE,FALSE,FALSE,FALSE,FALSE,FALSE,FALSE,FALSE,FALSE,FALSE,FALSE,FALSE,FALSE
Original retrospective results,original_wt_fc,404e0bb_661e3b7,WT,H-GLU380ALA,H-GLU380ALA,-0.08237062523846682,-0.00268063445424732,-0.07118449094682104,0.024531338345864663,0.002221051948051954,0.020952642173615883,TRUE,FALSE,FALSE,FALSE,FALSE,FALSE,FALSE,FALSE,TRUE,FALSE,FALSE,FALSE,TRUE,FALSE,FALSE,FALSE
Original retrospective results,original_wt_fc,404e0bb_69b1957,WT,H-THR256GLH,H-THR256GLH,-0.04857211594565988,0.006409711924329067,-0.05621718499887827,0.005660091934381388,4.4225324675324976e-4,0.007675068694463402,FALSE,FALSE,FALSE,FALSE,FALSE,FALSE,FALSE,FALSE,TRUE,FALSE,FALSE,FALSE,TRUE,FALSE,FALSE,FALSE
Original retrospective results,original_wt_fc,404e0bb_6d05828,WT,H-HIP435HIE,H-HIP435HIE,0.032480429848945475,0.019497937752510637,0.004467724090415289,0.0027568776486671647,0.0022312631578946997,0.00117827238550922,FALSE,FALSE,FALSE,FALSE,FALSE,FALSE,FALSE,FALSE,FALSE,FALSE,FALSE,FALSE,FALSE,FALSE,FALSE,FALSE
Original retrospective results,original_wt_fc,404e0bb_6f8d936,WT,H-THR250GLN,H-THR250GLN,0.09724309923985985,-0.07086914756316537,0.1738390642433545,0.02394243779904304,0.012654264866712218,0.06783851127819546,TRUE,FALSE,FALSE,FALSE,TRUE,FALSE,FALSE,FALSE,TRUE,TRUE,FALSE,FALSE,TRUE,TRUE,FALSE,FALSE
Original retrospective results,original_wt_fc,404e0bb_7531e7f,WT,H-MET428GLH,H-MET428GLH,-0.020874181993168747,0.001293068031362196,-0.0292494582881015,0.003299406356801099,0.001515042720437456,0.0022365632262474682,FALSE,FALSE,FALSE,FALSE,FALSE,FALSE,FALSE,FALSE,FALSE,FALSE,FALSE,FALSE,FALSE,FALSE,FALSE,FALSE
Original retrospective results,original_wt_fc,404e0bb_77bd93b,WT,H-GLY385ASH,H-GLY385ASH,0.084312571274654,-0.027180657267127692,0.1116579586565899,0.016853614149008878,0.00258442036910457,0.027418523581681474,TRUE,FALSE,FALSE,FALSE,FALSE,FALSE,FALSE,FALSE,TRUE,TRUE,FALSE,FALSE,TRUE,TRUE,FALSE,FALSE
Original retrospective results,original_wt_fc,404e0bb_79fa594,WT,H-VAL259ILE,H-VAL259ILE,-0.05610347778499099,-0.011917046475472873,-0.04353306766145881,0.006858219753930276,4.669063568010938e-4,0.004530952153110047,TRUE,FALSE,FALSE,FALSE,FALSE,FALSE,FALSE,FALSE,FALSE,FALSE,FALSE,FALSE,TRUE,FALSE,FALSE,FALSE
Original retrospective results,original_wt_fc,404e0bb_7a582e6,WT,H-HIP435LYN,H-HIP435LYN,0.03302910367409467,-0.009676731171829385,0.042261931727542154,0.0040098311688311775,5.897436773752596e-4,0.006732370129870174,FALSE,FALSE,FALSE,FALSE,FALSE,FALSE,FALSE,FALSE,FALSE,FALSE,FALSE,FALSE,FALSE,FALSE,FALSE,FALSE
Original retrospective results,original_wt_fc,404e0bb_7c823fe,WT,H-THR250ILE,H-THR250ILE,0.01716054692468085,-0.05850733015561859,0.07927748961994535,9.058393711551609e-4,0.008188846889952153,0.012859966165413537,FALSE,FALSE,FALSE,FALSE,TRUE,FALSE,FALSE,FALSE,TRUE,FALSE,FALSE,FALSE,TRUE,FALSE,FALSE,FALSE
Original retrospective results,original_wt_fc,404e0bb_7cbe88e,WT,H-HIP435HID,H-HIP435HID,0.013347092052528237,0.01725217455890969,-0.0035891339973179426,0.0016582935748461842,0.0010931254272043736,0.0023453311688311335,FALSE,FALSE,FALSE,FALSE,FALSE,FALSE,FALSE,FALSE,FALSE,FALSE,FALSE,FALSE,FALSE,FALSE,FALSE,FALSE
Original retrospective results,original_wt_fc,404e0bb_7d575ff,WT,H-MET252HID,H-MET252HID,-0.16156944317341182,0.03251937459092483,-0.18952583988661748,0.055419489063568035,0.0031686182501708808,0.0822651308954204,TRUE,TRUE,FALSE,FALSE,FALSE,FALSE,FALSE,FALSE,TRUE,TRUE,FALSE,FALSE,TRUE,TRUE,FALSE,FALSE
Original retrospective results,original_wt_fc,404e0bb_8040f22,WT,H-HIP433HIE,H-HIP433HIE,0.03947072088899168,0.03107792503076811,0.005472174403952177,0.004047313055365682,0.002874808270676712,0.001528474709501006,FALSE,FALSE,FALSE,FALSE,FALSE,FALSE,FALSE,FALSE,FALSE,FALSE,FALSE,FALSE,FALSE,FALSE,FALSE,FALSE
Original retrospective results,original_wt_fc,404e0bb_8046355,WT,H-ASN434HIP,H-ASN434HIP,-0.07555684606065488,0.05607335174255161,-0.1379202271868103,0.013807040669856533,0.00803591114149013,0.04028577477785398,TRUE,FALSE,FALSE,FALSE,TRUE,FALSE,FALSE,FALSE,TRUE,TRUE,FALSE,FALSE,TRUE,TRUE,FALSE,FALSE
Original retrospective results,original_wt_fc,404e0bb_80caf92,WT,H-GLN311HIP,H-GLN311HIP,0.007414887542915827,0.014187292272329108,-0.009152291693163462,0.001117133287764872,0.0010720693779904336,0.0031355782638414213,FALSE,FALSE,FALSE,FALSE,FALSE,FALSE,FALSE,FALSE,FALSE,FALSE,FALSE,FALSE,FALSE,FALSE,FALSE,FALSE
Original retrospective results,original_wt_fc,404e0bb_855cd03,WT,H-HIP435LYS,H-HIP435LYS,-0.013627735917579379,0.030780376490416976,-0.04576145846581439,0.0029803537252221443,0.002497375256322638,0.007602749829118242,FALSE,FALSE,FALSE,FALSE,FALSE,FALSE,FALSE,FALSE,FALSE,FALSE,FALSE,FALSE,FALSE,FALSE,FALSE,FALSE
Original retrospective results,original_wt_fc,404e0bb_8a16427,WT,H-HIP433TYR,H-HIP433TYR,-0.024630492602046347,-0.05271008572297664,0.02542303248100492,0.002105429938482553,0.006186346206425061,0.0023355933014353367,FALSE,FALSE,FALSE,FALSE,TRUE,FALSE,FALSE,FALSE,FALSE,FALSE,FALSE,FALSE,TRUE,FALSE,FALSE,FALSE
Original retrospective results,original_wt_fc,404e0bb_943b60e,WT,H-ASP312SER,H-ASP312SER,-0.023507716182608683,-0.023744460464634347,0.004707451618736785,0.005302809637730693,0.005636425153793567,3.5498530416952306e-4,FALSE,FALSE,FALSE,FALSE,FALSE,FALSE,FALSE,FALSE,FALSE,FALSE,FALSE,FALSE,FALSE,FALSE,FALSE,FALSE
Original retrospective results,original_wt_fc,404e0bb_954ad59,WT,H-ASN389SER,H-ASN389SER,0.015592793255018434,0.005866853649461675,0.009840832156190832,9.712306903622574e-4,3.7223684210525696e-4,8.055991114148839e-4,FALSE,FALSE,FALSE,FALSE,FALSE,FALSE,FALSE,FALSE,FALSE,FALSE,FALSE,FALSE,FALSE,FALSE,FALSE,FALSE
Original retrospective results,original_wt_fc,404e0bb_9aaa9a9,WT,H-HIP433GLN,H-HIP433GLN,-0.001243554623793587,0.00638781648965712,-0.006673241923006318,1.2325563909773503e-4,5.47714627477776e-4,8.793311688311492e-4,FALSE,FALSE,FALSE,FALSE,FALSE,FALSE,FALSE,FALSE,FALSE,FALSE,FALSE,FALSE,FALSE,FALSE,FALSE,FALSE
Original retrospective results,original_wt_fc,404e0bb_9df83c3,WT,H-VAL308PRO,H-VAL308PRO,0.020779798076490476,-0.023970287767810357,0.047297433344876565,0.002374802460697184,0.0022647457279562997,0.007847625427204463,FALSE,FALSE,FALSE,FALSE,FALSE,FALSE,FALSE,FALSE,FALSE,FALSE,FALSE,FALSE,FALSE,FALSE,FALSE,FALSE
Original retrospective results,original_wt_fc,404e0bb_9ee029a,WT,H-THR256ASN,H-THR256ASN,-0.0021791170698021146,-0.003050763897722961,-0.002964353590626425,9.780632262474604e-4,8.054866712235296e-4,0.0011413462064251633,FALSE,FALSE,FALSE,FALSE,FALSE,FALSE,FALSE,FALSE,FALSE,FALSE,FALSE,FALSE,FALSE,FALSE,FALSE,FALSE
Original retrospective results,original_wt_fc,404e0bb_a42e8d5,WT,H-THR307GLH,H-THR307GLH,-0.033860531666734,-0.006537351209402473,-0.03219089911864527,0.007845274777853722,3.4320437457280295e-4,0.00823647300068353,FALSE,FALSE,FALSE,FALSE,FALSE,FALSE,FALSE,FALSE,FALSE,FALSE,FALSE,FALSE,FALSE,FALSE,FALSE,FALSE
Original retrospective results,original_wt_fc,404e0bb_a5ada37,WT,H-ALA378VAL,H-ALA378VAL,-0.0057964514056700125,0.0817331521852131,-0.08907685802078004,7.917265892002732e-4,0.01530356869446345,0.017635500000000023,FALSE,FALSE,FALSE,FALSE,TRUE,FALSE,FALSE,FALSE,TRUE,FALSE,FALSE,FALSE,TRUE,FALSE,FALSE,FALSE
Original retrospective results,original_wt_fc,404e0bb_ab593ec,WT,H-TYR436HIE,H-TYR436HIE,0.02288072923290852,0.06067630418800743,-0.050432940684201163,0.007045208133971292,0.009028999316473,0.017278963431305534,FALSE,FALSE,FALSE,FALSE,TRUE,FALSE,FALSE,FALSE,TRUE,FALSE,FALSE,FALSE,TRUE,FALSE,FALSE,FALSE
Original retrospective results,original_wt_fc,404e0bb_b13d581,WT,H-HIP433HID,H-HIP433HID,0.005534889046412524,0.0034381624879104874,-0.0016307059405697931,5.29172248803829e-4,6.953168147641921e-4,3.434316473000628e-4,FALSE,FALSE,FALSE,FALSE,FALSE,FALSE,FALSE,FALSE,FALSE,FALSE,FALSE,FALSE,FALSE,FALSE,FALSE,FALSE
Original retrospective results,original_wt_fc,404e0bb_b72c4e8,WT,H-ASN434TRP,H-ASN434TRP,-0.04160132587801082,0.0034109235245361113,-0.038918025823131426,0.011300039302802503,0.0013616814764183108,0.01896964319890635,FALSE,FALSE,FALSE,FALSE,FALSE,FALSE,FALSE,FALSE,FALSE,FALSE,FALSE,FALSE,FALSE,FALSE,FALSE,FALSE
Original retrospective results,original_wt_fc,404e0bb_b85b06f,WT,H-ASN434ALA,H-ASN434ALA,-0.014509287823089162,-0.0059320409122335695,-0.010169212992403585,0.0012296596035543705,5.261308954203552e-4,0.0010490717703349525,FALSE,FALSE,FALSE,FALSE,FALSE,FALSE,FALSE,FALSE,FALSE,FALSE,FALSE,FALSE,FALSE,FALSE,FALSE,FALSE
Original retrospective results,original_wt_fc,404e0bb_b891817,WT,H-THR307TRP,H-THR307TRP,-0.0697149837946254,0.14840037718569465,-0.2278250388014027,0.010880685919343823,0.10431043745727954,0.1725393957621326,TRUE,FALSE,FALSE,FALSE,TRUE,TRUE,FALSE,FALSE,TRUE,TRUE,TRUE,FALSE,TRUE,TRUE,TRUE,FALSE
Original retrospective results,original_wt_fc,404e0bb_c04c484,WT,H-THR256GLN,H-THR256GLN,-0.04153080511192439,0.02201940244939672,-0.064518627705101,0.004534274777853702,0.0013469634313055484,0.009657249829118246,FALSE,FALSE,FALSE,FALSE,FALSE,FALSE,FALSE,FALSE,TRUE,FALSE,FALSE,FALSE,TRUE,FALSE,FALSE,FALSE
Original retrospective results,original_wt_fc,404e0bb_c621823,WT,H-ASN315ASP,H-ASN315ASP,0.039417692342020555,0.07356122402540448,-0.04020360937364412,0.003630429938482676,0.014581227272727449,0.00439561414900885,FALSE,FALSE,FALSE,FALSE,TRUE,FALSE,FALSE,FALSE,FALSE,FALSE,FALSE,FALSE,TRUE,FALSE,FALSE,FALSE
Original retrospective results,original_wt_fc,404e0bb_cb26260,WT,H-GLN311HID,H-GLN311HID,-0.010401248606316846,-0.019981343775890028,0.009386965839140624,0.003657142173615849,0.0017102474367737526,0.003743463431305517,FALSE,FALSE,FALSE,FALSE,FALSE,FALSE,FALSE,FALSE,FALSE,FALSE,FALSE,FALSE,FALSE,FALSE,FALSE,FALSE
Original retrospective results,original_wt_fc,404e0bb_cbea3c9,WT,H-TYR436HID,H-TYR436HID,-0.03858319047117798,0.02358491834282215,-0.06101527795442084,0.006812146958304855,0.0018278564593301443,0.01008046035543404,FALSE,FALSE,FALSE,FALSE,FALSE,FALSE,FALSE,FALSE,TRUE,FALSE,FALSE,FALSE,TRUE,FALSE,FALSE,FALSE
Original retrospective results,original_wt_fc,404e0bb_cc19617,WT,H-HIP433LYS,H-HIP433LYS,-0.012371851043664873,0.008108662686927734,-0.01961205362820741,4.91441216678059e-4,2.4293403964456277e-4,9.404976076554882e-4,FALSE,FALSE,FALSE,FALSE,FALSE,FALSE,FALSE,FALSE,FALSE,FALSE,FALSE,FALSE,FALSE,FALSE,FALSE,FALSE
Original retrospective results,original_wt_fc,404e0bb_d05b6d7,WT,H-TYR436ILE,H-TYR436ILE,-0.0011097355448056409,-0.016461254239269887,0.014611482231771377,0.002739203349282295,0.00102523684210527,0.004883492822966525,FALSE,FALSE,FALSE,FALSE,FALSE,FALSE,FALSE,FALSE,FALSE,FALSE,FALSE,FALSE,FALSE,FALSE,FALSE,FALSE
Original retrospective results,original_wt_fc,404e0bb_d12fc83,WT,H-MET428LEU,H-MET428LEU,-0.012203055590885073,-0.01271151624050422,0.0031609248582440273,4.0153930280245907e-4,0.0012786028708133923,0.001122625427204364,FALSE,FALSE,FALSE,FALSE,FALSE,FALSE,FALSE,FALSE,FALSE,FALSE,FALSE,FALSE,FALSE,FALSE,FALSE,FALSE
Original retrospective results,original_wt_fc,404e0bb_d360136,WT,H-GLY385ASP,H-GLY385ASP,0.05473032668856137,-0.023970287767798717,0.0734956757178245,0.0075574842788790515,0.0038219258373207985,0.015509362269309972,TRUE,FALSE,FALSE,FALSE,FALSE,FALSE,FALSE,FALSE,TRUE,FALSE,FALSE,FALSE,TRUE,FALSE,FALSE,FALSE
Original retrospective results,original_wt_fc,404e0bb_d91d13e,WT,H-LEU309ASP,H-LEU309ASP,-0.08312000690574312,0.03203302092606128,-0.11369720855528673,0.015505992481202732,0.0033677987012987265,0.029649885167464165,TRUE,FALSE,FALSE,FALSE,FALSE,FALSE,FALSE,FALSE,TRUE,TRUE,FALSE,FALSE,TRUE,TRUE,FALSE,FALSE
Original retrospective results,original_wt_fc,404e0bb_d943941,WT,H-ASN434HID,H-ASN434HID,-0.08389600718732435,0.02273944171105763,-0.10732151568768611,0.0166990092276145,0.0013792648667122482,0.025649443609022615,TRUE,FALSE,FALSE,FALSE,FALSE,FALSE,FALSE,FALSE,TRUE,TRUE,FALSE,FALSE,TRUE,TRUE,FALSE,FALSE
Original retrospective results,original_wt_fc,404e0bb_e0a7d5c,WT,H-ASN434HIE,H-ASN434HIE,-0.04523992226471498,0.007936165262701713,-0.055165679756867605,0.0054135235816814955,2.584976076554994e-4,0.006876875256322639,FALSE,FALSE,FALSE,FALSE,FALSE,FALSE,FALSE,FALSE,TRUE,FALSE,FALSE,FALSE,TRUE,FALSE,FALSE,FALSE
Original retrospective results,original_wt_fc,404e0bb_e3c493d,WT,H-MET252HIP,H-MET252HIP,-0.13186079513483256,-0.005084606496206652,-0.13074702418804568,0.039177027341080105,0.00157294497607657,0.03763232638414208,TRUE,TRUE,FALSE,FALSE,FALSE,FALSE,FALSE,FALSE,TRUE,TRUE,FALSE,FALSE,TRUE,TRUE,FALSE,FALSE
Original retrospective results,original_wt_fc,404e0bb_e6f054b,WT,H-SER254CYM,H-SER254CYM,0.023970287767801857,0.03891038954033563,-0.009931562906154583,0.003929725905673326,0.0034768800410115612,0.005227877306903393,FALSE,FALSE,FALSE,FALSE,FALSE,FALSE,FALSE,FALSE,FALSE,FALSE,FALSE,FALSE,FALSE,FALSE,FALSE,FALSE
Original retrospective results,original_wt_fc,404e0bb_e8850ca,WT,H-ASP312ILE,H-ASP312ILE,-0.07000850575452035,-0.11743129821454998,0.0519607084281508,0.010361599111414864,0.033419674299384805,0.00805307142857145,TRUE,FALSE,FALSE,FALSE,TRUE,TRUE,FALSE,FALSE,TRUE,FALSE,FALSE,FALSE,TRUE,TRUE,FALSE,FALSE
Original retrospective results,original_wt_fc,404e0bb_f19b916,WT,H-SER254CYS,H-SER254CYS,-0.02391607754586288,0.012988178652797661,-0.035592245473411596,0.0012974374572795615,7.727604237867395e-4,0.003205672248803827,FALSE,FALSE,FALSE,FALSE,FALSE,FALSE,FALSE,FALSE,FALSE,FALSE,FALSE,FALSE,FALSE,FALSE,FALSE,FALSE
Original retrospective results,original_wt_fc,404e0bb_f1e63ac,WT,H-VAL308THR,H-VAL308THR,0.03007786866622184,0.01658605620214089,0.016036581278152176,0.00461451059466848,0.0015763393711551632,0.002491490088858501,FALSE,FALSE,FALSE,FALSE,FALSE,FALSE,FALSE,FALSE,FALSE,FALSE,FALSE,FALSE,FALSE,FALSE,FALSE,FALSE
Original retrospective results,original_wt_fc,404e0bb_f22422f,WT,H-LEU432LYN,H-LEU432LYN,0.033309360924097045,0.025902712339140918,0.0016455666303366334,0.002496236158578265,0.002043172248803826,8.908055365686941e-4,FALSE,FALSE,FALSE,FALSE,FALSE,FALSE,FALSE,FALSE,FALSE,FALSE,FALSE,FALSE,FALSE,FALSE,FALSE,FALSE
Original retrospective results,original_wt_fc,404e0bb_f2a9ae7,WT,H-THR307GLN,H-THR307GLN,-0.042085305685460525,0.014939274316327219,-0.055930671458220636,0.00615405741626791,0.0021396971975393302,0.009499072795625459,FALSE,FALSE,FALSE,FALSE,FALSE,FALSE,FALSE,FALSE,TRUE,FALSE,FALSE,FALSE,TRUE,FALSE,FALSE,FALSE
Original retrospective results,original_wt_fc,404e0bb_f2cfbdf,WT,H-GLN386PRO,H-GLN386PRO,0.013982667864555291,-0.03704499018661585,0.05720182308227165,7.805187969925539e-4,0.005980169514695738,0.00900159432672597,FALSE,FALSE,FALSE,FALSE,FALSE,FALSE,FALSE,FALSE,TRUE,FALSE,FALSE,FALSE,TRUE,FALSE,FALSE,FALSE
Original retrospective results,original_wt_fc,404e0bb_f4d432c,WT,H-ASN434SER,H-ASN434SER,0.021913170105131552,-0.03376738377424748,0.05899481589935074,0.010696087833219351,0.0032402744360901852,0.02146951640464781,FALSE,FALSE,FALSE,FALSE,FALSE,FALSE,FALSE,FALSE,TRUE,FALSE,FALSE,FALSE,TRUE,FALSE,FALSE,FALSE
Original retrospective results,original_wt_fc,404e0bb_f4f6874,WT,H-GLN311SER,H-GLN311SER,-0.011139910596224597,0.022983795580805162,-0.03676561620330669,0.0010541930963773036,0.0030092870813397165,0.0033939753930280194,FALSE,FALSE,FALSE,FALSE,FALSE,FALSE,FALSE,FALSE,FALSE,FALSE,FALSE,FALSE,FALSE,FALSE,FALSE,FALSE
Original retrospective results,original_wt_fc,404e0bb_fac7d4a,WT,H-SER254THR,H-SER254THR,-0.013897254514322149,0.010366841093953718,-0.027910068267194124,0.006697535201640463,3.8929870129870156e-4,0.0075324747095010195,FALSE,FALSE,FALSE,FALSE,FALSE,FALSE,FALSE,FALSE,FALSE,FALSE,FALSE,FALSE,FALSE,FALSE,FALSE,FALSE
Original retrospective results,original_wt_fc,404e0bb_fafe86f,WT,H-MET252TRP,H-MET252TRP,0.03641234329538007,-0.057989520318156684,0.09408477635856347,0.006399403622693099,0.011701509227614476,0.028633606288448375,FALSE,FALSE,FALSE,FALSE,TRUE,FALSE,FALSE,FALSE,TRUE,FALSE,FALSE,FALSE,TRUE,FALSE,FALSE,FALSE
Original retrospective results,original_wt_fc,404e0bb_ff6d8e6,WT,H-VAL308PHE,H-VAL308PHE,-0.08448269255227502,-0.09527859218450743,0.003212319128757995,0.019282523581681477,0.02437172112098428,0.00239105946684894,TRUE,FALSE,FALSE,FALSE,TRUE,FALSE,FALSE,FALSE,FALSE,FALSE,FALSE,FALSE,TRUE,FALSE,FALSE,FALSE
Original retrospective results,original_wt_fc,4102ec6_1c01556,H-MET252PHE,"H-MET252PHE,H-THR256ASH",H-THR256ASH,0.03134362157681082,-0.0014647042159107435,0.044444513801894237,0.0033991069719753785,3.257436773752532e-4,0.003816738550922719,FALSE,FALSE,FALSE,FALSE,FALSE,FALSE,FALSE,FALSE,FALSE,FALSE,FALSE,FALSE,FALSE,FALSE,FALSE,FALSE
Original retrospective results,original_wt_fc,4102ec6_4eeae6b,H-MET252PHE,H-MET252TYR,H-PHE252TYR,0.012348330062204455,-0.015253819488605172,0.025241893374581333,0.001198808612440185,0.0013795714285714266,0.00404345898838003,FALSE,FALSE,FALSE,FALSE,FALSE,FALSE,FALSE,FALSE,FALSE,FALSE,FALSE,FALSE,FALSE,FALSE,FALSE,FALSE
Original retrospective results,original_wt_fc,4102ec6_b2f4672,H-MET252PHE,"H-MET252PHE,H-THR256ASP",H-THR256ASP,-0.007435158399377603,-0.010957571451547559,0.0010909500528220734,6.23970950102462e-4,5.563844839371977e-4,0.0011288988380041725,FALSE,FALSE,FALSE,FALSE,FALSE,FALSE,FALSE,FALSE,FALSE,FALSE,FALSE,FALSE,FALSE,FALSE,FALSE,FALSE
Original retrospective results,original_wt_fc,45be1d1_1a56c51,"H-HIP433LYN,H-TYR436HID","H-HIP433LYN,H-ASN434PHE,H-TYR436HID",H-ASN434PHE,-0.001629681569294406,0.017610676213303828,-0.014080448758714406,0.00250995420369108,0.0013576165413534086,0.005322736158578345,FALSE,FALSE,FALSE,FALSE,FALSE,FALSE,FALSE,FALSE,FALSE,FALSE,FALSE,FALSE,FALSE,FALSE,FALSE,FALSE
Original retrospective results,original_wt_fc,476a620_1a56c51,"H-HIP433HID,H-ASN434PHE,H-TYR436HID","H-HIP433LYN,H-ASN434PHE,H-TYR436HID",H-HID433LYN,-0.011093686900803784,0.024627451569452653,-0.0420334169438969,0.002391036910457955,0.002251343130553656,0.006439566985645914,FALSE,FALSE,FALSE,FALSE,FALSE,FALSE,FALSE,FALSE,FALSE,FALSE,FALSE,FALSE,FALSE,FALSE,FALSE,FALSE
Original retrospective results,original_wt_fc,4c12df9_5e66483,"H-THR307ALA,H-GLU380ALA","H-THR307ALA,H-GLU380ALA,H-ASN434ALA",H-ASN434ALA,5.657323161979933e-4,-0.03328106070241256,0.03203302092607031,6.021958304853e-4,0.002580746069719754,0.0028960574162678865,FALSE,FALSE,FALSE,FALSE,FALSE,FALSE,FALSE,FALSE,FALSE,FALSE,FALSE,FALSE,FALSE,FALSE,FALSE,FALSE
Original retrospective results,original_wt_fc,4c12df9_7208249,"H-THR307ALA,H-GLU380ALA","H-THR307ALA,H-GLU380GLH",H-ALA380GLH,-0.03211585367083303,0.041345879140166616,-0.08008255231517808,0.0029475574162679467,0.004285033151059495,0.012975717361585844,FALSE,FALSE,FALSE,FALSE,FALSE,FALSE,FALSE,FALSE,TRUE,FALSE,FALSE,FALSE,TRUE,FALSE,FALSE,FALSE
Original retrospective results,original_wt_fc,4eeae6b_09a8ef7,H-MET252TYR,"H-MET252TYR,H-THR307TRP",H-THR307TRP,-0.14594135628537658,-0.006142754334600657,-0.11059682338781744,0.07003080587833219,0.002318723513328776,0.07231438482570061,TRUE,TRUE,FALSE,FALSE,FALSE,FALSE,FALSE,FALSE,TRUE,TRUE,FALSE,FALSE,TRUE,TRUE,FALSE,FALSE
Original retrospective results,original_wt_fc,4eeae6b_292d06b,H-MET252TYR,"H-MET252TYR,H-THR256GLU",H-THR256GLU,0.04576145846581731,0.013347092052539079,0.039700072300618255,0.00605304066985653,8.320153793574304e-4,0.004638118250171229,FALSE,FALSE,FALSE,FALSE,FALSE,FALSE,FALSE,FALSE,FALSE,FALSE,FALSE,FALSE,FALSE,FALSE,FALSE,FALSE
Original retrospective results,original_wt_fc,4eeae6b_33f36a8,H-MET252TYR,"H-MET252TYR,H-SER254CYS",H-SER254CYS,0.0504429682146732,0.013242083874890589,0.03526110513437379,0.007235707792207794,7.923537252221463e-4,0.004609039302802462,TRUE,FALSE,FALSE,FALSE,FALSE,FALSE,FALSE,FALSE,FALSE,FALSE,FALSE,FALSE,TRUE,FALSE,FALSE,FALSE
Original retrospective results,original_wt_fc,4eeae6b_42bcebe,H-MET252TYR,"H-MET252TYR,H-THR256GLN",H-THR256GLN,0.0016202880469027622,-0.012203055590882805,0.015596991868404594,4.352867395762041e-4,5.944641148325449e-4,0.0011719374572795615,FALSE,FALSE,FALSE,FALSE,FALSE,FALSE,FALSE,FALSE,FALSE,FALSE,FALSE,FALSE,FALSE,FALSE,FALSE,FALSE
Original retrospective results,original_wt_fc,4eeae6b_89704b4,H-MET252TYR,"H-MET252TYR,H-THR256ASP",H-THR256ASP,0.02350359352869418,0.0373163361818985,-0.01728766208708654,0.0015914627477785035,0.003958999316472906,0.0011728622693097305,FALSE,FALSE,FALSE,FALSE,FALSE,FALSE,FALSE,FALSE,FALSE,FALSE,FALSE,FALSE,FALSE,FALSE,FALSE,FALSE
Original retrospective results,original_wt_fc,4eeae6b_89dc5d1,H-MET252TYR,"H-MET252TYR,H-THR256ASH",H-THR256ASH,0.002980398982795364,0.016997113144446435,-0.014225342265508378,3.223468899521449e-4,8.732672590567451e-4,8.046069719753865e-4,FALSE,FALSE,FALSE,FALSE,FALSE,FALSE,FALSE,FALSE,FALSE,FALSE,FALSE,FALSE,FALSE,FALSE,FALSE,FALSE
Original retrospective results,original_wt_fc,4eeae6b_8f11668,H-MET252TYR,"H-MET252TYR,H-VAL308PRO",H-VAL308PRO,0.048376636153901684,0.043966891467155676,-0.009838072653366548,0.005265717361585778,0.010503221120984264,0.002689011278195434,FALSE,FALSE,FALSE,FALSE,FALSE,FALSE,FALSE,FALSE,FALSE,FALSE,FALSE,FALSE,FALSE,FALSE,FALSE,FALSE
Original retrospective results,original_wt_fc,4eeae6b_a18b7dd,H-MET252TYR,"H-MET252TYR,H-SER254THR",H-SER254THR,0.06330335087771172,-0.014128061024168439,0.0775402490670765,0.009168343814080656,5.734753930280261e-4,0.013711597744360905,TRUE,FALSE,FALSE,FALSE,FALSE,FALSE,FALSE,FALSE,TRUE,FALSE,FALSE,FALSE,TRUE,FALSE,FALSE,FALSE
Original retrospective results,original_wt_fc,4eeae6b_b4bd807,H-MET252TYR,"H-MET252TYR,H-ASN434ALA",H-ASN434ALA,0.011864081824470872,0.013347092052535706,-0.0036942844073921963,0.0027697867395761705,6.18535543403972e-4,0.004008076555023869,FALSE,FALSE,FALSE,FALSE,FALSE,FALSE,FALSE,FALSE,FALSE,FALSE,FALSE,FALSE,FALSE,FALSE,FALSE,FALSE
Original retrospective results,original_wt_fc,4eeae6b_c7c1c7b,H-MET252TYR,"H-MET252TYR,H-ASN434TYR",H-ASN434TYR,0.04049673894952907,-0.006712228991711621,0.04957491333796887,0.006956325017088193,0.0013812532467532273,0.008218914900888576,FALSE,FALSE,FALSE,FALSE,FALSE,FALSE,FALSE,FALSE,FALSE,FALSE,FALSE,FALSE,FALSE,FALSE,FALSE,FALSE
Original retrospective results,original_wt_fc,4eeae6b_ecab8cb,H-MET252TYR,"H-MET252TYR,H-SER254CYM",H-SER254CYM,-0.14963628953377878,-0.03642550874535759,-0.11440364616451373,0.05470829357484663,0.004132501708817491,0.04117511004784707,TRUE,TRUE,FALSE,FALSE,FALSE,FALSE,FALSE,FALSE,TRUE,TRUE,FALSE,FALSE,TRUE,TRUE,FALSE,FALSE
Original retrospective results,original_wt_fc,4eeae6b_f5efd58,H-MET252TYR,"H-MET252TYR,H-THR256GLH",H-THR256GLH,-0.047148169328417054,4.703502214226136e-4,-0.047791449089678306,0.006428875256322603,0.0012956141490088977,0.010754290498974724,FALSE,FALSE,FALSE,FALSE,FALSE,FALSE,FALSE,FALSE,FALSE,FALSE,FALSE,FALSE,FALSE,FALSE,FALSE,FALSE
Original retrospective results,original_wt_fc,4eeae6b_f625f96,H-MET252TYR,"H-MET252TYR,H-THR307GLN",H-THR307GLN,-0.03435135936422109,0.003194604739390124,-0.04067685196961484,0.003279148325358838,7.966572112098486e-4,0.0050631332877649005,FALSE,FALSE,FALSE,FALSE,FALSE,FALSE,FALSE,FALSE,FALSE,FALSE,FALSE,FALSE,FALSE,FALSE,FALSE,FALSE
Original retrospective results,original_wt_fc,4eeae6b_ff98ed1,H-MET252TYR,"H-MET252TYR,H-SER254VAL",H-SER254VAL,-0.05833834534712267,-0.022880729232907952,-0.03578247375840968,0.00914574846206426,0.0013481476418318557,0.0039539220779220745,TRUE,FALSE,FALSE,FALSE,FALSE,FALSE,FALSE,FALSE,FALSE,FALSE,FALSE,FALSE,TRUE,FALSE,FALSE,FALSE
Original retrospective results,original_wt_fc,509ecb0_e8ff331,"H-VAL308THR,H-LEU309PRO","H-VAL308THR,H-LEU309PRO,H-GLN311SER",H-GLN311SER,0.010044530656073474,-0.020132070201681153,0.030507638977211236,6.51072795625408e-4,0.0010994784688995079,0.0025895895420368535,FALSE,FALSE,FALSE,FALSE,FALSE,FALSE,FALSE,FALSE,FALSE,FALSE,FALSE,FALSE,FALSE,FALSE,FALSE,FALSE
Original retrospective results,original_wt_fc,5a17c18_9e6f7ae,"H-ASN315ASP,H-ASN434TYR","H-VAL259ILE,H-ASN315ASP,H-ASN434TYR",H-VAL259ILE,-0.04664148651323505,-0.03506755735625065,-0.013767995199392698,0.006369287081339718,0.0032363550922761474,0.0023098168147641777,FALSE,FALSE,FALSE,FALSE,FALSE,FALSE,FALSE,FALSE,FALSE,FALSE,FALSE,FALSE,FALSE,FALSE,FALSE,FALSE
Original retrospective results,original_wt_fc,5adb808_e3c493d,H-MET252ARG,H-MET252HIP,H-ARG252HIP,0.013389801228549296,0.01623031062837535,0,0.0010468414217361507,0.0046330680109364615,0.004354667122351388,FALSE,FALSE,FALSE,FALSE,FALSE,FALSE,FALSE,FALSE,FALSE,FALSE,FALSE,FALSE,FALSE,FALSE,FALSE,FALSE
Original retrospective results,original_wt_fc,5c0b234_dfd59e2,"H-HIP433ARG,H-TYR436HIE","H-HIP433ARG,H-ASN434TYR,H-TYR436HIE",H-ASN434TYR,0.07572362241661319,0.005704023601141469,0.06911400545714046,0.012387138414217343,2.9444668489406027e-4,0.011399752904989784,TRUE,FALSE,FALSE,FALSE,FALSE,FALSE,FALSE,FALSE,TRUE,FALSE,FALSE,FALSE,TRUE,FALSE,FALSE,FALSE
Original retrospective results,original_wt_fc,5cb8174_05527ee,H-ASN434PHE,"H-HIP433LYN,H-ASN434PHE",H-HIP433LYN,0.0063402562711747275,-0.0011203950972088319,0.0082027305654519,6.816647300068432e-4,6.684203691045817e-4,0.0023239699248120598,FALSE,FALSE,FALSE,FALSE,FALSE,FALSE,FALSE,FALSE,FALSE,FALSE,FALSE,FALSE,FALSE,FALSE,FALSE,FALSE
Original retrospective results,original_wt_fc,5cb8174_61b4c6f,H-ASN434PHE,H-ASN434TYR,H-PHE434TYR,-0.02536894092253804,-0.030934340109227413,0.008474344160335889,0.003125907723855098,0.0025792098427887887,0.003221614490772385,FALSE,FALSE,FALSE,FALSE,FALSE,FALSE,FALSE,FALSE,FALSE,FALSE,FALSE,FALSE,FALSE,FALSE,FALSE,FALSE
Original retrospective results,original_wt_fc,5cb8174_62490ed,H-ASN434PHE,"H-ASN434PHE,H-TYR436HID",H-TYR436HID,-0.09782089543260836,0.02148694331488577,-0.12203055590884154,0.021907403622693108,0.0019396288448393707,0.03254277375256324,TRUE,FALSE,FALSE,FALSE,FALSE,FALSE,FALSE,FALSE,TRUE,TRUE,FALSE,FALSE,TRUE,TRUE,FALSE,FALSE
Original retrospective results,original_wt_fc,5cb8174_6a7277f,H-ASN434PHE,"H-ASN434PHE,H-TYR436HIE",H-TYR436HIE,-0.025336629317622705,-0.03686839769393806,0.005377382098095346,0.0038448509911141533,0.003921035201640465,0.001979597744360901,FALSE,FALSE,FALSE,FALSE,FALSE,FALSE,FALSE,FALSE,FALSE,FALSE,FALSE,FALSE,FALSE,FALSE,FALSE,FALSE
Original retrospective results,original_wt_fc,5cb8174_819f2a6,H-ASN434PHE,"H-ASN434PHE,H-TYR436HIP",H-TYR436HIP,0.08599533335431994,0.03834788885422018,0.0516798310810221,0.015276188311688487,0.004231223513328647,0.007739326384142479,TRUE,FALSE,FALSE,FALSE,FALSE,FALSE,FALSE,FALSE,TRUE,FALSE,FALSE,FALSE,TRUE,FALSE,FALSE,FALSE
Original retrospective results,original_wt_fc,5cb8174_d80cabb,H-ASN434PHE,"H-HIP433HIE,H-ASN434PHE",H-HIP433HIE,0.005546843450403739,0.003389737664133469,-0.003183646535735334,4.3008578263840956e-4,5.373622693096446e-4,9.78365686944612e-4,FALSE,FALSE,FALSE,FALSE,FALSE,FALSE,FALSE,FALSE,FALSE,FALSE,FALSE,FALSE,FALSE,FALSE,FALSE,FALSE
Original retrospective results,original_wt_fc,5cb8174_d8dbf98,H-ASN434PHE,"H-HIP433LYS,H-ASN434PHE",H-HIP433LYS,0.02386704086093398,0.009181072484651227,0.015253819488605798,0.0015555092276144896,4.7557279562543094e-4,8.254446343130502e-4,FALSE,FALSE,FALSE,FALSE,FALSE,FALSE,FALSE,FALSE,FALSE,FALSE,FALSE,FALSE,FALSE,FALSE,FALSE,FALSE
Original retrospective results,original_wt_fc,5cb8174_e563734,H-ASN434PHE,"H-HIP433HID,H-ASN434PHE",H-HIP433HID,0.021935096590687972,0.036500210919162515,-0.01298817865279608,0.00376144668489403,0.0032644278879015716,0.002505831852358135,FALSE,FALSE,FALSE,FALSE,FALSE,FALSE,FALSE,FALSE,FALSE,FALSE,FALSE,FALSE,FALSE,FALSE,FALSE,FALSE
Original retrospective results,original_wt_fc,5dac180_a7d9af9,"H-SER254VAL,H-THR256GLH","H-MET252TYR,H-SER254VAL,H-THR256GLH",H-MET252TYR,0.051004958915023664,-0.061015277954420986,0.11668586723892105,0.0061343694463431315,0.009474308612440193,0.029291343130553663,TRUE,FALSE,FALSE,FALSE,TRUE,FALSE,FALSE,FALSE,TRUE,TRUE,FALSE,FALSE,TRUE,TRUE,FALSE,FALSE
Original retrospective results,original_wt_fc,5e66483_c0da54e,"H-THR307ALA,H-GLU380ALA,H-ASN434ALA","H-THR307ALA,H-GLU380GLH,H-ASN434ALA",H-ALA380GLH,-0.01119407898929561,-0.00381345487214665,-0.008839186977344057,0.0016764753930280437,9.310837320574088e-4,0.003039456254272048,FALSE,FALSE,FALSE,FALSE,FALSE,FALSE,FALSE,FALSE,FALSE,FALSE,FALSE,FALSE,FALSE,FALSE,FALSE,FALSE
Original retrospective results,original_wt_fc,6033d87_943b60e,H-ASP312ASH,H-ASP312SER,H-ASH312SER,-0.06161944884396965,0.07308096716012541,-0.13539437364063645,0.009253050239234473,0.013431988038277554,0.042667255980861386,TRUE,FALSE,FALSE,FALSE,TRUE,FALSE,FALSE,FALSE,TRUE,TRUE,FALSE,FALSE,TRUE,TRUE,FALSE,FALSE
Original retrospective results,original_wt_fc,6057bd3_7fbb7fa,"H-HIP433HIE,H-TYR436HIE","H-HIP433HIE,H-ASN434TYR,H-TYR436HIE",H-ASN434TYR,0.05523901542748592,0.0058668536494654935,0.050307547525227175,0.011464585782638386,5.811842105263271e-4,0.013412427887901649,TRUE,FALSE,FALSE,FALSE,FALSE,FALSE,FALSE,FALSE,TRUE,FALSE,FALSE,FALSE,TRUE,FALSE,FALSE,FALSE
Original retrospective results,original_wt_fc,6057bd3_d21774d,"H-HIP433HIE,H-TYR436HIE","H-HIP433HIE,H-ASN434PHE,H-TYR436HIE",H-ASN434PHE,0.017773010888993378,9.533637180423768e-4,0.018113910642717102,0.0017651852358168106,1.516469583048513e-4,0.002103031100478466,FALSE,FALSE,FALSE,FALSE,FALSE,FALSE,FALSE,FALSE,FALSE,FALSE,FALSE,FALSE,FALSE,FALSE,FALSE,FALSE
Original retrospective results,original_wt_fc,61b4c6f_0018e2b,H-ASN434TYR,"H-ASN434TYR,H-TYR436HID",H-TYR436HID,0.030507638977212558,-0.012228061852340884,0.03792679060661443,0.004740619617224882,8.00185919343813e-4,0.006347504101162,FALSE,FALSE,FALSE,FALSE,FALSE,FALSE,FALSE,FALSE,FALSE,FALSE,FALSE,FALSE,FALSE,FALSE,FALSE,FALSE
Original retrospective results,original_wt_fc,61b4c6f_10e093e,H-ASN434TYR,"H-ASN315ASH,H-ASN434TYR",H-ASN315ASH,0.05655849634570735,-0.04516303939357026,0.1027461890580482,0.0072402341079972595,0.007134088174982911,0.02605330963773068,TRUE,FALSE,FALSE,FALSE,FALSE,FALSE,FALSE,FALSE,TRUE,TRUE,FALSE,FALSE,TRUE,TRUE,FALSE,FALSE
Original retrospective results,original_wt_fc,61b4c6f_35f875b,H-ASN434TYR,"H-ASN434TYR,H-TYR436HIP",H-TYR436HIP,-0.001758386212395041,0,-0.008766889339062552,0.0015541804511277676,3.8800410116195924e-4,0.002376932672590449,FALSE,FALSE,FALSE,FALSE,FALSE,FALSE,FALSE,FALSE,FALSE,FALSE,FALSE,FALSE,FALSE,FALSE,FALSE,FALSE
Original retrospective results,original_wt_fc,61b4c6f_36d32ec,H-ASN434TYR,"H-THR256ASN,H-ASN434TYR",H-THR256ASN,-0.027647547823098514,-0.014514962607125243,-0.007492442111941562,0.0020624374572795912,0.0010878468899521605,0.0013952197539303078,FALSE,FALSE,FALSE,FALSE,FALSE,FALSE,FALSE,FALSE,FALSE,FALSE,FALSE,FALSE,FALSE,FALSE,FALSE,FALSE
Original retrospective results,original_wt_fc,61b4c6f_370d3d1,H-ASN434TYR,"H-VAL308PRO,H-ASN434TYR",H-VAL308PRO,0.014801657446222511,-0.033946649878473324,0.04878231291355578,0.0013773752563225926,0.0031439183185235663,0.006621431647299972,FALSE,FALSE,FALSE,FALSE,FALSE,FALSE,FALSE,FALSE,FALSE,FALSE,FALSE,FALSE,FALSE,FALSE,FALSE,FALSE
Original retrospective results,original_wt_fc,61b4c6f_5a17c18,H-ASN434TYR,"H-ASN315ASP,H-ASN434TYR",H-ASN315ASP,0.07555957482979517,-0.0043195171224803715,0.07626909744306501,0.014767805536568876,8.645950102529012e-4,0.016440537935748695,TRUE,FALSE,FALSE,FALSE,FALSE,FALSE,FALSE,FALSE,TRUE,FALSE,FALSE,FALSE,TRUE,FALSE,FALSE,FALSE
Original retrospective results,original_wt_fc,61b4c6f_72d5dde,H-ASN434TYR,"H-THR307PRO,H-ASN434TYR",H-THR307PRO,0.06711680574985816,-0.0012285508669208631,0.06992884117184917,0.01087414832535895,1.3355741626793367e-4,0.011584313397129264,TRUE,FALSE,FALSE,FALSE,FALSE,FALSE,FALSE,FALSE,TRUE,FALSE,FALSE,FALSE,TRUE,FALSE,FALSE,FALSE
Original retrospective results,original_wt_fc,61b4c6f_81a9664,H-ASN434TYR,"H-HIP433HIE,H-ASN434TYR",H-HIP433HIE,0.03499331039556137,-0.010877118255190958,0.0451521127666692,0.0032753130553656975,4.0006322624743684e-4,0.00510532262474371,FALSE,FALSE,FALSE,FALSE,FALSE,FALSE,FALSE,FALSE,FALSE,FALSE,FALSE,FALSE,FALSE,FALSE,FALSE,FALSE
Original retrospective results,original_wt_fc,61b4c6f_9bcf632,H-ASN434TYR,"H-ASN434TYR,H-TYR436HIE",H-TYR436HIE,-0.019529936165098336,0.0059337281883250406,-0.028583577655351883,0.0018634866712235153,0.001510691045796309,0.0021110642515379374,FALSE,FALSE,FALSE,FALSE,FALSE,FALSE,FALSE,FALSE,FALSE,FALSE,FALSE,FALSE,FALSE,FALSE,FALSE,FALSE
Original retrospective results,original_wt_fc,61b4c6f_a72476b,H-ASN434TYR,"H-HIP433ARG,H-ASN434TYR",H-HIP433ARG,-0.008305192231442186,0.01961205362820742,-0.025773694997988747,9.225905673274128e-4,0.0010671168831169044,0.0022638909774436405,FALSE,FALSE,FALSE,FALSE,FALSE,FALSE,FALSE,FALSE,FALSE,FALSE,FALSE,FALSE,FALSE,FALSE,FALSE,FALSE
Original retrospective results,original_wt_fc,61b4c6f_aa694bf,H-ASN434TYR,"H-ALA378VAL,H-ASN434TYR",H-ALA378VAL,0.015253819488623876,0.01273462808821523,-0.0019225568713941285,0.0011691168831168871,0.0036834928229665114,0.00648567429938484,FALSE,FALSE,FALSE,FALSE,FALSE,FALSE,FALSE,FALSE,FALSE,FALSE,FALSE,FALSE,FALSE,FALSE,FALSE,FALSE
Original retrospective results,original_wt_fc,61b4c6f_ae59307,H-ASN434TYR,"H-HIP433HID,H-ASN434TYR",H-HIP433HID,0.0997557476266167,0.031740396633841005,0.06756939160282235,0.022397877648667158,0.0029028038277511916,0.010226193438140836,TRUE,FALSE,FALSE,FALSE,FALSE,FALSE,FALSE,FALSE,TRUE,FALSE,FALSE,FALSE,TRUE,FALSE,FALSE,FALSE
Original retrospective results,original_wt_fc,61b4c6f_c7c1c7b,H-ASN434TYR,"H-MET252TYR,H-ASN434TYR",H-MET252TYR,-0.08366488871022851,-0.050397713032604124,-0.030056868211477187,0.016600664730006834,0.00782831749829118,0.006438278537252217,TRUE,FALSE,FALSE,FALSE,TRUE,FALSE,FALSE,FALSE,FALSE,FALSE,FALSE,FALSE,TRUE,FALSE,FALSE,FALSE
Original retrospective results,original_wt_fc,61b4c6f_fb24866,H-ASN434TYR,"H-VAL259ILE,H-ASN434TYR",H-VAL259ILE,0.007466613196502992,0.012793526022701252,-0.006898886541437406,0.0012449928229665065,0.0024592460697197556,0.00599537525632262,FALSE,FALSE,FALSE,FALSE,FALSE,FALSE,FALSE,FALSE,FALSE,FALSE,FALSE,FALSE,FALSE,FALSE,FALSE,FALSE
Original retrospective results,original_wt_fc,61cf5ad_66803f8,"H-HIP433ARG,H-ASN434TYR,H-TYR436HID","H-HIP433ARG,H-ASN434TYR,H-TYR436HIP",H-HID436HIP,0.024960229522373548,0.0518117733822864,-0.027536451238072933,0.0024286835269993466,0.006169633287764893,0.003327440191387582,FALSE,FALSE,FALSE,FALSE,TRUE,FALSE,FALSE,FALSE,FALSE,FALSE,FALSE,FALSE,TRUE,FALSE,FALSE,FALSE
Original retrospective results,original_wt_fc,61cf5ad_dfd59e2,"H-HIP433ARG,H-ASN434TYR,H-TYR436HID","H-HIP433ARG,H-ASN434TYR,H-TYR436HIE",H-HID436HIE,0,0.03685140510100917,-0.03346306650312779,0.002319222146274778,0.006525669172932333,0.010677436431989066,FALSE,FALSE,FALSE,FALSE,FALSE,FALSE,FALSE,FALSE,FALSE,FALSE,FALSE,FALSE,FALSE,FALSE,FALSE,FALSE
Original retrospective results,original_wt_fc,62490ed_066482d,"H-ASN434PHE,H-TYR436HID","H-HIP433LYS,H-ASN434PHE,H-TYR436HID",H-HIP433LYS,0.005803715129235406,0.023728163648942063,-0.01593429667640546,3.9675222146274696e-4,0.0016410751879699277,0.001735372522214618,FALSE,FALSE,FALSE,FALSE,FALSE,FALSE,FALSE,FALSE,FALSE,FALSE,FALSE,FALSE,FALSE,FALSE,FALSE,FALSE
Original retrospective results,original_wt_fc,62490ed_11aa163,"H-ASN434PHE,H-TYR436HID","H-HIP433HIE,H-ASN434PHE,H-TYR436HID",H-HIP433HIE,-0.002298652495444942,0.00783304244009388,-0.011698077548451908,6.740280246069612e-4,3.9860936431988526e-4,9.864784688995388e-4,FALSE,FALSE,FALSE,FALSE,FALSE,FALSE,FALSE,FALSE,FALSE,FALSE,FALSE,FALSE,FALSE,FALSE,FALSE,FALSE
Original retrospective results,original_wt_fc,62490ed_1a56c51,"H-ASN434PHE,H-TYR436HID","H-HIP433LYN,H-ASN434PHE,H-TYR436HID",H-HIP433LYN,-0.014356535989278671,0.015253819488608574,-0.025423032481011472,6.744565960355443e-4,0.0010445235816814863,0.0025668096377307295,FALSE,FALSE,FALSE,FALSE,FALSE,FALSE,FALSE,FALSE,FALSE,FALSE,FALSE,FALSE,FALSE,FALSE,FALSE,FALSE
Original retrospective results,original_wt_fc,62490ed_476a620,"H-ASN434PHE,H-TYR436HID","H-HIP433HID,H-ASN434PHE,H-TYR436HID",H-HIP433HID,0.008402750563119281,-0.049574913337966306,0.05883616088462229,6.66090225563922e-4,0.0064141695146957825,0.00982617327409431,FALSE,FALSE,FALSE,FALSE,FALSE,FALSE,FALSE,FALSE,TRUE,FALSE,FALSE,FALSE,TRUE,FALSE,FALSE,FALSE
Original retrospective results,original_wt_fc,62490ed_6a7277f,"H-ASN434PHE,H-TYR436HID","H-ASN434PHE,H-TYR436HIE",H-HID436HIE,0.029654236713176553,0.06156005722187096,-0.03285438043699583,0.003170227272727272,0.008373954203691053,0.004249143198906361,FALSE,FALSE,FALSE,FALSE,TRUE,FALSE,FALSE,FALSE,FALSE,FALSE,FALSE,FALSE,TRUE,FALSE,FALSE,FALSE
Original retrospective results,original_wt_fc,630735f_53eaf25,"H-HIP433LYS,H-TYR436HIP","H-HIP433LYS,H-ASN434PHE,H-TYR436HIP",H-ASN434PHE,0.023904521622007083,0.011093686900805014,0.012689971297717966,0.0017312194121668172,4.202173615857889e-4,0.0014093055365686918,FALSE,FALSE,FALSE,FALSE,FALSE,FALSE,FALSE,FALSE,FALSE,FALSE,FALSE,FALSE,FALSE,FALSE,FALSE,FALSE
Original retrospective results,original_wt_fc,631625f_0bdac0c,H-THR307ALA,"H-THR307ALA,H-ASN434ALA",H-ASN434ALA,0.025423032481009612,-0.0032521671420506827,0.029303390070216824,0.0022039412166780735,1.4335748462064143e-4,0.0027999730006835533,FALSE,FALSE,FALSE,FALSE,FALSE,FALSE,FALSE,FALSE,FALSE,FALSE,FALSE,FALSE,FALSE,FALSE,FALSE,FALSE
Original retrospective results,original_wt_fc,631625f_1cdc525,H-THR307ALA,H-THR307PRO,H-ALA307PRO,0.04760679857955996,0.026128451788857254,0.029867587279184732,0.006608088174982889,0.0018969039644565987,0.002001259398496209,FALSE,FALSE,FALSE,FALSE,FALSE,FALSE,FALSE,FALSE,FALSE,FALSE,FALSE,FALSE,FALSE,FALSE,FALSE,FALSE
Original retrospective results,original_wt_fc,631625f_4c12df9,H-THR307ALA,"H-THR307ALA,H-GLU380ALA",H-GLU380ALA,-0.06101527795442051,-0.0061934099508761855,-0.05734849442350692,0.011136726589200278,0.00239303110047848,0.015951195488721818,TRUE,FALSE,FALSE,FALSE,FALSE,FALSE,FALSE,FALSE,TRUE,FALSE,FALSE,FALSE,TRUE,FALSE,FALSE,FALSE
Original retrospective results,original_wt_fc,631625f_7208249,H-THR307ALA,"H-THR307ALA,H-GLU380GLH",H-GLU380GLH,0.10465025929044833,0.06680120948458079,0.04341275014896348,0.03304312542720437,0.010195298359535237,0.011617114490772368,TRUE,TRUE,FALSE,FALSE,TRUE,FALSE,FALSE,FALSE,FALSE,FALSE,FALSE,FALSE,TRUE,TRUE,FALSE,FALSE
Original retrospective results,original_wt_fc,661e3b7_14fa0ea,H-GLU380ALA,H-GLU380GLH,H-ALA380GLH,0.054477926745019334,0.038134548721512285,0.0027734217252014604,0.007087006835269971,0.004283168489405323,0.003856071428571397,TRUE,FALSE,FALSE,FALSE,FALSE,FALSE,FALSE,FALSE,FALSE,FALSE,FALSE,FALSE,TRUE,FALSE,FALSE,FALSE
Original retrospective results,original_wt_fc,661e3b7_254eac2,H-GLU380ALA,"H-GLU380ALA,H-ASN434ALA",H-ASN434ALA,5.866853649460285e-4,-0.03865483403740384,0.038134548721516635,6.612529049897523e-4,0.003751711551606279,0.003907575187969898,FALSE,FALSE,FALSE,FALSE,FALSE,FALSE,FALSE,FALSE,FALSE,FALSE,FALSE,FALSE,FALSE,FALSE,FALSE,FALSE
Original retrospective results,original_wt_fc,661e3b7_4c12df9,H-GLU380ALA,"H-THR307ALA,H-GLU380ALA",H-THR307ALA,6.247370855692132e-4,0.019067274360756517,-0.01906727436075699,3.7641831852358284e-4,7.952641831852339e-4,0.0010860642515379338,FALSE,FALSE,FALSE,FALSE,FALSE,FALSE,FALSE,FALSE,FALSE,FALSE,FALSE,FALSE,FALSE,FALSE,FALSE,FALSE
Original retrospective results,original_wt_fc,661e3b7_d81abff,H-GLU380ALA,"H-THR307GLN,H-GLU380ALA",H-THR307GLN,0.15330734934331608,0.026569086643645767,0.12584401078099192,0.05076087525632251,0.00195832877648671,0.037346764866711873,TRUE,TRUE,FALSE,FALSE,FALSE,FALSE,FALSE,FALSE,TRUE,TRUE,FALSE,FALSE,TRUE,TRUE,FALSE,FALSE
Original retrospective results,original_wt_fc,69b1957_5dac180,H-THR256GLH,"H-SER254VAL,H-THR256GLH",H-SER254VAL,0.010895585349003468,0.004593882845986982,0.010204039064295494,0.0011964521531100448,3.3420334928229567e-4,7.487679425837276e-4,FALSE,FALSE,FALSE,FALSE,FALSE,FALSE,FALSE,FALSE,FALSE,FALSE,FALSE,FALSE,FALSE,FALSE,FALSE,FALSE
Original retrospective results,original_wt_fc,69b1957_a18aec5,H-THR256GLH,"H-SER254CYS,H-THR256GLH",H-SER254CYS,0,0.004546537835629432,-0.008069886825411054,0.0021777221462747766,3.527153110047847e-4,0.003265102529049894,FALSE,FALSE,FALSE,FALSE,FALSE,FALSE,FALSE,FALSE,FALSE,FALSE,FALSE,FALSE,FALSE,FALSE,FALSE,FALSE
Original retrospective results,original_wt_fc,69b1957_adc5c77,H-THR256GLH,"H-SER254THR,H-THR256GLH",H-SER254THR,-0.01416426095370472,-0.011440364616454193,0.002842436270446131,0.0012399039644565941,0.0014078550922761476,0.0037341308954203737,FALSE,FALSE,FALSE,FALSE,FALSE,FALSE,FALSE,FALSE,FALSE,FALSE,FALSE,FALSE,FALSE,FALSE,FALSE,FALSE
Original retrospective results,original_wt_fc,69b1957_c04c484,H-THR256GLH,H-THR256GLN,H-GLH256GLN,0.044066589633748,-0.018304583386326925,0.05883616088462115,0.005464380041011615,0.0016395686944634335,0.010838410799726571,FALSE,FALSE,FALSE,FALSE,FALSE,FALSE,FALSE,FALSE,TRUE,FALSE,FALSE,FALSE,TRUE,FALSE,FALSE,FALSE
Original retrospective results,original_wt_fc,69b1957_eb49b9b,H-THR256GLH,"H-THR256GLH,H-THR307GLN",H-THR307GLN,-0.04442030139000594,-0.023609533146393136,-0.02345630438885052,0.008081168489405292,0.0015201671223513875,0.005596614490772306,FALSE,FALSE,FALSE,FALSE,FALSE,FALSE,FALSE,FALSE,FALSE,FALSE,FALSE,FALSE,FALSE,FALSE,FALSE,FALSE
Original retrospective results,original_wt_fc,69b1957_f3453b5,H-THR256GLH,"H-SER254CYM,H-THR256GLH",H-SER254CYM,-0.06931203955608099,-0.05814619280295687,-0.005377382098090038,0.015379971291866168,0.008645317498291106,0.003782673957621512,TRUE,FALSE,FALSE,FALSE,TRUE,FALSE,FALSE,FALSE,FALSE,FALSE,FALSE,FALSE,TRUE,FALSE,FALSE,FALSE
Original retrospective results,original_wt_fc,69b1957_f5efd58,H-THR256GLH,"H-MET252TYR,H-THR256GLH",H-MET252TYR,-0.005084606496201196,0.04506810303451547,-0.05968634671109525,0.0021892904989747096,0.005143427887901572,0.009341130895420368,FALSE,FALSE,FALSE,FALSE,FALSE,FALSE,FALSE,FALSE,TRUE,FALSE,FALSE,FALSE,TRUE,FALSE,FALSE,FALSE
Original retrospective results,original_wt_fc,6a09f7e_17deebb,"H-MET252TYR,H-SER254CYM,H-THR256GLU","H-MET252TYR,H-SER254VAL,H-THR256GLU",H-CYM254VAL,0.030507638977206902,0.06579571602629619,-0.04794057553561639,0.002784332194121668,0.009934309637730692,0.006006308270676704,FALSE,FALSE,FALSE,FALSE,TRUE,FALSE,FALSE,FALSE,FALSE,FALSE,FALSE,FALSE,TRUE,FALSE,FALSE,FALSE
Original retrospective results,original_wt_fc,6a7277f_05b8660,"H-ASN434PHE,H-TYR436HIE","H-HIP433LYS,H-ASN434PHE,H-TYR436HIE",H-HIP433LYS,-0.03304994222531368,0.021206529532939077,-0.05608021870810813,0.0030454617224880457,0.0011831459330143592,0.006754184210526359,FALSE,FALSE,FALSE,FALSE,FALSE,FALSE,FALSE,FALSE,TRUE,FALSE,FALSE,FALSE,TRUE,FALSE,FALSE,FALSE
Original retrospective results,original_wt_fc,6a7277f_8da9ef1,"H-ASN434PHE,H-TYR436HIE","H-HIP433LYN,H-ASN434PHE,H-TYR436HIE",H-HIP433LYN,0.006155049969085272,-0.020737372032970977,0.02711790131306689,5.687785372522238e-4,0.001216278537252177,0.0024722081339712365,FALSE,FALSE,FALSE,FALSE,FALSE,FALSE,FALSE,FALSE,FALSE,FALSE,FALSE,FALSE,FALSE,FALSE,FALSE,FALSE
Original retrospective results,original_wt_fc,6a7277f_be9b15f,"H-ASN434PHE,H-TYR436HIE","H-HIP433HID,H-ASN434PHE,H-TYR436HIE",H-HIP433HID,0.037880035604349827,-0.019156733476687525,0.05844592892707979,0.0034786356801093893,0.0012699354066985603,0.00742432467532469,FALSE,FALSE,FALSE,FALSE,FALSE,FALSE,FALSE,FALSE,TRUE,FALSE,FALSE,FALSE,TRUE,FALSE,FALSE,FALSE
Original retrospective results,original_wt_fc,6a7277f_d21774d,"H-ASN434PHE,H-TYR436HIE","H-HIP433HIE,H-ASN434PHE,H-TYR436HIE",H-HIP433HIE,0.05665704381481099,-0.03241436641328906,0.0889442950657002,0.008330911141490089,0.003146355092276167,0.021150410799726658,TRUE,FALSE,FALSE,FALSE,FALSE,FALSE,FALSE,FALSE,TRUE,FALSE,FALSE,FALSE,TRUE,FALSE,FALSE,FALSE
Original retrospective results,original_wt_fc,6c4fca2_fbdd91a,"H-VAL259ILE,H-MET428LEU","H-VAL259ILE,H-VAL308PHE,H-MET428LEU",H-VAL308PHE,-0.09181636813895916,-0.1061678654742626,0.01730721826591735,0.019233095010252905,0.0325908024606972,0.012858967532467526,TRUE,FALSE,FALSE,FALSE,TRUE,TRUE,FALSE,FALSE,FALSE,FALSE,FALSE,FALSE,TRUE,TRUE,FALSE,FALSE
Original retrospective results,original_wt_fc,6c8f083_1492934,"H-GLY385ASH,H-GLN386PRO","H-GLY385ASP,H-GLN386PRO",H-ASH385ASP,-0.018114609077676206,0.02258695196868444,-0.044326915890089524,0.0030246804511276783,0.001893480519480481,0.006929894053314995,FALSE,FALSE,FALSE,FALSE,FALSE,FALSE,FALSE,FALSE,FALSE,FALSE,FALSE,FALSE,FALSE,FALSE,FALSE,FALSE
Original retrospective results,original_wt_fc,6c8f083_d5de769,"H-GLY385ASH,H-GLN386PRO","H-GLY385ASH,H-GLN386PRO,H-ASN389SER",H-ASN389SER,-0.0094273859048116,0.015612782571808127,-0.027456875079490385,5.477194121667663e-4,7.647235133287722e-4,0.001775704374572764,FALSE,FALSE,FALSE,FALSE,FALSE,FALSE,FALSE,FALSE,FALSE,FALSE,FALSE,FALSE,FALSE,FALSE,FALSE,FALSE
Original retrospective results,original_wt_fc,6d05828_7a582e6,H-HIP435HIE,H-HIP435LYN,H-HIE435LYN,0.04355576679760219,0.0038855094561885224,0.037485215857279555,0.005636384483937124,4.797887901572129e-4,0.005787726930963794,FALSE,FALSE,FALSE,FALSE,FALSE,FALSE,FALSE,FALSE,FALSE,FALSE,FALSE,FALSE,FALSE,FALSE,FALSE,FALSE
Original retrospective results,original_wt_fc,6f7d1a8_3dec1e5,"H-HIP433HIE,H-TYR436HIP","H-HIP433LYN,H-TYR436HIP",H-HIE433LYN,0.010874632300255371,0.0034321093849359594,0.007771018912377065,7.21542720437456e-4,2.8862132604238203e-4,9.997474367737502e-4,FALSE,FALSE,FALSE,FALSE,FALSE,FALSE,FALSE,FALSE,FALSE,FALSE,FALSE,FALSE,FALSE,FALSE,FALSE,FALSE
Original retrospective results,original_wt_fc,6f7d1a8_785a9e7,"H-HIP433HIE,H-TYR436HIP","H-HIP433HIE,H-ASN434PHE,H-TYR436HIP",H-ASN434PHE,0.057010672462110064,-0.002179117069800825,0.0592789560903681,0.008283542378673917,1.3839576213260456e-4,0.00928264695830481,TRUE,FALSE,FALSE,FALSE,FALSE,FALSE,FALSE,FALSE,TRUE,FALSE,FALSE,FALSE,TRUE,FALSE,FALSE,FALSE
Original retrospective results,original_wt_fc,6f7d1a8_9fb0466,"H-HIP433HIE,H-TYR436HIP","H-HIP433HIE,H-ASN434TYR,H-TYR436HIP",H-ASN434TYR,-0.020753668848662962,-0.007626909744302883,-0.013633817982767565,0.0027119036226930992,4.068462064251599e-4,0.0022976459330143555,FALSE,FALSE,FALSE,FALSE,FALSE,FALSE,FALSE,FALSE,FALSE,FALSE,FALSE,FALSE,FALSE,FALSE,FALSE,FALSE
Original retrospective results,original_wt_fc,6f8d936_7c823fe,H-THR250GLN,H-THR250ILE,H-GLN250ILE,-0.04704338256125707,-0.01965167393856678,-0.026653615436202534,0.006921866028708152,0.004591635680109344,0.01361299931647301,FALSE,FALSE,FALSE,FALSE,FALSE,FALSE,FALSE,FALSE,FALSE,FALSE,FALSE,FALSE,FALSE,FALSE,FALSE,FALSE
Original retrospective results,original_wt_fc,6f8d936_8fead3d,H-THR250GLN,"H-THR250GLN,H-MET428LEU",H-MET428LEU,0.028427572683309525,-0.03450434911781705,0.061015277954426114,0.0023298287764866674,0.003218279562542723,0.010402877306903615,FALSE,FALSE,FALSE,FALSE,FALSE,FALSE,FALSE,FALSE,TRUE,FALSE,FALSE,FALSE,TRUE,FALSE,FALSE,FALSE
Original retrospective results,original_wt_fc,7208249_c0da54e,"H-THR307ALA,H-GLU380GLH","H-THR307ALA,H-GLU380GLH,H-ASN434ALA",H-ASN434ALA,-0.03439633028977995,0.026535013814743436,-0.062387792962284944,0.003332963773069056,0.001926746069719745,0.009392678058783376,FALSE,FALSE,FALSE,FALSE,FALSE,FALSE,FALSE,FALSE,TRUE,FALSE,FALSE,FALSE,TRUE,FALSE,FALSE,FALSE
Original retrospective results,original_wt_fc,7531e7f_d12fc83,H-MET428GLH,H-MET428LEU,H-GLH428LEU,0.03890494364517874,0.027849776490562188,0.035897504107145095,0.010190941216678111,0.004989973000683478,0.008681804853041595,FALSE,FALSE,FALSE,FALSE,FALSE,FALSE,FALSE,FALSE,FALSE,FALSE,FALSE,FALSE,FALSE,FALSE,FALSE,FALSE
Original retrospective results,original_wt_fc,775363f_f54a90c,"H-HIP433HID,H-ASN434TYR,H-TYR436HID","H-HIP433HID,H-ASN434TYR,H-TYR436HIE",H-HID436HIE,-0.0011919956621131494,0.07440050455567174,-0.07197896071185578,9.768885850991106e-4,0.01555546343130554,0.017442431647300066,FALSE,FALSE,FALSE,FALSE,TRUE,FALSE,FALSE,FALSE,TRUE,FALSE,FALSE,FALSE,TRUE,FALSE,FALSE,FALSE
Original retrospective results,original_wt_fc,77bd93b_3dff29f,H-GLY385ASH,"H-GLY385ASH,H-ASN389SER",H-ASN389SER,0.01089558534900361,-0.0423717208016814,0.05536378520600474,5.340656185919371e-4,0.004334853725222117,0.00674923615857826,FALSE,FALSE,FALSE,FALSE,FALSE,FALSE,FALSE,FALSE,TRUE,FALSE,FALSE,FALSE,TRUE,FALSE,FALSE,FALSE
Original retrospective results,original_wt_fc,77bd93b_6c8f083,H-GLY385ASH,"H-GLY385ASH,H-GLN386PRO",H-GLN386PRO,-0.06864218769872599,-0.1667212413317372,0.10290550192880926,0.01055328332194135,0.0630447819548869,0.025814482570061196,TRUE,FALSE,FALSE,FALSE,TRUE,TRUE,FALSE,FALSE,TRUE,TRUE,FALSE,FALSE,TRUE,TRUE,FALSE,FALSE
Original retrospective results,original_wt_fc,77bd93b_d360136,H-GLY385ASH,H-GLY385ASP,H-ASH385ASP,0.03545418196253364,-0.0042441182639036505,0.03512541418290714,0.0034891220095694822,0.0012583055365686757,0.005040109364319925,FALSE,FALSE,FALSE,FALSE,FALSE,FALSE,FALSE,FALSE,FALSE,FALSE,FALSE,FALSE,FALSE,FALSE,FALSE,FALSE
Original retrospective results,original_wt_fc,785a9e7_80f820d,"H-HIP433HIE,H-ASN434PHE,H-TYR436HIP","H-HIP433LYN,H-ASN434PHE,H-TYR436HIP",H-HIE433LYN,0.025007789617152148,0.010169212992405372,0.015253819488605078,0.0018016934381408056,4.564853041695177e-4,0.001348267942583726,FALSE,FALSE,FALSE,FALSE,FALSE,FALSE,FALSE,FALSE,FALSE,FALSE,FALSE,FALSE,FALSE,FALSE,FALSE,FALSE
Original retrospective results,original_wt_fc,78824f9_06006f2,"H-SER254THR,H-THR256GLU","H-MET252TYR,H-SER254THR,H-THR256GLU",H-MET252TYR,-0.07626909744302429,-0.036939220176791854,-0.04067685196961443,0.02306993403964457,0.00403068591934381,0.010668733082706772,TRUE,FALSE,FALSE,FALSE,FALSE,FALSE,FALSE,FALSE,FALSE,FALSE,FALSE,FALSE,TRUE,FALSE,FALSE,FALSE
Original retrospective results,original_wt_fc,79fa594_6c4fca2,H-VAL259ILE,"H-VAL259ILE,H-MET428LEU",H-MET428LEU,0.03249112677705705,-0.0032686756047012374,0.034865873116811906,0.0025583526999316433,6.624483937115552e-4,0.003724604579630898,FALSE,FALSE,FALSE,FALSE,FALSE,FALSE,FALSE,FALSE,FALSE,FALSE,FALSE,FALSE,FALSE,FALSE,FALSE,FALSE
Original retrospective results,original_wt_fc,79fa594_9fae857,H-VAL259ILE,"H-VAL259ILE,H-ASN315ASH",H-ASN315ASH,-0.010392955347894013,0.11257318782590628,-0.1220305559088416,6.192474367737516e-4,0.028353395762132593,0.0332270933014354,FALSE,FALSE,FALSE,FALSE,TRUE,TRUE,FALSE,FALSE,TRUE,TRUE,FALSE,FALSE,TRUE,TRUE,FALSE,FALSE
Original retrospective results,original_wt_fc,79fa594_cb628df,H-VAL259ILE,"H-VAL259ILE,H-VAL308PHE",H-VAL308PHE,-0.026668761072577915,-0.14898357179255348,0.1309660040896667,0.00257059056732741,0.05984233219412167,0.04017041387559808,FALSE,FALSE,FALSE,FALSE,TRUE,TRUE,FALSE,FALSE,TRUE,TRUE,FALSE,FALSE,TRUE,TRUE,FALSE,FALSE
Original retrospective results,original_wt_fc,79fa594_ef9c560,H-VAL259ILE,"H-VAL259ILE,H-ASN315ASP",H-ASN315ASP,0.007626909744311912,0.03879302105347496,-0.029490717677966346,8.844565960356463e-4,0.003716535543404085,0.002853014354067094,FALSE,FALSE,FALSE,FALSE,FALSE,FALSE,FALSE,FALSE,FALSE,FALSE,FALSE,FALSE,FALSE,FALSE,FALSE,FALSE
Original retrospective results,original_wt_fc,79fa594_fb24866,H-VAL259ILE,"H-VAL259ILE,H-ASN434TYR",H-ASN434TYR,-0.021355347284047525,-0.020800662939007886,-5.657323161984771e-4,0.0027579542036910215,0.0011844446343130285,0.003051444976076486,FALSE,FALSE,FALSE,FALSE,FALSE,FALSE,FALSE,FALSE,FALSE,FALSE,FALSE,FALSE,FALSE,FALSE,FALSE,FALSE
Original retrospective results,original_wt_fc,7a582e6_855cd03,H-HIP435LYN,H-HIP435LYS,H-LYN435LYS,0.01884433392207848,-0.004997771224522764,0.025469256176430255,0.0037341220095692853,5.861958304852848e-4,0.004307655160628752,FALSE,FALSE,FALSE,FALSE,FALSE,FALSE,FALSE,FALSE,FALSE,FALSE,FALSE,FALSE,FALSE,FALSE,FALSE,FALSE
Original retrospective results,original_wt_fc,7c2de05_53eaf25,"H-HIP433HID,H-ASN434PHE,H-TYR436HIP","H-HIP433LYS,H-ASN434PHE,H-TYR436HIP",H-HID433LYS,-0.06475811329189457,-0.019170642734581,-0.03787029497888046,0.008655566985646016,0.0018533198906356975,0.0041951332877649015,TRUE,FALSE,FALSE,FALSE,FALSE,FALSE,FALSE,FALSE,FALSE,FALSE,FALSE,FALSE,TRUE,FALSE,FALSE,FALSE
Original retrospective results,original_wt_fc,7cbe88e_26f9bd5,H-HIP435HID,H-HIP435TYR,H-HID435TYR,-0.0020468018654125307,0.003889723969595019,-4.8424823773349874e-4,0.004050200273410802,9.044278879015721e-4,0.005574788790157214,FALSE,FALSE,FALSE,FALSE,FALSE,FALSE,FALSE,FALSE,FALSE,FALSE,FALSE,FALSE,FALSE,FALSE,FALSE,FALSE
Original retrospective results,original_wt_fc,7cf696e_0a13055,"H-LEU309ASH,H-GLN311HID","H-LEU309ASH,H-GLN311HID,H-ASN434SER",H-ASN434SER,0.07132979404929801,0.010169212992410463,0.07062225080541631,0.015194008885851018,6.407481203007526e-4,0.0147368058783322,TRUE,FALSE,FALSE,FALSE,FALSE,FALSE,FALSE,FALSE,TRUE,FALSE,FALSE,FALSE,TRUE,FALSE,FALSE,FALSE
Original retrospective results,original_wt_fc,7cf696e_7f7c156,"H-LEU309ASH,H-GLN311HID","H-LEU309ASH,H-GLN311HIE",H-HID311HIE,-0.012203055590884172,6.296257405934915e-4,-0.012656528549450145,0.0012317795625427193,4.5909056732740993e-4,0.0013713875598086122,FALSE,FALSE,FALSE,FALSE,FALSE,FALSE,FALSE,FALSE,FALSE,FALSE,FALSE,FALSE,FALSE,FALSE,FALSE,FALSE
Original retrospective results,original_wt_fc,7d575ff_00a57d8,H-MET252HID,H-MET252HIE,H-HID252HIE,0.0512432998445331,-0.045450156027272606,0.1003799734088858,0.007813697197539304,0.005100094326725906,0.023071504784688997,TRUE,FALSE,FALSE,FALSE,FALSE,FALSE,FALSE,FALSE,TRUE,TRUE,FALSE,FALSE,TRUE,TRUE,FALSE,FALSE
Original retrospective results,original_wt_fc,7f7c156_ec36b63,"H-LEU309ASH,H-GLN311HIE","H-LEU309ASH,H-GLN311HIE,H-ASN434SER",H-ASN434SER,0.016930265833366,-0.031154218788369815,0.0479405755356188,0.0024795686944634066,0.0038667867395762124,0.005570075187969856,FALSE,FALSE,FALSE,FALSE,FALSE,FALSE,FALSE,FALSE,FALSE,FALSE,FALSE,FALSE,FALSE,FALSE,FALSE,FALSE
Original retrospective results,original_wt_fc,8040f22_6057bd3,H-HIP433HIE,"H-HIP433HIE,H-TYR436HIE",H-TYR436HIE,-0.003520112189678255,-9.894658504180124e-4,0.006779475328268523,0.0020059579630895457,0.00357088004101162,0.005036903964456603,FALSE,FALSE,FALSE,FALSE,FALSE,FALSE,FALSE,FALSE,FALSE,FALSE,FALSE,FALSE,FALSE,FALSE,FALSE,FALSE
Original retrospective results,original_wt_fc,8040f22_6f7d1a8,H-HIP433HIE,"H-HIP433HIE,H-TYR436HIP",H-TYR436HIP,0.17636859739680072,0.0235253846993891,0.15253819488605794,0.06684759774436143,0.0025635112781954377,0.053299774436090595,TRUE,TRUE,FALSE,FALSE,FALSE,FALSE,FALSE,FALSE,TRUE,TRUE,FALSE,FALSE,TRUE,TRUE,FALSE,FALSE
Original retrospective results,original_wt_fc,8040f22_81a9664,H-HIP433HIE,"H-HIP433HIE,H-ASN434TYR",H-ASN434TYR,0.008183885562516903,0.017796122736704986,-0.007015779155815991,8.368725222146259e-4,0.0012855656185919528,0.0012641814764183011,FALSE,FALSE,FALSE,FALSE,FALSE,FALSE,FALSE,FALSE,FALSE,FALSE,FALSE,FALSE,FALSE,FALSE,FALSE,FALSE
Original retrospective results,original_wt_fc,8040f22_d80cabb,H-HIP433HIE,"H-HIP433HIE,H-ASN434PHE",H-ASN434PHE,NA,NA,NA,NA,NA,NA,NA,NA,NA,NA,NA,NA,NA,NA,NA,NA,NA,NA,NA,NA,NA,NA
Original retrospective results,original_wt_fc,8040f22_d8db775,H-HIP433HIE,"H-HIP433HIE,H-TYR436HID",H-TYR436HID,-0.09290962779423165,0.0838960071873297,-0.17287662087085923,0.018649644565960355,0.015920931647300064,0.06603846411483251,TRUE,FALSE,FALSE,FALSE,TRUE,FALSE,FALSE,FALSE,TRUE,TRUE,FALSE,FALSE,TRUE,TRUE,FALSE,FALSE
Original retrospective results,original_wt_fc,8046355_b72c4e8,H-ASN434HIP,H-ASN434TRP,H-HIP434TRP,-0.020296748882379805,7.445316655143785e-4,-0.021384681552295778,0.0023701308954204143,7.083414217361679e-4,0.0032755789473685334,FALSE,FALSE,FALSE,FALSE,FALSE,FALSE,FALSE,FALSE,FALSE,FALSE,FALSE,FALSE,FALSE,FALSE,FALSE,FALSE
Original retrospective results,original_wt_fc,80caf92_0a3b167,H-GLN311HIP,"H-GLN311HIP,H-ASN434SER",H-ASN434SER,-0.013167674684203892,-0.005532091207181688,-0.008806939388134361,0.004186164730006883,3.9697539302802325e-4,0.0026895543403964582,FALSE,FALSE,FALSE,FALSE,FALSE,FALSE,FALSE,FALSE,FALSE,FALSE,FALSE,FALSE,FALSE,FALSE,FALSE,FALSE
Original retrospective results,original_wt_fc,80caf92_3508ed0,H-GLN311HIP,"H-LEU309ASH,H-GLN311HIP",H-LEU309ASH,0.017796122736705982,0.031163793099522805,-0.015991907528374105,8.692911825017121e-4,0.0023751739576213186,9.591291866028547e-4,FALSE,FALSE,FALSE,FALSE,FALSE,FALSE,FALSE,FALSE,FALSE,FALSE,FALSE,FALSE,FALSE,FALSE,FALSE,FALSE
Original retrospective results,original_wt_fc,80caf92_edc993d,H-GLN311HIP,"H-LEU309ASP,H-GLN311HIP",H-LEU309ASP,0.0542856517094457,-0.04295080098596668,0.09530703753549247,0.0065083701298703465,0.004139822624743601,0.019843425153793812,TRUE,FALSE,FALSE,FALSE,FALSE,FALSE,FALSE,FALSE,TRUE,FALSE,FALSE,FALSE,TRUE,FALSE,FALSE,FALSE
Original retrospective results,original_wt_fc,819f2a6_35f875b,"H-ASN434PHE,H-TYR436HIP","H-ASN434TYR,H-TYR436HIP",H-PHE434TYR,-0.07965883510716155,-0.02314842249363787,-0.05821617639843136,0.01710155673274097,0.001354824675324674,0.01033526999316475,TRUE,FALSE,FALSE,FALSE,FALSE,FALSE,FALSE,FALSE,TRUE,FALSE,FALSE,FALSE,TRUE,FALSE,FALSE,FALSE
Original retrospective results,original_wt_fc,819f2a6_53eaf25,"H-ASN434PHE,H-TYR436HIP","H-HIP433LYS,H-ASN434PHE,H-TYR436HIP",H-HIP433LYS,0.01016921299240595,0.005577088316777003,0.006245882122942232,8.427259056732757e-4,2.006780587833255e-4,5.409203691045798e-4,FALSE,FALSE,FALSE,FALSE,FALSE,FALSE,FALSE,FALSE,FALSE,FALSE,FALSE,FALSE,FALSE,FALSE,FALSE,FALSE
Original retrospective results,original_wt_fc,819f2a6_785a9e7,"H-ASN434PHE,H-TYR436HIP","H-HIP433HIE,H-ASN434PHE,H-TYR436HIP",H-HIP433HIE,0.018113910642719916,0.016343378023501012,0.0045599183790410456,0.0024224709501025426,8.674904306220061e-4,0.0015009637730690614,FALSE,FALSE,FALSE,FALSE,FALSE,FALSE,FALSE,FALSE,FALSE,FALSE,FALSE,FALSE,FALSE,FALSE,FALSE,FALSE
Original retrospective results,original_wt_fc,819f2a6_7c2de05,"H-ASN434PHE,H-TYR436HIP","H-HIP433HID,H-ASN434PHE,H-TYR436HIP",H-HIP433HID,0.033338989623027664,0.04576145846581732,-0.016821066248165713,0.0025652624743677526,0.0050682720437456984,9.973010936432007e-4,FALSE,FALSE,FALSE,FALSE,FALSE,FALSE,FALSE,FALSE,FALSE,FALSE,FALSE,FALSE,FALSE,FALSE,FALSE,FALSE
Original retrospective results,original_wt_fc,819f2a6_80f820d,"H-ASN434PHE,H-TYR436HIP","H-HIP433LYN,H-ASN434PHE,H-TYR436HIP",H-HIP433LYN,-0.012505160457380374,-0.053540967444696844,0.029554275259168015,0.0020364371155160857,0.005778045112781886,0.0026678318523581145,FALSE,FALSE,FALSE,FALSE,TRUE,FALSE,FALSE,FALSE,FALSE,FALSE,FALSE,FALSE,TRUE,FALSE,FALSE,FALSE
Original retrospective results,original_wt_fc,81a9664_2403192,"H-HIP433HIE,H-ASN434TYR","H-HIP433HIE,H-ASN434TYR,H-TYR436HID",H-TYR436HID,-0.05463409680168759,-0.10947855673488473,0.059423454686553676,0.008011625427204372,0.023485737867395762,0.011516227272727277,TRUE,FALSE,FALSE,FALSE,TRUE,TRUE,FALSE,FALSE,TRUE,FALSE,FALSE,FALSE,TRUE,TRUE,FALSE,FALSE
Original retrospective results,original_wt_fc,81a9664_7fbb7fa,"H-HIP433HIE,H-ASN434TYR","H-HIP433HIE,H-ASN434TYR,H-TYR436HIE",H-TYR436HIE,-0.05033760431239679,0.028524151177363476,-0.073726794194926,0.01406206185919343,0.002756554340396447,0.020440762474367737,TRUE,FALSE,FALSE,FALSE,FALSE,FALSE,FALSE,FALSE,TRUE,FALSE,FALSE,FALSE,TRUE,FALSE,FALSE,FALSE
Original retrospective results,original_wt_fc,81a9664_9fb0466,"H-HIP433HIE,H-ASN434TYR","H-HIP433HIE,H-ASN434TYR,H-TYR436HIP",H-TYR436HIP,0.020338425984784136,0.053388368210102094,-0.03559224547341347,0.0031048263841422473,0.006212628844839398,0.005231008885851091,FALSE,FALSE,FALSE,FALSE,TRUE,FALSE,FALSE,FALSE,FALSE,FALSE,FALSE,FALSE,TRUE,FALSE,FALSE,FALSE
Original retrospective results,original_wt_fc,89704b4_1d5a29a,"H-MET252TYR,H-THR256ASP","H-MET252TYR,H-THR256ASP,H-THR307GLN",H-THR307GLN,-0.0733173895084678,-0.014624729144050193,-0.05974094048670099,0.016606168489405496,8.564077238551078e-4,0.014830449077238619,TRUE,FALSE,FALSE,FALSE,FALSE,FALSE,FALSE,FALSE,TRUE,FALSE,FALSE,FALSE,TRUE,FALSE,FALSE,FALSE
Original retrospective results,original_wt_fc,89704b4_292d06b,"H-MET252TYR,H-THR256ASP","H-MET252TYR,H-THR256GLU",H-ASP256GLU,-0.04174729544249842,-0.024118429498430596,-0.016640530351205607,0.00429148051948052,0.0020400498974709504,0.0032048133971291862,FALSE,FALSE,FALSE,FALSE,FALSE,FALSE,FALSE,FALSE,FALSE,FALSE,FALSE,FALSE,FALSE,FALSE,FALSE,FALSE
Original retrospective results,original_wt_fc,89dc5d1_42bcebe,"H-MET252TYR,H-THR256ASH","H-MET252TYR,H-THR256GLN",H-ASH256GLN,0,-0.010999847336140737,0.013060770358849826,4.759183185235831e-4,6.510830485304164e-4,0.0015006739576213304,FALSE,FALSE,FALSE,FALSE,FALSE,FALSE,FALSE,FALSE,FALSE,FALSE,FALSE,FALSE,FALSE,FALSE,FALSE,FALSE
Original retrospective results,original_wt_fc,89dc5d1_9b7d7c5,"H-MET252TYR,H-THR256ASH","H-MET252TYR,H-THR256ASH,H-THR307GLN",H-THR307GLN,0.00305076389772838,-0.022455700206910886,0.022880729232908684,0.005654984278879029,0.0022684412166780726,0.008671004101162113,FALSE,FALSE,FALSE,FALSE,FALSE,FALSE,FALSE,FALSE,FALSE,FALSE,FALSE,FALSE,FALSE,FALSE,FALSE,FALSE
Original retrospective results,original_wt_fc,89dc5d1_f5efd58,"H-MET252TYR,H-THR256ASH","H-MET252TYR,H-THR256GLH",H-ASH256GLH,-0.0038134548721513004,0.02033842598480693,-0.019001525138822827,0.0036261120984278873,0.0019359928229665075,0.009889753246753246,FALSE,FALSE,FALSE,FALSE,FALSE,FALSE,FALSE,FALSE,FALSE,FALSE,FALSE,FALSE,FALSE,FALSE,FALSE,FALSE
Original retrospective results,original_wt_fc,8f11668_5d388e9,"H-MET252TYR,H-VAL308PRO","H-MET252TYR,H-VAL308PRO,H-ASN434TYR",H-ASN434TYR,-0.07199802798621616,0.042057316386886784,-0.11198194813791026,0.0113918130553657,0.004043913875598024,0.02824108817498278,TRUE,FALSE,FALSE,FALSE,FALSE,FALSE,FALSE,FALSE,TRUE,TRUE,FALSE,FALSE,TRUE,TRUE,FALSE,FALSE
Original retrospective results,original_wt_fc,918616c_33bfc93,"H-GLU380GLH,H-ASN434ALA","H-THR307GLN,H-GLU380GLH,H-ASN434ALA",H-THR307GLN,-0.00733651734742822,0.02695432676300369,-0.02206645809379252,0.003212127819548864,0.004113312030075165,0.006384616541353345,FALSE,FALSE,FALSE,FALSE,FALSE,FALSE,FALSE,FALSE,FALSE,FALSE,FALSE,FALSE,FALSE,FALSE,FALSE,FALSE
Original retrospective results,original_wt_fc,918616c_c0da54e,"H-GLU380GLH,H-ASN434ALA","H-THR307ALA,H-GLU380GLH,H-ASN434ALA",H-THR307ALA,0.06241811336193518,-0.01417693023899448,0.0726931104566858,0.009030785714285712,7.246780587833217e-4,0.01327744497607655,TRUE,FALSE,FALSE,FALSE,FALSE,FALSE,FALSE,FALSE,TRUE,FALSE,FALSE,FALSE,TRUE,FALSE,FALSE,FALSE
Original retrospective results,original_wt_fc,939df5b_78824f9,"H-SER254CYS,H-THR256GLU","H-SER254THR,H-THR256GLU",H-CYS254THR,-0.009746664659443243,-0.02033842598480684,0.006837919081099061,0.0018061995898837953,0.0011780680109364308,0.00151373684210526,FALSE,FALSE,FALSE,FALSE,FALSE,FALSE,FALSE,FALSE,FALSE,FALSE,FALSE,FALSE,FALSE,FALSE,FALSE,FALSE
Original retrospective results,original_wt_fc,939df5b_d52c98f,"H-SER254CYS,H-THR256GLU","H-MET252TYR,H-SER254CYS,H-THR256GLU",H-MET252TYR,0.06126137132113778,-0.06864218769872342,0.13694101834957106,0.008239779904306216,0.011369941216678059,0.03632965892002734,TRUE,FALSE,FALSE,FALSE,TRUE,FALSE,FALSE,FALSE,TRUE,TRUE,FALSE,FALSE,TRUE,TRUE,FALSE,FALSE
Original retrospective results,original_wt_fc,93e766b_0712e2b,"H-LEU309ASP,H-ASN434SER","H-LEU309ASP,H-GLN311HID,H-ASN434SER",H-GLN311HID,-0.012440567821772476,-0.005844592892707973,-0.006261469400885882,0.0022335379357484547,5.321158578263878e-4,0.0017109562542720364,FALSE,FALSE,FALSE,FALSE,FALSE,FALSE,FALSE,FALSE,FALSE,FALSE,FALSE,FALSE,FALSE,FALSE,FALSE,FALSE
Original retrospective results,original_wt_fc,93e766b_78f62b3,"H-LEU309ASP,H-ASN434SER","H-LEU309ASP,H-GLN311HIE,H-ASN434SER",H-GLN311HIE,-0.08875571762696763,0.01293641229706852,-0.11845985924370137,0.020625843130553705,0.00400069104579632,0.03260940362269314,TRUE,FALSE,FALSE,FALSE,FALSE,FALSE,FALSE,FALSE,TRUE,TRUE,FALSE,FALSE,TRUE,TRUE,FALSE,FALSE
Original retrospective results,original_wt_fc,93e766b_ce10634,"H-LEU309ASP,H-ASN434SER","H-LEU309ASP,H-GLN311HIP,H-ASN434SER",H-GLN311HIP,-0.10187886244023632,-0.03526664311069701,-0.0747730497624117,0.024753522556391,0.0027469316473000805,0.012976315105946597,TRUE,TRUE,FALSE,FALSE,FALSE,FALSE,FALSE,FALSE,TRUE,FALSE,FALSE,FALSE,TRUE,TRUE,FALSE,FALSE
Original retrospective results,original_wt_fc,9403b76_6a09f7e,"H-SER254CYM,H-THR256GLU","H-MET252TYR,H-SER254CYM,H-THR256GLU",H-MET252TYR,0.02542303248100865,-0.06761839530962332,0.10338699875610179,0.0038353694463431278,0.00988080827067669,0.02187417395762131,FALSE,FALSE,FALSE,FALSE,TRUE,FALSE,FALSE,FALSE,TRUE,TRUE,FALSE,FALSE,TRUE,TRUE,FALSE,FALSE
Original retrospective results,original_wt_fc,9403b76_9ffed0a,"H-SER254CYM,H-THR256GLU","H-SER254VAL,H-THR256GLU",H-CYM254VAL,0.06101527795442082,0.04576145846581562,0.025975968412037767,0.009521719753930288,0.005322659603554342,0.003890154135338349,TRUE,FALSE,FALSE,FALSE,FALSE,FALSE,FALSE,FALSE,FALSE,FALSE,FALSE,FALSE,TRUE,FALSE,FALSE,FALSE
Original retrospective results,original_wt_fc,954ad59_3dff29f,H-ASN389SER,"H-GLY385ASH,H-ASN389SER",H-GLY385ASH,NA,NA,NA,NA,NA,NA,NA,NA,NA,NA,NA,NA,NA,NA,NA,NA,NA,NA,NA,NA,NA,NA
Original retrospective results,original_wt_fc,954ad59_d8c2177,H-ASN389SER,"H-GLY385ASP,H-ASN389SER",H-GLY385ASP,-0.0417944828661222,0.031921036363893956,-0.07986345630544889,0.0066647624743677875,0.028710951469583048,0.055496497607655224,FALSE,FALSE,FALSE,FALSE,FALSE,FALSE,FALSE,FALSE,TRUE,FALSE,FALSE,FALSE,TRUE,FALSE,FALSE,FALSE
Original retrospective results,original_wt_fc,954ad59_df7e559,H-ASN389SER,"H-GLN386PRO,H-ASN389SER",H-GLN386PRO,0.011031258346646988,-0.08554160657660273,0.098701184926262,0.00223647300068353,0.015723315105946767,0.024421045112782296,FALSE,FALSE,FALSE,FALSE,TRUE,FALSE,FALSE,FALSE,TRUE,FALSE,FALSE,FALSE,TRUE,FALSE,FALSE,FALSE
Original retrospective results,original_wt_fc,9aaa9a9_335c2e7,H-HIP433GLN,H-HIP433LYN,H-GLN433LYN,-0.01966520282502321,0.015253819488600613,-0.03544269822352173,0.0014609627477785122,5.645092276144941e-4,0.003297191045796272,FALSE,FALSE,FALSE,FALSE,FALSE,FALSE,FALSE,FALSE,FALSE,FALSE,FALSE,FALSE,FALSE,FALSE,FALSE,FALSE
Original retrospective results,original_wt_fc,9ae4924_ce10634,"H-LEU309ASH,H-GLN311HIP,H-ASN434SER","H-LEU309ASP,H-GLN311HIP,H-ASN434SER",H-ASH309ASP,-0.040892667185921605,-0.07256376351361113,0.026694184105053767,0.010051827067669166,0.01172753691045804,0.004259691045796403,FALSE,FALSE,FALSE,FALSE,TRUE,FALSE,FALSE,FALSE,FALSE,FALSE,FALSE,FALSE,TRUE,FALSE,FALSE,FALSE
Original retrospective results,original_wt_fc,9b7d7c5_4bea93e,"H-MET252TYR,H-THR256ASH,H-THR307GLN","H-MET252TYR,H-THR256GLH,H-THR307GLN",H-ASH256GLH,0.004520339189915934,0.009152291693163159,-0.006692613300625481,0.002257219412166781,0.002612846889952153,0.006870370129870131,FALSE,FALSE,FALSE,FALSE,FALSE,FALSE,FALSE,FALSE,FALSE,FALSE,FALSE,FALSE,FALSE,FALSE,FALSE,FALSE
Original retrospective results,original_wt_fc,9bcf632_7fbb7fa,"H-ASN434TYR,H-TYR436HIE","H-HIP433HIE,H-ASN434TYR,H-TYR436HIE",H-HIP433HIE,0.00699133393227915,-0.011576733373057157,0.0179149477798273,7.503574846206316e-4,6.345160628844843e-4,0.0012930393028024736,FALSE,FALSE,FALSE,FALSE,FALSE,FALSE,FALSE,FALSE,FALSE,FALSE,FALSE,FALSE,FALSE,FALSE,FALSE,FALSE
Original retrospective results,original_wt_fc,9bcf632_dfd59e2,"H-ASN434TYR,H-TYR436HIE","H-HIP433ARG,H-ASN434TYR,H-TYR436HIE",H-HIP433ARG,0.025722126980784788,-0.01634337802350619,0.04361260691087305,0.003086033151059468,8.182987012987036e-4,0.005998936431989056,FALSE,FALSE,FALSE,FALSE,FALSE,FALSE,FALSE,FALSE,FALSE,FALSE,FALSE,FALSE,FALSE,FALSE,FALSE,FALSE
Original retrospective results,original_wt_fc,9bcf632_f54a90c,"H-ASN434TYR,H-TYR436HIE","H-HIP433HID,H-ASN434TYR,H-TYR436HIE",H-HIP433HID,0.047940575535615815,-0.021850065753948315,0.0690999854024621,0.005186046479835941,0.0017355105946684887,0.010668571770334909,FALSE,FALSE,FALSE,FALSE,FALSE,FALSE,FALSE,FALSE,TRUE,FALSE,FALSE,FALSE,TRUE,FALSE,FALSE,FALSE
Original retrospective results,original_wt_fc,9c2567f_5c0b234,"H-HIP433ARG,H-TYR436HID","H-HIP433ARG,H-TYR436HIE",H-HID436HIE,0.04812653384325555,-6.400203981233014e-4,0.06482873282657198,0.006945365686944634,0.01067181681476418,0.01911672214627477,FALSE,FALSE,FALSE,FALSE,FALSE,FALSE,FALSE,FALSE,TRUE,FALSE,FALSE,FALSE,TRUE,FALSE,FALSE,FALSE
Original retrospective results,original_wt_fc,9c2567f_61cf5ad,"H-HIP433ARG,H-TYR436HID","H-HIP433ARG,H-ASN434TYR,H-TYR436HID",H-ASN434TYR,0.011293475984341134,0.030507638977211485,-0.01963300667695645,0.0010970352016404737,0.002425444634313047,0.0012520919343814011,FALSE,FALSE,FALSE,FALSE,FALSE,FALSE,FALSE,FALSE,FALSE,FALSE,FALSE,FALSE,FALSE,FALSE,FALSE,FALSE
Original retrospective results,original_wt_fc,9df83c3_0122370,H-VAL308PRO,"H-VAL308PRO,H-ASN434ALA",H-ASN434ALA,-0.06537351209402359,-0.0074997592623188974,-0.06073517918011821,0.009809343814080648,3.968096377306881e-4,0.007879579972658824,TRUE,FALSE,FALSE,FALSE,FALSE,FALSE,FALSE,FALSE,TRUE,FALSE,FALSE,FALSE,TRUE,FALSE,FALSE,FALSE
Original retrospective results,original_wt_fc,9df83c3_370d3d1,H-VAL308PRO,"H-VAL308PRO,H-ASN434TYR",H-ASN434TYR,-0.027582120901271094,-0.009846299475003258,-0.02002998478191271,0.004964839712918642,6.267987012986873e-4,0.002483839371155173,FALSE,FALSE,FALSE,FALSE,FALSE,FALSE,FALSE,FALSE,FALSE,FALSE,FALSE,FALSE,FALSE,FALSE,FALSE,FALSE
Original retrospective results,original_wt_fc,9df83c3_8f11668,H-VAL308PRO,"H-MET252TYR,H-VAL308PRO",H-MET252TYR,0.03050763897721049,0.047826279198240174,-0.025698076984458203,0.002977683526999318,0.006053446684894051,0.00398286090225564,FALSE,FALSE,FALSE,FALSE,FALSE,FALSE,FALSE,FALSE,FALSE,FALSE,FALSE,FALSE,FALSE,FALSE,FALSE,FALSE
Original retrospective results,original_wt_fc,9df83c3_f1e63ac,H-VAL308PRO,H-VAL308THR,H-PRO308THR,-0.02496079552680821,-0.015253819488623876,-3.356135332361235e-4,0.0020413120300751823,0.002981925153793606,0.0011763838004101364,FALSE,FALSE,FALSE,FALSE,FALSE,FALSE,FALSE,FALSE,FALSE,FALSE,FALSE,FALSE,FALSE,FALSE,FALSE,FALSE
Original retrospective results,original_wt_fc,9ee029a_36d32ec,H-THR256ASN,"H-THR256ASN,H-ASN434TYR",H-ASN434TYR,-0.06101527795440956,-0.008349855816200675,-0.049311603358698844,0.008363798701298662,0.0012378055365686925,0.006527257006151808,TRUE,FALSE,FALSE,FALSE,FALSE,FALSE,FALSE,FALSE,FALSE,FALSE,FALSE,FALSE,TRUE,FALSE,FALSE,FALSE
Original retrospective results,original_wt_fc,9ee029a_aa1dc96,H-THR256ASN,"H-THR256ASN,H-ALA378VAL",H-ALA378VAL,0.08282781254526983,0.08847215303390986,-0.008508241536977528,0.014931095010252906,0.017153685919343773,5.899853041695135e-4,TRUE,FALSE,FALSE,FALSE,TRUE,FALSE,FALSE,FALSE,FALSE,FALSE,FALSE,FALSE,TRUE,FALSE,FALSE,FALSE
Original retrospective results,original_wt_fc,9fae857_1b78546,"H-VAL259ILE,H-ASN315ASH","H-VAL259ILE,H-ASN315ASH,H-ASN434TYR",H-ASN434TYR,-6.502762049560515e-4,-0.032643173705615994,0.031016099626830083,0.0011195352016404694,0.0032439993164730127,0.00467154989747098,FALSE,FALSE,FALSE,FALSE,FALSE,FALSE,FALSE,FALSE,FALSE,FALSE,FALSE,FALSE,FALSE,FALSE,FALSE,FALSE
Original retrospective results,original_wt_fc,9fae857_ef9c560,"H-VAL259ILE,H-ASN315ASH","H-VAL259ILE,H-ASN315ASP",H-ASH315ASP,-0.02416738270603204,-0.02329895459276362,-0.004854865090464216,0.0016894890635681184,0.0037715187969925364,0.004262267259056846,FALSE,FALSE,FALSE,FALSE,FALSE,FALSE,FALSE,FALSE,FALSE,FALSE,FALSE,FALSE,FALSE,FALSE,FALSE,FALSE
Original retrospective results,original_wt_fc,9ffed0a_17deebb,"H-SER254VAL,H-THR256GLU","H-MET252TYR,H-SER254VAL,H-THR256GLU",H-MET252TYR,0.04127504096916686,-0.014080448758712505,0.0639424634454829,0.0041211278195488685,0.0026858885850991124,0.01064950888585099,FALSE,FALSE,FALSE,FALSE,FALSE,FALSE,FALSE,FALSE,TRUE,FALSE,FALSE,FALSE,TRUE,FALSE,FALSE,FALSE
Original retrospective results,original_wt_fc,a18aec5_5dac180,"H-SER254CYS,H-THR256GLH","H-SER254VAL,H-THR256GLH",H-CYS254VAL,0.04022936725863274,0.02738753953635939,0.014450986883942135,0.004189755980861239,0.0016404111414900899,0.0016029326725905638,FALSE,FALSE,FALSE,FALSE,FALSE,FALSE,FALSE,FALSE,FALSE,FALSE,FALSE,FALSE,FALSE,FALSE,FALSE,FALSE
Original retrospective results,original_wt_fc,a18aec5_e2f3329,"H-SER254CYS,H-THR256GLH","H-MET252TYR,H-SER254CYS,H-THR256GLH",H-MET252TYR,-0.07716638094235567,-0.04089960615897126,-0.0346215478695917,0.013211278537252218,0.006868666780587833,0.006906405331510593,TRUE,FALSE,FALSE,FALSE,FALSE,FALSE,FALSE,FALSE,FALSE,FALSE,FALSE,FALSE,TRUE,FALSE,FALSE,FALSE
Original retrospective results,original_wt_fc,a18b7dd_06006f2,"H-MET252TYR,H-SER254THR","H-MET252TYR,H-SER254THR,H-THR256GLU",H-THR256GLU,0.06315166723853712,-0.027021051665521968,0.09423079034925984,0.009451121667806473,0.00178485850991117,0.018910285714286625,TRUE,FALSE,FALSE,FALSE,FALSE,FALSE,FALSE,FALSE,TRUE,FALSE,FALSE,FALSE,TRUE,FALSE,FALSE,FALSE
Original retrospective results,original_wt_fc,a18b7dd_5dffa4d,"H-MET252TYR,H-SER254THR","H-MET252TYR,H-SER254THR,H-THR256GLH",H-THR256GLH,0.02977240842113988,0.002196690594558574,0.024653267995084598,0.0022227361585782663,3.4506322624743734e-4,0.00234922932330826,FALSE,FALSE,FALSE,FALSE,FALSE,FALSE,FALSE,FALSE,FALSE,FALSE,FALSE,FALSE,FALSE,FALSE,FALSE,FALSE
Original retrospective results,original_wt_fc,a42e8d5_f2a9ae7,H-THR307GLH,H-THR307GLN,H-GLH307GLN,-0.03479860472030952,-0.06747338854310275,0.028920417219612436,0.0033627197539302825,0.009400473000683526,0.004708986671223516,FALSE,FALSE,FALSE,FALSE,TRUE,FALSE,FALSE,FALSE,FALSE,FALSE,FALSE,FALSE,TRUE,FALSE,FALSE,FALSE
Original retrospective results,original_wt_fc,a5661a1_78f62b3,"H-LEU309ASP,H-GLN311HIE","H-LEU309ASP,H-GLN311HIE,H-ASN434SER",H-ASN434SER,0.032005563070353626,-0.01525381948860659,0.04957491333796766,0.0027978226247436814,7.273393711551563e-4,0.005518724880382766,FALSE,FALSE,FALSE,FALSE,FALSE,FALSE,FALSE,FALSE,FALSE,FALSE,FALSE,FALSE,FALSE,FALSE,FALSE,FALSE
Original retrospective results,original_wt_fc,a5ada37_1538b41,H-ALA378VAL,"H-ALA378VAL,H-ASN434ALA",H-ASN434ALA,0.025007789617151766,0,0.02478798646265842,0.0017650280246069433,6.068591934381229e-5,0.001804026315789439,FALSE,FALSE,FALSE,FALSE,FALSE,FALSE,FALSE,FALSE,FALSE,FALSE,FALSE,FALSE,FALSE,FALSE,FALSE,FALSE
Original retrospective results,original_wt_fc,a5ada37_aa1dc96,H-ALA378VAL,"H-THR256ASN,H-ALA378VAL",H-THR256ASN,-0.007838931945688424,0.02012619893105292,-0.02587867358825835,0.0015824627477785311,0.0015237457279562347,0.005782380041011574,FALSE,FALSE,FALSE,FALSE,FALSE,FALSE,FALSE,FALSE,FALSE,FALSE,FALSE,FALSE,FALSE,FALSE,FALSE,FALSE
Original retrospective results,original_wt_fc,a5ada37_aa694bf,H-ALA378VAL,"H-ALA378VAL,H-ASN434TYR",H-ASN434TYR,-0.053797082990674545,-0.05338836821011801,-0.004145687682981621,0.007331183526999356,0.007251714627477833,0.005730640806561898,TRUE,FALSE,FALSE,FALSE,TRUE,FALSE,FALSE,FALSE,FALSE,FALSE,FALSE,FALSE,TRUE,FALSE,FALSE,FALSE
Original retrospective results,original_wt_fc,a72476b_61cf5ad,"H-HIP433ARG,H-ASN434TYR","H-HIP433ARG,H-ASN434TYR,H-TYR436HID",H-TYR436HID,-0.04530267104112443,0.013305312943207576,-0.06101527795442083,0.00760683219412167,0.0014445464798359539,0.013197667122351335,FALSE,FALSE,FALSE,FALSE,FALSE,FALSE,FALSE,FALSE,TRUE,FALSE,FALSE,FALSE,TRUE,FALSE,FALSE,FALSE
Original retrospective results,original_wt_fc,a72476b_66803f8,"H-HIP433ARG,H-ASN434TYR","H-HIP433ARG,H-ASN434TYR,H-TYR436HIP",H-TYR436HIP,-0.018230174510771868,0.03710388524255166,-0.05643913210783774,9.746746411483005e-4,0.003348848940533066,0.0072165092276143036,FALSE,FALSE,FALSE,FALSE,FALSE,FALSE,FALSE,FALSE,TRUE,FALSE,FALSE,FALSE,TRUE,FALSE,FALSE,FALSE
Original retrospective results,original_wt_fc,a72476b_81a9664,"H-HIP433ARG,H-ASN434TYR","H-HIP433HIE,H-ASN434TYR",H-ARG433HIE,0.016320346704881753,-0.043367351876676424,0.057383416171419406,0.0027412460697197574,0.006081030416951473,0.01592872112098429,FALSE,FALSE,FALSE,FALSE,FALSE,FALSE,FALSE,FALSE,TRUE,FALSE,FALSE,FALSE,TRUE,FALSE,FALSE,FALSE
Original retrospective results,original_wt_fc,a72476b_dfd59e2,"H-HIP433ARG,H-ASN434TYR","H-HIP433ARG,H-ASN434TYR,H-TYR436HIE",H-TYR436HIE,-0.009152291693163462,0.05820536383809877,-0.060014758611619416,7.36892002734108e-4,0.010322789473684207,0.012539549897470947,FALSE,FALSE,FALSE,FALSE,TRUE,FALSE,FALSE,FALSE,TRUE,FALSE,FALSE,FALSE,TRUE,FALSE,FALSE,FALSE
Original retrospective results,original_wt_fc,aa1dc96_76279f8,"H-THR256ASN,H-ALA378VAL","H-THR256ASN,H-ALA378VAL,H-ASN434TYR",H-ASN434TYR,-0.16490468425717086,-0.0030507638977283836,-0.15948980533007506,0.061734681476418383,4.477624743677323e-4,0.05878307826384171,TRUE,TRUE,FALSE,FALSE,FALSE,FALSE,FALSE,FALSE,TRUE,TRUE,FALSE,FALSE,TRUE,TRUE,FALSE,FALSE
Original retrospective results,original_wt_fc,aa694bf_76279f8,"H-ALA378VAL,H-ASN434TYR","H-THR256ASN,H-ALA378VAL,H-ASN434TYR",H-THR256ASN,0.009863216311862658,-0.006183980873759096,0.01768032424507321,5.48530416951464e-4,6.201739576213259e-4,0.0017171483253588323,FALSE,FALSE,FALSE,FALSE,FALSE,FALSE,FALSE,FALSE,FALSE,FALSE,FALSE,FALSE,FALSE,FALSE,FALSE,FALSE
Original retrospective results,original_wt_fc,ab593ec_362e91e,H-TYR436HIE,"H-HIP433HID,H-TYR436HIE",H-HIP433HID,0.03520112189678254,-0.015253819488605755,0.05097497507536964,0.0029506213260423225,0.0011780526315789818,0.006645621326042337,FALSE,FALSE,FALSE,FALSE,FALSE,FALSE,FALSE,FALSE,TRUE,FALSE,FALSE,FALSE,TRUE,FALSE,FALSE,FALSE
Original retrospective results,original_wt_fc,ab593ec_5c0b234,H-TYR436HIE,"H-HIP433ARG,H-TYR436HIE",H-HIP433ARG,NA,NA,NA,NA,NA,NA,NA,NA,NA,NA,NA,NA,NA,NA,NA,NA,NA,NA,NA,NA,NA,NA
Original retrospective results,original_wt_fc,ab593ec_6057bd3,H-TYR436HIE,"H-HIP433HIE,H-TYR436HIE",H-HIP433HIE,0.04414145695997758,-0.012384734337150743,0.056096241627737034,0.004380116541353382,9.373263841421627e-4,0.007434454203690981,FALSE,FALSE,FALSE,FALSE,FALSE,FALSE,FALSE,FALSE,TRUE,FALSE,FALSE,FALSE,TRUE,FALSE,FALSE,FALSE
Original retrospective results,original_wt_fc,ab593ec_6a7277f,H-TYR436HIE,"H-ASN434PHE,H-TYR436HIE",H-ASN434PHE,-0.020813726157278185,-0.02348327095906972,0,0.010790046479835969,0.0017109938482570356,0.008716159603554373,FALSE,FALSE,FALSE,FALSE,FALSE,FALSE,FALSE,FALSE,FALSE,FALSE,FALSE,FALSE,FALSE,FALSE,FALSE,FALSE
Original retrospective results,original_wt_fc,ab593ec_9bcf632,H-TYR436HIE,"H-ASN434TYR,H-TYR436HIE",H-ASN434TYR,-0.13630025801108567,-0.022880729232908674,-0.11029056269528947,0.0383306948051948,0.0020401684894053333,0.024010736842105265,TRUE,TRUE,FALSE,FALSE,FALSE,FALSE,FALSE,FALSE,TRUE,TRUE,FALSE,FALSE,TRUE,TRUE,FALSE,FALSE
Original retrospective results,original_wt_fc,ab593ec_c96c0a8,H-TYR436HIE,"H-HIP433LYN,H-TYR436HIE",H-HIP433LYN,0.023834092950944262,-0.028687522211114216,0.051083715048249614,0.0013152306903622712,0.0020996671223513026,0.005676681476418277,FALSE,FALSE,FALSE,FALSE,FALSE,FALSE,FALSE,FALSE,TRUE,FALSE,FALSE,FALSE,TRUE,FALSE,FALSE,FALSE
Original retrospective results,original_wt_fc,ab593ec_d05b6d7,H-TYR436HIE,H-TYR436ILE,H-HIE436ILE,0.0460257122084499,-0.006673546026265025,0.05049540244503653,0.00519041079972659,2.1404887218044773e-4,0.006420392002734129,FALSE,FALSE,FALSE,FALSE,FALSE,FALSE,FALSE,FALSE,TRUE,FALSE,FALSE,FALSE,TRUE,FALSE,FALSE,FALSE
Original retrospective results,original_wt_fc,ab593ec_d85bdf9,H-TYR436HIE,"H-HIP433LYS,H-TYR436HIE",H-HIP433LYS,-0.03050763897723379,-0.020468842839742284,-0.009280452456198584,0.002353523923444958,0.0010781254272043811,8.334962406014864e-4,FALSE,FALSE,FALSE,FALSE,FALSE,FALSE,FALSE,FALSE,FALSE,FALSE,FALSE,FALSE,FALSE,FALSE,FALSE,FALSE
Original retrospective results,original_wt_fc,ab77ba0_33bfc93,"H-THR307GLN,H-ASN434ALA","H-THR307GLN,H-GLU380GLH,H-ASN434ALA",H-GLU380GLH,-0.0083202651756029,0.014618243676580347,-0.02267258243732527,0.0025211421736158635,0.001392609364319896,0.00551138140806563,FALSE,FALSE,FALSE,FALSE,FALSE,FALSE,FALSE,FALSE,FALSE,FALSE,FALSE,FALSE,FALSE,FALSE,FALSE,FALSE
Original retrospective results,original_wt_fc,ab77ba0_88df04a,"H-THR307GLN,H-ASN434ALA","H-THR307GLN,H-ASN434SER",H-ALA434SER,-0.030770635864944954,-0.01906727436075654,-0.007487501291016939,0.003638146958304853,0.0010126421736158587,0.002105403622693095,FALSE,FALSE,FALSE,FALSE,FALSE,FALSE,FALSE,FALSE,FALSE,FALSE,FALSE,FALSE,FALSE,FALSE,FALSE,FALSE
Original retrospective results,original_wt_fc,ab77ba0_cbf23e3,"H-THR307GLN,H-ASN434ALA","H-THR307GLN,H-GLU380ALA,H-ASN434ALA",H-GLU380ALA,-0.04271069456809368,0.02402763295385711,-0.058559377869706,0.0053375632262474305,0.0016856404647983636,0.011575049897470949,FALSE,FALSE,FALSE,FALSE,FALSE,FALSE,FALSE,FALSE,TRUE,FALSE,FALSE,FALSE,TRUE,FALSE,FALSE,FALSE
Original retrospective results,original_wt_fc,adc5c77_5dffa4d,"H-SER254THR,H-THR256GLH","H-MET252TYR,H-SER254THR,H-THR256GLH",H-MET252TYR,0.03995465656733559,0.03270945518315499,0.007626909744302713,0.005126091934381411,0.003434444976076554,8.99835953520163e-4,FALSE,FALSE,FALSE,FALSE,FALSE,FALSE,FALSE,FALSE,FALSE,FALSE,FALSE,FALSE,FALSE,FALSE,FALSE,FALSE
Original retrospective results,original_wt_fc,ae59307_079e2a4,"H-HIP433HID,H-ASN434TYR","H-HIP433HID,H-ASN434TYR,H-TYR436HIP",H-TYR436HIP,-0.01915642005906734,0.08861082412017546,-0.10598312554143674,0.002011331852358174,0.018365826384142175,0.023652990088858482,FALSE,FALSE,FALSE,FALSE,TRUE,FALSE,FALSE,FALSE,TRUE,TRUE,FALSE,FALSE,TRUE,TRUE,FALSE,FALSE
Original retrospective results,original_wt_fc,ae59307_775363f,"H-HIP433HID,H-ASN434TYR","H-HIP433HID,H-ASN434TYR,H-TYR436HID",H-TYR436HID,-0.011733707298927244,0.0325206236697856,-0.0411054567763034,0.0012169904306220092,0.002792930280246068,0.004048875256322625,FALSE,FALSE,FALSE,FALSE,FALSE,FALSE,FALSE,FALSE,FALSE,FALSE,FALSE,FALSE,FALSE,FALSE,FALSE,FALSE
Original retrospective results,original_wt_fc,ae59307_81a9664,"H-HIP433HID,H-ASN434TYR","H-HIP433HIE,H-ASN434TYR",H-HID433HIE,0.012065210747441957,-0.05475031637874364,0.06510251933021372,6.849220779220782e-4,0.006637012987012986,0.010174313397129186,FALSE,FALSE,FALSE,FALSE,TRUE,FALSE,FALSE,FALSE,TRUE,FALSE,FALSE,FALSE,TRUE,FALSE,FALSE,FALSE
Original retrospective results,original_wt_fc,ae59307_f54a90c,"H-HIP433HID,H-ASN434TYR","H-HIP433HID,H-ASN434TYR,H-TYR436HIE",H-TYR436HIE,0.01889357662330846,0.042241346276137494,-0.026347506389408845,0.0027639053315105916,0.004880846889952156,0.003265721120984279,FALSE,FALSE,FALSE,FALSE,FALSE,FALSE,FALSE,FALSE,FALSE,FALSE,FALSE,FALSE,FALSE,FALSE,FALSE,FALSE
Original retrospective results,original_wt_fc,b13d581_362e91e,H-HIP433HID,"H-HIP433HID,H-TYR436HIE",H-TYR436HIE,0.0021415460858385414,0.037829472331740915,-0.028427572683309518,0.0033623574846206434,0.0034532867395762165,0.003759470950102533,FALSE,FALSE,FALSE,FALSE,FALSE,FALSE,FALSE,FALSE,FALSE,FALSE,FALSE,FALSE,FALSE,FALSE,FALSE,FALSE
Original retrospective results,original_wt_fc,b13d581_3b9d993,H-HIP433HID,"H-HIP433HID,H-TYR436HIP",H-TYR436HIP,0.00779461092053847,0.013347092052527796,-0.005183420546974401,8.05451469582988e-4,6.725164046478859e-4,0.0011452887901570593,FALSE,FALSE,FALSE,FALSE,FALSE,FALSE,FALSE,FALSE,FALSE,FALSE,FALSE,FALSE,FALSE,FALSE,FALSE,FALSE
Original retrospective results,original_wt_fc,b13d581_8040f22,H-HIP433HID,H-HIP433HIE,H-HID433HIE,-0.010740589227456436,-0.0471378207398891,0.03268675604701109,7.507457279562546e-4,0.00476727853725222,0.0034378574846206426,FALSE,FALSE,FALSE,FALSE,FALSE,FALSE,FALSE,FALSE,FALSE,FALSE,FALSE,FALSE,FALSE,FALSE,FALSE,FALSE
Original retrospective results,original_wt_fc,b13d581_ae59307,H-HIP433HID,"H-HIP433HID,H-ASN434TYR",H-ASN434TYR,-0.03286741788955015,0.004087241375792089,-0.03534716862138901,0.003634831168831166,6.752296650717845e-4,0.0031756254272043674,FALSE,FALSE,FALSE,FALSE,FALSE,FALSE,FALSE,FALSE,FALSE,FALSE,FALSE,FALSE,FALSE,FALSE,FALSE,FALSE
Original retrospective results,original_wt_fc,b13d581_ccff765,H-HIP433HID,"H-HIP433HID,H-TYR436HID",H-TYR436HID,-0.056821738539036645,0.025959740944496892,-0.08159135402546329,0.007836043062200959,0.0036811445659603527,0.016139101503759405,TRUE,FALSE,FALSE,FALSE,FALSE,FALSE,FALSE,FALSE,TRUE,FALSE,FALSE,FALSE,TRUE,FALSE,FALSE,FALSE
Original retrospective results,original_wt_fc,b13d581_e563734,H-HIP433HID,"H-HIP433HID,H-ASN434PHE",H-ASN434PHE,0.012907078028819992,-0.024446252812005576,0.035891720178060534,5.331883116883308e-4,0.0015348564593301226,0.0034719490772385517,FALSE,FALSE,FALSE,FALSE,FALSE,FALSE,FALSE,FALSE,FALSE,FALSE,FALSE,FALSE,FALSE,FALSE,FALSE,FALSE
Original retrospective results,original_wt_fc,b4bd807_c7c1c7b,"H-MET252TYR,H-ASN434ALA","H-MET252TYR,H-ASN434TYR",H-ALA434TYR,-0.08256930944189131,-0.00856582855752161,-0.07287935977889143,0.016617317498291186,7.248957621326043e-4,0.015368967532467533,TRUE,FALSE,FALSE,FALSE,FALSE,FALSE,FALSE,FALSE,TRUE,FALSE,FALSE,FALSE,TRUE,FALSE,FALSE,FALSE
Original retrospective results,original_wt_fc,b85b06f_0122370,H-ASN434ALA,"H-VAL308PRO,H-ASN434ALA",H-VAL308PRO,0.0029482172120858987,0.017868759972366248,-0.011618274275802504,0.0010867963089542143,8.440498974709615e-4,0.0020181555023923493,FALSE,FALSE,FALSE,FALSE,FALSE,FALSE,FALSE,FALSE,FALSE,FALSE,FALSE,FALSE,FALSE,FALSE,FALSE,FALSE
Original retrospective results,original_wt_fc,b85b06f_0bdac0c,H-ASN434ALA,"H-THR307ALA,H-ASN434ALA",H-THR307ALA,-0.013717384047360663,0.006856514820635724,-0.01450342998150441,8.250352016404732e-4,0.0012269777853725233,0.0022010594668489454,FALSE,FALSE,FALSE,FALSE,FALSE,FALSE,FALSE,FALSE,FALSE,FALSE,FALSE,FALSE,FALSE,FALSE,FALSE,FALSE
Original retrospective results,original_wt_fc,b85b06f_1538b41,H-ASN434ALA,"H-ALA378VAL,H-ASN434ALA",H-ALA378VAL,0.056512244096673936,0.02164152355849771,0.02832852190740942,0.008534929938482583,0.0022042723855092293,0.009697520164046495,TRUE,FALSE,FALSE,FALSE,FALSE,FALSE,FALSE,FALSE,FALSE,FALSE,FALSE,FALSE,TRUE,FALSE,FALSE,FALSE
Original retrospective results,original_wt_fc,b85b06f_254eac2,H-ASN434ALA,"H-GLU380ALA,H-ASN434ALA",H-GLU380ALA,0.026962561452853546,-0.08150005363278631,0.1018897580255852,0.0027287983595351956,0.016074039302802476,0.027958783321941214,FALSE,FALSE,FALSE,FALSE,TRUE,FALSE,FALSE,FALSE,TRUE,TRUE,FALSE,FALSE,TRUE,TRUE,FALSE,FALSE
Original retrospective results,original_wt_fc,b85b06f_918616c,H-ASN434ALA,"H-GLU380GLH,H-ASN434ALA",H-GLU380GLH,-0.08364177686251865,-0.014784360081995383,-0.06711680574987171,0.015263035201640482,0.0024656818181818126,0.012314106971975432,TRUE,FALSE,FALSE,FALSE,FALSE,FALSE,FALSE,FALSE,TRUE,FALSE,FALSE,FALSE,TRUE,FALSE,FALSE,FALSE
Original retrospective results,original_wt_fc,b85b06f_ab77ba0,H-ASN434ALA,"H-THR307GLN,H-ASN434ALA",H-THR307GLN,-0.039202743363572955,-0.005208621288791775,-0.039247289352893976,0.0044437987012986855,0.0017776168831168569,0.006173435406698505,FALSE,FALSE,FALSE,FALSE,FALSE,FALSE,FALSE,FALSE,FALSE,FALSE,FALSE,FALSE,FALSE,FALSE,FALSE,FALSE
Original retrospective results,original_wt_fc,b85b06f_b4bd807,H-ASN434ALA,"H-MET252TYR,H-ASN434ALA",H-MET252TYR,0.1473751966862798,0,0.12322456982597606,0.045023685235816804,0.004759369446343132,0.03712895146958304,TRUE,TRUE,FALSE,FALSE,FALSE,FALSE,FALSE,FALSE,TRUE,TRUE,FALSE,FALSE,TRUE,TRUE,FALSE,FALSE
Original retrospective results,original_wt_fc,b85b06f_d5c4563,H-ASN434ALA,"H-MET428LEU,H-ASN434ALA",H-MET428LEU,-0.04974071572371243,0.016474125047694233,-0.06783935509406051,0.005103063226247446,0.0011507378673957607,0.009797166780587837,FALSE,FALSE,FALSE,FALSE,FALSE,FALSE,FALSE,FALSE,TRUE,FALSE,FALSE,FALSE,TRUE,FALSE,FALSE,FALSE
Original retrospective results,original_wt_fc,b85b06f_f28e82b,H-ASN434ALA,"H-ASN434ALA,H-TYR436ILE",H-TYR436ILE,0.013074702418804936,0.01440638507257187,0.005600246949603423,0.0012895536568694476,0.0014487457279562434,0.0011896120984278861,FALSE,FALSE,FALSE,FALSE,FALSE,FALSE,FALSE,FALSE,FALSE,FALSE,FALSE,FALSE,FALSE,FALSE,FALSE,FALSE
Original retrospective results,original_wt_fc,b85b06f_f4d432c,H-ASN434ALA,H-ASN434SER,H-ALA434SER,0.049984019607776126,-0.016713548551388437,0.06552850821556949,0.006001309637730689,0.001300635680109364,0.011473380041011616,FALSE,FALSE,FALSE,FALSE,FALSE,FALSE,FALSE,FALSE,TRUE,FALSE,FALSE,FALSE,TRUE,FALSE,FALSE,FALSE
Original retrospective results,original_wt_fc,b891817_09a8ef7,H-THR307TRP,"H-MET252TYR,H-THR307TRP",H-MET252TYR,-0.022880729232908258,0.0023798639939118524,-0.012565991295957927,0.005495752221462746,0.0011891551606288443,0.006345825017088174,FALSE,FALSE,FALSE,FALSE,FALSE,FALSE,FALSE,FALSE,FALSE,FALSE,FALSE,FALSE,FALSE,FALSE,FALSE,FALSE
Original retrospective results,original_wt_fc,b891817_334f8e2,H-THR307TRP,"H-THR256ASH,H-THR307TRP",H-THR256ASH,-0.01777018086682404,-0.002773421725203347,-0.01248039776340127,0.0018682122351332897,2.746476418318587e-4,0.0013284589883800519,FALSE,FALSE,FALSE,FALSE,FALSE,FALSE,FALSE,FALSE,FALSE,FALSE,FALSE,FALSE,FALSE,FALSE,FALSE,FALSE
Original retrospective results,original_wt_fc,b891817_ed7778a,H-THR307TRP,"H-THR256ASP,H-THR307TRP",H-THR256ASP,0.05143763937165827,-0.011112426236788212,0.051481640774044476,0.011130559466849241,0.0016175423786739362,0.010166283321941475,TRUE,FALSE,FALSE,FALSE,FALSE,FALSE,FALSE,FALSE,TRUE,FALSE,FALSE,FALSE,TRUE,FALSE,FALSE,FALSE
Original retrospective results,original_wt_fc,b9ac034_e8ff331,"H-LEU309PRO,H-GLN311SER","H-VAL308THR,H-LEU309PRO,H-GLN311SER",H-VAL308THR,-0.017955514789878505,0.0319071897552054,-0.04576145846581567,0.004349715311004784,0.003990282296650719,0.00922414832535885,FALSE,FALSE,FALSE,FALSE,FALSE,FALSE,FALSE,FALSE,FALSE,FALSE,FALSE,FALSE,FALSE,FALSE,FALSE,FALSE
Original retrospective results,original_wt_fc,be9b15f_8da9ef1,"H-HIP433HID,H-ASN434PHE,H-TYR436HIE","H-HIP433LYN,H-ASN434PHE,H-TYR436HIE",H-HID433LYN,0.00794525032493448,0.01398266786455492,-0.00230328328460447,3.7754511278195117e-4,0.001671195488721804,0.0014355902255639083,FALSE,FALSE,FALSE,FALSE,FALSE,FALSE,FALSE,FALSE,FALSE,FALSE,FALSE,FALSE,FALSE,FALSE,FALSE,FALSE
Original retrospective results,original_wt_fc,c04c484_42bcebe,H-THR256GLN,"H-MET252TYR,H-THR256GLN",H-MET252TYR,0.049468317813937485,-0.012836198576834705,0.07436237000695012,0.009793511619958988,0.0013945690362269314,0.014523278537252224,FALSE,FALSE,FALSE,FALSE,FALSE,FALSE,FALSE,FALSE,TRUE,FALSE,FALSE,FALSE,TRUE,FALSE,FALSE,FALSE
Original retrospective results,original_wt_fc,c276898_087a3b0,"H-THR256GLU,H-THR307GLN","H-MET252TYR,H-THR256GLU,H-THR307GLN",H-MET252TYR,0.050247875962464224,-0.006422660837307455,0.05367240484887156,0.007685470950102531,0.004228922077922078,0.008406161995898838,TRUE,FALSE,FALSE,FALSE,FALSE,FALSE,FALSE,FALSE,TRUE,FALSE,FALSE,FALSE,TRUE,FALSE,FALSE,FALSE
Original retrospective results,original_wt_fc,c621823_5a17c18,H-ASN315ASP,"H-ASN315ASP,H-ASN434TYR",H-ASN434TYR,0.03298809878299913,0.004271069456808172,0.02288072923290866,0.004664918318523572,3.289446343130571e-4,0.003967019138755981,FALSE,FALSE,FALSE,FALSE,FALSE,FALSE,FALSE,FALSE,FALSE,FALSE,FALSE,FALSE,FALSE,FALSE,FALSE,FALSE
Original retrospective results,original_wt_fc,c621823_ef9c560,H-ASN315ASP,"H-VAL259ILE,H-ASN315ASP",H-VAL259ILE,-0.00632992723163543,0.05388093946443779,-0.06240326336744624,0.0011228263841421744,0.008069456596035541,0.01221297539302803,FALSE,FALSE,FALSE,FALSE,TRUE,FALSE,FALSE,FALSE,TRUE,FALSE,FALSE,FALSE,TRUE,FALSE,FALSE,FALSE
Original retrospective results,original_wt_fc,c7c1c7b_5d388e9,"H-MET252TYR,H-ASN434TYR","H-MET252TYR,H-VAL308PRO,H-ASN434TYR",H-VAL308PRO,0.015626751270973488,0.0252429194609244,-0.013728437539742493,7.914747095010288e-4,0.005851348940533195,0.0038438058783321857,FALSE,FALSE,FALSE,FALSE,FALSE,FALSE,FALSE,FALSE,FALSE,FALSE,FALSE,FALSE,FALSE,FALSE,FALSE,FALSE
Original retrospective results,original_wt_fc,c96c0a8_8da9ef1,"H-HIP433LYN,H-TYR436HIE","H-HIP433LYN,H-ASN434PHE,H-TYR436HIE",H-ASN434PHE,-0.0016403853057828498,-0.021039751018767212,0.020896585795668964,0.005271528024606949,0.001230527341079947,0.006918147983595311,FALSE,FALSE,FALSE,FALSE,FALSE,FALSE,FALSE,FALSE,FALSE,FALSE,FALSE,FALSE,FALSE,FALSE,FALSE,FALSE
Original retrospective results,original_wt_fc,cb26260_07b287d,H-GLN311HID,"H-LEU309ASP,H-GLN311HID",H-LEU309ASP,-0.020338425984812517,0.020546741802790827,-0.03731528451546587,0.0026087194121664726,0.0010940116199591161,0.004679661995898683,FALSE,FALSE,FALSE,FALSE,FALSE,FALSE,FALSE,FALSE,FALSE,FALSE,FALSE,FALSE,FALSE,FALSE,FALSE,FALSE
Original retrospective results,original_wt_fc,cb26260_7cf696e,H-GLN311HID,"H-LEU309ASH,H-GLN311HID",H-LEU309ASH,-0.015253819488605783,0.010169212992406444,-0.0311859214643503,9.295782638414123e-4,0.0016877535885167281,0.0038781596035542907,FALSE,FALSE,FALSE,FALSE,FALSE,FALSE,FALSE,FALSE,FALSE,FALSE,FALSE,FALSE,FALSE,FALSE,FALSE,FALSE
Original retrospective results,original_wt_fc,cb26260_daafd9b,H-GLN311HID,"H-GLN311HID,H-ASN434SER",H-ASN434SER,0.042371720801679905,-0.0010405706317814611,0.05110614713573762,0.017234328776486587,4.365129870129681e-4,0.015764289473684162,FALSE,FALSE,FALSE,FALSE,FALSE,FALSE,FALSE,FALSE,TRUE,FALSE,FALSE,FALSE,TRUE,FALSE,FALSE,FALSE
Original retrospective results,original_wt_fc,cb26260_f4f6874,H-GLN311HID,H-GLN311SER,H-HID311SER,0.03525802026191652,0.00804677497770109,0.026694184105057868,0.007753800068352704,8.127604237867369e-4,0.00794627204374573,FALSE,FALSE,FALSE,FALSE,FALSE,FALSE,FALSE,FALSE,FALSE,FALSE,FALSE,FALSE,FALSE,FALSE,FALSE,FALSE
Original retrospective results,original_wt_fc,cb628df_fbdd91a,"H-VAL259ILE,H-VAL308PHE","H-VAL259ILE,H-VAL308PHE,H-MET428LEU",H-MET428LEU,-0.03396323298159383,-0.027708537421220127,-0.00762690974430234,0.0023361739576213255,0.0033318622693096324,0.0030542723855092094,FALSE,FALSE,FALSE,FALSE,FALSE,FALSE,FALSE,FALSE,FALSE,FALSE,FALSE,FALSE,FALSE,FALSE,FALSE,FALSE
Original retrospective results,original_wt_fc,cbea3c9_0018e2b,H-TYR436HID,"H-ASN434TYR,H-TYR436HID",H-ASN434TYR,-0.056873884702600325,-0.005009832871252288,-0.05311093432391707,0.011155035201640464,8.261971975392932e-4,0.01411964798359519,TRUE,FALSE,FALSE,FALSE,FALSE,FALSE,FALSE,FALSE,TRUE,FALSE,FALSE,FALSE,TRUE,FALSE,FALSE,FALSE
Original retrospective results,original_wt_fc,cbea3c9_0e4ba9a,H-TYR436HID,"H-HIP433LYS,H-TYR436HID",H-HIP433LYS,0.03143211288561134,-0.034424462223185195,0.06553934189418235,0.002303051948051946,0.0029184976076554914,0.010222305536568669,FALSE,FALSE,FALSE,FALSE,FALSE,FALSE,FALSE,FALSE,TRUE,FALSE,FALSE,FALSE,TRUE,FALSE,FALSE,FALSE
Original retrospective results,original_wt_fc,cbea3c9_20702ea,H-TYR436HID,H-TYR436HIP,H-HID436HIP,0.07408998037323453,0.030507638977208124,0.04321915521770793,0.013392798701298596,0.004403212235133345,0.005758104579630793,TRUE,FALSE,FALSE,FALSE,FALSE,FALSE,FALSE,FALSE,FALSE,FALSE,FALSE,FALSE,TRUE,FALSE,FALSE,FALSE
Original retrospective results,original_wt_fc,cbea3c9_45be1d1,H-TYR436HID,"H-HIP433LYN,H-TYR436HID",H-HIP433LYN,-0.03813454872151446,0.014236898189365984,-0.05157243731861608,0.003726004784689006,8.362624743677202e-4,0.007547929938482566,FALSE,FALSE,FALSE,FALSE,FALSE,FALSE,FALSE,FALSE,TRUE,FALSE,FALSE,FALSE,TRUE,FALSE,FALSE,FALSE
Original retrospective results,original_wt_fc,cbea3c9_62490ed,H-TYR436HID,"H-ASN434PHE,H-TYR436HID",H-ASN434PHE,-0.013322646828990155,0.0025423032481130055,-0.019947302408175376,0.004824022556390954,3.9339200273411155e-4,0.004406437115515996,FALSE,FALSE,FALSE,FALSE,FALSE,FALSE,FALSE,FALSE,FALSE,FALSE,FALSE,FALSE,FALSE,FALSE,FALSE,FALSE
Original retrospective results,original_wt_fc,cbea3c9_9c2567f,H-TYR436HID,"H-HIP433ARG,H-TYR436HID",H-HIP433ARG,-0.004486417496647692,0.007626909744299734,-0.012008325980391588,4.592115516062941e-4,3.323660287081347e-4,0.0013061684894053462,FALSE,FALSE,FALSE,FALSE,FALSE,FALSE,FALSE,FALSE,FALSE,FALSE,FALSE,FALSE,FALSE,FALSE,FALSE,FALSE
Original retrospective results,original_wt_fc,cbea3c9_ccff765,H-TYR436HID,"H-HIP433HID,H-TYR436HID",H-HIP433HID,0.03211330418653656,0.01591828511026972,0.015544394787281347,0.002293753246753238,0.0016138844839370876,0.0015355656185918913,FALSE,FALSE,FALSE,FALSE,FALSE,FALSE,FALSE,FALSE,FALSE,FALSE,FALSE,FALSE,FALSE,FALSE,FALSE,FALSE
Original retrospective results,original_wt_fc,cbea3c9_d8db775,H-TYR436HID,"H-HIP433HIE,H-TYR436HID",H-HIP433HIE,-0.008422821378235868,-0.020924554722271574,0.015253819488599768,4.251093643198978e-4,0.0012175423786739597,9.733776486671225e-4,FALSE,FALSE,FALSE,FALSE,FALSE,FALSE,FALSE,FALSE,FALSE,FALSE,FALSE,FALSE,FALSE,FALSE,FALSE,FALSE
Original retrospective results,original_wt_fc,cbf23e3_33bfc93,"H-THR307GLN,H-GLU380ALA,H-ASN434ALA","H-THR307GLN,H-GLU380GLH,H-ASN434ALA",H-ALA380GLH,-0.004515054204074028,0.028936401160744408,-0.033008937334212334,0.0038631308954203713,0.0022022604237867233,0.008088315105946653,FALSE,FALSE,FALSE,FALSE,FALSE,FALSE,FALSE,FALSE,FALSE,FALSE,FALSE,FALSE,FALSE,FALSE,FALSE,FALSE
Original retrospective results,original_wt_fc,cc19617_0e4ba9a,H-HIP433LYS,"H-HIP433LYS,H-TYR436HID",H-TYR436HID,-0.007626909744302648,-0.09579933860580508,0.08712953574251686,8.221551606288438e-4,0.02456888755980862,0.022767181476418322,FALSE,FALSE,FALSE,FALSE,TRUE,FALSE,FALSE,FALSE,TRUE,FALSE,FALSE,FALSE,TRUE,FALSE,FALSE,FALSE
Original retrospective results,original_wt_fc,cc19617_630735f,H-HIP433LYS,"H-HIP433LYS,H-TYR436HIP",H-TYR436HIP,-0.04916580706815818,0.02968830981217635,-0.07832249622034118,0.006326595010252981,0.003153466165413423,0.014208658920027274,FALSE,FALSE,FALSE,FALSE,FALSE,FALSE,FALSE,FALSE,TRUE,FALSE,FALSE,FALSE,TRUE,FALSE,FALSE,FALSE
Original retrospective results,original_wt_fc,cc19617_d85bdf9,H-HIP433LYS,"H-HIP433LYS,H-TYR436HIE",H-TYR436HIE,0.008533166078625578,0.009736284540734289,-0.003487304126506785,0.002184401572112096,0.0018877983595352033,0.0017692785372522167,FALSE,FALSE,FALSE,FALSE,FALSE,FALSE,FALSE,FALSE,FALSE,FALSE,FALSE,FALSE,FALSE,FALSE,FALSE,FALSE
Original retrospective results,original_wt_fc,cc19617_d8dbf98,H-HIP433LYS,"H-HIP433LYS,H-ASN434PHE",H-ASN434PHE,-0.06673546026264848,0.005361268908495716,-0.07016756964758493,0.00954722214627486,4.913800410116296e-4,0.012355526315789685,TRUE,FALSE,FALSE,FALSE,FALSE,FALSE,FALSE,FALSE,TRUE,FALSE,FALSE,FALSE,TRUE,FALSE,FALSE,FALSE
Original retrospective results,original_wt_fc,ccff765_45be1d1,"H-HIP433HID,H-TYR436HID","H-HIP433LYN,H-TYR436HID",H-HID433LYN,-4.7369829418190533e-4,-0.02409792705288168,0.024787456668983257,0.001788369446343137,0.002063920369104585,0.002122664730006844,FALSE,FALSE,FALSE,FALSE,FALSE,FALSE,FALSE,FALSE,FALSE,FALSE,FALSE,FALSE,FALSE,FALSE,FALSE,FALSE
Original retrospective results,original_wt_fc,ccff765_476a620,"H-HIP433HID,H-TYR436HID","H-HIP433HID,H-ASN434PHE,H-TYR436HID",H-ASN434PHE,-0.026330172503627052,6.561541223124533e-4,-0.026694184105051137,0.0024078321941216957,5.086120984278969e-4,0.003608989063568075,FALSE,FALSE,FALSE,FALSE,FALSE,FALSE,FALSE,FALSE,FALSE,FALSE,FALSE,FALSE,FALSE,FALSE,FALSE,FALSE
Original retrospective results,original_wt_fc,ccff765_775363f,"H-HIP433HID,H-TYR436HID","H-HIP433HID,H-ASN434TYR,H-TYR436HID",H-ASN434TYR,-0.0019628076547849593,0.032862643611151154,-0.037424684827561915,0.0010733096377306761,0.0025801589200273754,0.004703920369104603,FALSE,FALSE,FALSE,FALSE,FALSE,FALSE,FALSE,FALSE,FALSE,FALSE,FALSE,FALSE,FALSE,FALSE,FALSE,FALSE
Original retrospective results,original_wt_fc,d05b6d7_f28e82b,H-TYR436ILE,"H-ASN434ALA,H-TYR436ILE",H-ASN434ALA,0.03050763897721067,0.018113910642717106,0.01316401049543554,0.005132392002734119,7.954784688995138e-4,0.004203090567327368,FALSE,FALSE,FALSE,FALSE,FALSE,FALSE,FALSE,FALSE,FALSE,FALSE,FALSE,FALSE,FALSE,FALSE,FALSE,FALSE
Original retrospective results,original_wt_fc,d12fc83_69f3216,H-MET428LEU,"H-MET428LEU,H-ASN434SER",H-ASN434SER,-0.06166467063192527,-0.09594051053263046,0.03016131501433031,0.010712621667805807,0.019507746069719695,0.0030102378673958,TRUE,FALSE,FALSE,FALSE,TRUE,FALSE,FALSE,FALSE,FALSE,FALSE,FALSE,FALSE,TRUE,FALSE,FALSE,FALSE
Original retrospective results,original_wt_fc,d12fc83_6c4fca2,H-MET428LEU,"H-VAL259ILE,H-MET428LEU",H-VAL259ILE,-0.01811391064271836,-0.058973846391020324,0.04194800359366442,0.0013888732057416307,0.008008685919343821,0.0049520567327409415,FALSE,FALSE,FALSE,FALSE,TRUE,FALSE,FALSE,FALSE,FALSE,FALSE,FALSE,FALSE,TRUE,FALSE,FALSE,FALSE
Original retrospective results,original_wt_fc,d12fc83_8fead3d,H-MET428LEU,"H-THR250GLN,H-MET428LEU",H-THR250GLN,0.01312422780675497,-0.07112671132753833,0.09680252964288727,0.016072410116199618,0.018271767259056756,0.04726964798359548,FALSE,FALSE,FALSE,FALSE,TRUE,FALSE,FALSE,FALSE,TRUE,FALSE,FALSE,FALSE,TRUE,FALSE,FALSE,FALSE
Original retrospective results,original_wt_fc,d12fc83_d5c4563,H-MET428LEU,"H-MET428LEU,H-ASN434ALA",H-ASN434ALA,-0.03050763897721154,-0.012791269962090826,-0.010860438299485468,0.0025981445659603608,0.0012430686944634142,7.387259056733076e-4,FALSE,FALSE,FALSE,FALSE,FALSE,FALSE,FALSE,FALSE,FALSE,FALSE,FALSE,FALSE,FALSE,FALSE,FALSE,FALSE
Original retrospective results,original_wt_fc,d12fc83_f2a3c9d,H-MET428LEU,"H-VAL308PHE,H-MET428LEU",H-VAL308PHE,-0.03995774333657963,-0.04565092354198462,0.005755185034106609,0.004892185235816814,0.005526214627477786,0.003841640806561857,FALSE,FALSE,FALSE,FALSE,FALSE,FALSE,FALSE,FALSE,FALSE,FALSE,FALSE,FALSE,FALSE,FALSE,FALSE,FALSE
Original retrospective results,original_wt_fc,d21774d_8da9ef1,"H-HIP433HIE,H-ASN434PHE,H-TYR436HIE","H-HIP433LYN,H-ASN434PHE,H-TYR436HIE",H-HIE433LYN,0.01917767214448278,-0.009152291693163254,0.027247894180172594,9.901384142173566e-4,8.184627477785406e-4,0.0019297460697197551,FALSE,FALSE,FALSE,FALSE,FALSE,FALSE,FALSE,FALSE,FALSE,FALSE,FALSE,FALSE,FALSE,FALSE,FALSE,FALSE
Original retrospective results,original_wt_fc,d360136_1492934,H-GLY385ASP,"H-GLY385ASP,H-GLN386PRO",H-GLN386PRO,-0.02001004514859385,-0.12365909818706944,0.10268949504443699,0.001214734449760725,0.036129143198906616,0.02866329630895459,FALSE,FALSE,FALSE,FALSE,TRUE,TRUE,FALSE,FALSE,TRUE,TRUE,FALSE,FALSE,TRUE,TRUE,FALSE,FALSE
Original retrospective results,original_wt_fc,d360136_d8c2177,H-GLY385ASP,"H-GLY385ASP,H-ASN389SER",H-ASN389SER,-0.017732005997897992,0.00846586981617431,-0.028064120239485763,0.0011706985645932844,7.608048530416999e-4,0.002121967532467507,FALSE,FALSE,FALSE,FALSE,FALSE,FALSE,FALSE,FALSE,FALSE,FALSE,FALSE,FALSE,FALSE,FALSE,FALSE,FALSE
Original retrospective results,original_wt_fc,d52c98f_06006f2,"H-MET252TYR,H-SER254CYS,H-THR256GLU","H-MET252TYR,H-SER254THR,H-THR256GLU",H-CYS254THR,0.01016921299240355,0.0047668185901891275,0.007001962290338139,7.2783116883117e-4,4.349053315105971e-4,0.001745193096377312,FALSE,FALSE,FALSE,FALSE,FALSE,FALSE,FALSE,FALSE,FALSE,FALSE,FALSE,FALSE,FALSE,FALSE,FALSE,FALSE
Original retrospective results,original_wt_fc,d5c4563_69f3216,"H-MET428LEU,H-ASN434ALA","H-MET428LEU,H-ASN434SER",H-ALA434SER,-0.05727125043015707,-0.020800662939007,-0.03567889862637562,0.009124443609022556,0.0014309436090225558,0.004768342105263155,TRUE,FALSE,FALSE,FALSE,FALSE,FALSE,FALSE,FALSE,FALSE,FALSE,FALSE,FALSE,TRUE,FALSE,FALSE,FALSE
Original retrospective results,original_wt_fc,d5de769_034c669,"H-GLY385ASH,H-GLN386PRO,H-ASN389SER","H-GLY385ASP,H-GLN386PRO,H-ASN389SER",H-ASH385ASP,0.10023938521084294,0.030780115497582805,0.06193702170362098,0.02022361825017081,0.003070379015721146,0.00918831749829107,TRUE,TRUE,FALSE,FALSE,FALSE,FALSE,FALSE,FALSE,TRUE,FALSE,FALSE,FALSE,TRUE,TRUE,FALSE,FALSE
Original retrospective results,original_wt_fc,d80cabb_05527ee,"H-HIP433HIE,H-ASN434PHE","H-HIP433LYN,H-ASN434PHE",H-HIE433LYN,0.014080448758712763,0.013558950656538074,-0.002040283605219699,7.919299384825692e-4,7.427341079972659e-4,0.0010653414217361603,FALSE,FALSE,FALSE,FALSE,FALSE,FALSE,FALSE,FALSE,FALSE,FALSE,FALSE,FALSE,FALSE,FALSE,FALSE,FALSE
Original retrospective results,original_wt_fc,d80cabb_11aa163,"H-HIP433HIE,H-ASN434PHE","H-HIP433HIE,H-ASN434PHE,H-TYR436HID",H-TYR436HID,-0.032854380436995845,-0.03412629399009165,-0.005917069484842736,0.004685388585099112,0.0046280225563909766,0.002643193096377309,FALSE,FALSE,FALSE,FALSE,FALSE,FALSE,FALSE,FALSE,FALSE,FALSE,FALSE,FALSE,FALSE,FALSE,FALSE,FALSE
Original retrospective results,original_wt_fc,d80cabb_785a9e7,"H-HIP433HIE,H-ASN434PHE","H-HIP433HIE,H-ASN434PHE,H-TYR436HIP",H-TYR436HIP,0.0077608801157731475,-0.01792021134762619,0.02021480746065537,0.002086090225563904,0.0021005878332193205,0.007035550239234298,FALSE,FALSE,FALSE,FALSE,FALSE,FALSE,FALSE,FALSE,FALSE,FALSE,FALSE,FALSE,FALSE,FALSE,FALSE,FALSE
Original retrospective results,original_wt_fc,d80cabb_d21774d,"H-HIP433HIE,H-ASN434PHE","H-HIP433HIE,H-ASN434PHE,H-TYR436HIE",H-TYR436HIE,NA,NA,NA,NA,NA,NA,NA,NA,NA,NA,NA,NA,NA,NA,NA,NA,NA,NA,NA,NA,NA,NA
Original retrospective results,original_wt_fc,d81abff_cbf23e3,"H-THR307GLN,H-GLU380ALA","H-THR307GLN,H-GLU380ALA,H-ASN434ALA",H-ASN434ALA,-0.005682795495754383,-0.005866853649466538,0.001459729062783592,6.843694463431294e-4,3.7037730690360943e-4,7.192211209842613e-4,FALSE,FALSE,FALSE,FALSE,FALSE,FALSE,FALSE,FALSE,FALSE,FALSE,FALSE,FALSE,FALSE,FALSE,FALSE,FALSE
Original retrospective results,original_wt_fc,d81abff_d9e4952,"H-THR307GLN,H-GLU380ALA","H-THR307GLN,H-GLU380GLH",H-ALA380GLH,0.024895015652557494,0.01144036461645162,0.013898723889380887,0.002533704374572794,0.0039601308954203785,0.00979296274777854,FALSE,FALSE,FALSE,FALSE,FALSE,FALSE,FALSE,FALSE,FALSE,FALSE,FALSE,FALSE,FALSE,FALSE,FALSE,FALSE
Original retrospective results,original_wt_fc,d85bdf9_05b8660,"H-HIP433LYS,H-TYR436HIE","H-HIP433LYS,H-ASN434PHE,H-TYR436HIE",H-ASN434PHE,0.009152291693158048,0.008402750563120186,8.886557733743919e-4,8.856883116883264e-4,2.079398496240773e-4,7.69977785372538e-4,FALSE,FALSE,FALSE,FALSE,FALSE,FALSE,FALSE,FALSE,FALSE,FALSE,FALSE,FALSE,FALSE,FALSE,FALSE,FALSE
Original retrospective results,original_wt_fc,d8c2177_034c669,"H-GLY385ASP,H-ASN389SER","H-GLY385ASP,H-GLN386PRO,H-ASN389SER",H-GLN386PRO,-0.05138128669846251,-0.03813454872158679,-0.016847440018920495,0.006910504101162031,0.009345222146274796,0.004126233082706838,TRUE,FALSE,FALSE,FALSE,FALSE,FALSE,FALSE,FALSE,FALSE,FALSE,FALSE,FALSE,TRUE,FALSE,FALSE,FALSE
Original retrospective results,original_wt_fc,d8db775_11aa163,"H-HIP433HIE,H-TYR436HID","H-HIP433HIE,H-ASN434PHE,H-TYR436HID",H-ASN434PHE,0.013715510574077189,0.05711313808524068,-0.043887605640706664,0.0017849090909091195,0.006684195488721707,0.005987341421736044,FALSE,FALSE,FALSE,FALSE,TRUE,FALSE,FALSE,FALSE,FALSE,FALSE,FALSE,FALSE,TRUE,FALSE,FALSE,FALSE
Original retrospective results,original_wt_fc,d8db775_2403192,"H-HIP433HIE,H-TYR436HID","H-HIP433HIE,H-ASN434TYR,H-TYR436HID",H-ASN434TYR,0.028045089450695462,0.05237144691087862,-0.026632676768410253,0.003240839371155175,0.005871083048530361,0.0032507378673957508,FALSE,FALSE,FALSE,FALSE,TRUE,FALSE,FALSE,FALSE,FALSE,FALSE,FALSE,FALSE,TRUE,FALSE,FALSE,FALSE
Original retrospective results,original_wt_fc,d8db775_6057bd3,"H-HIP433HIE,H-TYR436HID","H-HIP433HIE,H-TYR436HIE",H-HID436HIE,0.1263887900484431,0.015884616535126572,0.10677673642023641,0.03535356869446343,0.002703664730006837,0.03341177375256323,TRUE,TRUE,FALSE,FALSE,FALSE,FALSE,FALSE,FALSE,TRUE,TRUE,FALSE,FALSE,TRUE,TRUE,FALSE,FALSE
Original retrospective results,original_wt_fc,d8dbf98_05b8660,"H-HIP433LYS,H-ASN434PHE","H-HIP433LYS,H-ASN434PHE,H-TYR436HIE",H-TYR436HIE,-0.06764737338424903,0.06392076738082182,-0.13321669020048515,0.010827857484620644,0.009427602870813396,0.03855533116883117,TRUE,FALSE,FALSE,FALSE,TRUE,FALSE,FALSE,FALSE,TRUE,TRUE,FALSE,FALSE,TRUE,TRUE,FALSE,FALSE
Original retrospective results,original_wt_fc,d8dbf98_066482d,"H-HIP433LYS,H-ASN434PHE","H-HIP433LYS,H-ASN434PHE,H-TYR436HID",H-TYR436HID,-0.004160132587801574,-0.11164409154796395,0.11320566938726778,6.697484620642527e-4,0.028390420369104576,0.02765645625427204,FALSE,FALSE,FALSE,FALSE,TRUE,TRUE,FALSE,FALSE,TRUE,TRUE,FALSE,FALSE,TRUE,TRUE,FALSE,FALSE
Original retrospective results,original_wt_fc,d8dbf98_53eaf25,"H-HIP433LYS,H-ASN434PHE","H-HIP433LYS,H-ASN434PHE,H-TYR436HIP",H-TYR436HIP,0.040628883983794106,-0.02203329481687385,0.06614785243643928,0.0050535369104580995,0.0013260594668490216,0.010650827067669595,FALSE,FALSE,FALSE,FALSE,FALSE,FALSE,FALSE,FALSE,TRUE,FALSE,FALSE,FALSE,TRUE,FALSE,FALSE,FALSE
Original retrospective results,original_wt_fc,d91d13e_07b287d,H-LEU309ASP,"H-LEU309ASP,H-GLN311HID",H-GLN311HID,0.05566963139256528,0.022514050879815856,0.033929355298553114,0.0068175751879699115,0.0016633174982911734,0.006448325017088178,TRUE,FALSE,FALSE,FALSE,FALSE,FALSE,FALSE,FALSE,FALSE,FALSE,FALSE,FALSE,TRUE,FALSE,FALSE,FALSE
Original retrospective results,original_wt_fc,d91d13e_93e766b,H-LEU309ASP,"H-LEU309ASP,H-ASN434SER",H-ASN434SER,-0.037467337914318694,0.009432158689382122,-0.040985293172508146,0.005241936431989097,6.817265892003095e-4,0.0055821062884484325,FALSE,FALSE,FALSE,FALSE,FALSE,FALSE,FALSE,FALSE,FALSE,FALSE,FALSE,FALSE,FALSE,FALSE,FALSE,FALSE
Original retrospective results,original_wt_fc,d91d13e_a5661a1,H-LEU309ASP,"H-LEU309ASP,H-GLN311HIE",H-GLN311HIE,-0.05504639206757482,-0.011359227278748595,-0.05045550823114998,0.008137722146274817,0.004731748462064282,0.006517894736842123,TRUE,FALSE,FALSE,FALSE,FALSE,FALSE,FALSE,FALSE,TRUE,FALSE,FALSE,FALSE,TRUE,FALSE,FALSE,FALSE
Original retrospective results,original_wt_fc,d91d13e_edc993d,H-LEU309ASP,"H-LEU309ASP,H-GLN311HIP",H-GLN311HIP,-0.06506006372874168,0.010895585349002321,-0.08614170838981969,0.013478353725222119,0.0017613656869445939,0.017337237867395695,TRUE,FALSE,FALSE,FALSE,FALSE,FALSE,FALSE,FALSE,TRUE,FALSE,FALSE,FALSE,TRUE,FALSE,FALSE,FALSE
Original retrospective results,original_wt_fc,d943941_e0a7d5c,H-ASN434HID,H-ASN434HIE,H-HID434HIE,0.03965993067037354,-0.012896962763906925,0.06933554313002356,0.014476114149008885,0.001170279562542722,0.016518443609022555,FALSE,FALSE,FALSE,FALSE,FALSE,FALSE,FALSE,FALSE,TRUE,FALSE,FALSE,FALSE,TRUE,FALSE,FALSE,FALSE
Original retrospective results,original_wt_fc,d9e4952_33bfc93,"H-THR307GLN,H-GLU380GLH","H-THR307GLN,H-GLU380GLH,H-ASN434ALA",H-ASN434ALA,-0.020534640855160297,0,-0.015253819488616054,0.001430561517429938,1.5446992481202022e-4,0.0015716479835953866,FALSE,FALSE,FALSE,FALSE,FALSE,FALSE,FALSE,FALSE,FALSE,FALSE,FALSE,FALSE,FALSE,FALSE,FALSE,FALSE
Original retrospective results,original_wt_fc,daafd9b_0712e2b,"H-GLN311HID,H-ASN434SER","H-LEU309ASP,H-GLN311HID,H-ASN434SER",H-LEU309ASP,-0.005123718853857883,-0.033385718125999636,0.02958231536853212,0.0020202265892004085,0.006187644565960549,0.005516835953520429,FALSE,FALSE,FALSE,FALSE,FALSE,FALSE,FALSE,FALSE,FALSE,FALSE,FALSE,FALSE,FALSE,FALSE,FALSE,FALSE
Original retrospective results,original_wt_fc,daafd9b_0a13055,"H-GLN311HID,H-ASN434SER","H-LEU309ASH,H-GLN311HID,H-ASN434SER",H-LEU309ASH,NA,NA,NA,NA,NA,NA,NA,NA,NA,NA,NA,NA,NA,NA,NA,NA,NA,NA,NA,NA,NA,NA
Original retrospective results,original_wt_fc,daafd9b_0a3b167,"H-GLN311HID,H-ASN434SER","H-GLN311HIP,H-ASN434SER",H-HID311HIP,-0.06254065990328277,-0.09152291693163074,0.029108303996113624,0.008460102529049914,0.018635585782638485,0.003034151742993819,TRUE,FALSE,FALSE,FALSE,TRUE,FALSE,FALSE,FALSE,FALSE,FALSE,FALSE,FALSE,TRUE,FALSE,FALSE,FALSE
Original retrospective results,original_wt_fc,daafd9b_fa6e1ae,"H-GLN311HID,H-ASN434SER","H-GLN311HIE,H-ASN434SER",H-HID311HIE,0.0897669907130671,0.01704838648726464,0.07231094599677834,0.018993436431989072,0.0010518940533151063,0.012749621667805883,TRUE,FALSE,FALSE,FALSE,FALSE,FALSE,FALSE,FALSE,TRUE,FALSE,FALSE,FALSE,TRUE,FALSE,FALSE,FALSE
Original retrospective results,original_wt_fc,df7e559_034c669,"H-GLN386PRO,H-ASN389SER","H-GLY385ASP,H-GLN386PRO,H-ASN389SER",H-GLY385ASP,-0.06172475793063732,-0.09034954620173637,0.017122627016945946,0.010387907723854768,0.014618565618591855,0.002029879699248152,TRUE,FALSE,FALSE,FALSE,TRUE,FALSE,FALSE,FALSE,FALSE,FALSE,FALSE,FALSE,TRUE,FALSE,FALSE,FALSE
Original retrospective results,original_wt_fc,df7e559_d5de769,"H-GLN386PRO,H-ASN389SER","H-GLY385ASH,H-GLN386PRO,H-ASN389SER",H-GLY385ASH,-0.06705503206227882,-0.0554515233959386,-0.010514031134100123,0.010430843814080666,0.008272691045796298,0.0017625129870129947,TRUE,FALSE,FALSE,FALSE,TRUE,FALSE,FALSE,FALSE,FALSE,FALSE,FALSE,FALSE,TRUE,FALSE,FALSE,FALSE
Original retrospective results,original_wt_fc,e2f3329_5dffa4d,"H-MET252TYR,H-SER254CYS,H-THR256GLH","H-MET252TYR,H-SER254THR,H-THR256GLH",H-CYS254THR,0.02826835773241851,-0.023671273583418192,0.05148164077404277,0.002637523581681477,0.0017437983595351985,0.0077465782638414145,FALSE,FALSE,FALSE,FALSE,FALSE,FALSE,FALSE,FALSE,TRUE,FALSE,FALSE,FALSE,TRUE,FALSE,FALSE,FALSE
Original retrospective results,original_wt_fc,e563734_476a620,"H-HIP433HID,H-ASN434PHE","H-HIP433HID,H-ASN434PHE,H-TYR436HID",H-TYR436HID,0.025262729616103742,0.07245564257087464,-0.03982941755358024,0.006181219412166784,0.014927267942583734,0.006191028024606973,FALSE,FALSE,FALSE,FALSE,TRUE,FALSE,FALSE,FALSE,FALSE,FALSE,FALSE,FALSE,TRUE,FALSE,FALSE,FALSE
Original retrospective results,original_wt_fc,e563734_7c2de05,"H-HIP433HID,H-ASN434PHE","H-HIP433HID,H-ASN434PHE,H-TYR436HIP",H-TYR436HIP,0.03177879060126278,0.035592245473401396,-0.005168701272860748,0.0025061288448393984,0.0038822744360903615,7.036476418318905e-4,FALSE,FALSE,FALSE,FALSE,FALSE,FALSE,FALSE,FALSE,FALSE,FALSE,FALSE,FALSE,FALSE,FALSE,FALSE,FALSE
Original retrospective results,original_wt_fc,e563734_be9b15f,"H-HIP433HID,H-ASN434PHE","H-HIP433HID,H-ASN434PHE,H-TYR436HIE",H-TYR436HIE,-0.01483284426480471,-0.03671333058628978,0.022199755148595096,0.0013382987012987059,0.0040371722488038225,0.0031530642515379325,FALSE,FALSE,FALSE,FALSE,FALSE,FALSE,FALSE,FALSE,FALSE,FALSE,FALSE,FALSE,FALSE,FALSE,FALSE,FALSE
Original retrospective results,original_wt_fc,e563734_d8dbf98,"H-HIP433HID,H-ASN434PHE","H-HIP433LYS,H-ASN434PHE",H-HID433LYS,-0.04693482919571284,-0.02352074963103198,-0.02195061828847972,0.004932986671223575,0.0015303489405331207,0.0024101093643200205,FALSE,FALSE,FALSE,FALSE,FALSE,FALSE,FALSE,FALSE,FALSE,FALSE,FALSE,FALSE,FALSE,FALSE,FALSE,FALSE
Original retrospective results,original_wt_fc,e6f054b_9403b76,H-SER254CYM,"H-SER254CYM,H-THR256GLU",H-THR256GLU,-0.015253819488678275,0.015253819488604207,-0.03216644677030502,0.0010766326042379634,0.0015926555023923002,0.0034211445659605546,FALSE,FALSE,FALSE,FALSE,FALSE,FALSE,FALSE,FALSE,FALSE,FALSE,FALSE,FALSE,FALSE,FALSE,FALSE,FALSE
Original retrospective results,original_wt_fc,e6f054b_ecab8cb,H-SER254CYM,"H-MET252TYR,H-SER254CYM",H-MET252TYR,-0.07568794684567345,0.002001038685601861,-0.07682891775422386,0.013909633287764865,0.00410513841421736,0.013884015379357484,TRUE,FALSE,FALSE,FALSE,FALSE,FALSE,FALSE,FALSE,TRUE,FALSE,FALSE,FALSE,TRUE,FALSE,FALSE,FALSE
Original retrospective results,original_wt_fc,e6f054b_f3453b5,H-SER254CYM,"H-SER254CYM,H-THR256GLH",H-THR256GLH,0.022736620064833804,0.002773421725202692,0.022222256900946324,0.0017314972658919918,4.347293233082712e-4,0.0020288168147641703,FALSE,FALSE,FALSE,FALSE,FALSE,FALSE,FALSE,FALSE,FALSE,FALSE,FALSE,FALSE,FALSE,FALSE,FALSE,FALSE
Original retrospective results,original_wt_fc,e6f054b_fac7d4a,H-SER254CYM,H-SER254THR,H-CYM254THR,0.08583758673672559,-0.012711516240504062,0.10023938521083392,0.017952516062884477,5.963000683527e-4,0.023014559466848952,TRUE,FALSE,FALSE,FALSE,FALSE,FALSE,FALSE,FALSE,TRUE,TRUE,FALSE,FALSE,TRUE,TRUE,FALSE,FALSE
Original retrospective results,original_wt_fc,e8850ca_943b60e,H-ASP312ILE,H-ASP312SER,H-ILE312SER,0.03706377567859308,0.02070161216310719,0.020873647721249288,0.004102537935748471,0.0013118359535201675,0.002227583048530416,FALSE,FALSE,FALSE,FALSE,FALSE,FALSE,FALSE,FALSE,FALSE,FALSE,FALSE,FALSE,FALSE,FALSE,FALSE,FALSE
Original retrospective results,original_wt_fc,eb49b9b_4bea93e,"H-THR256GLH,H-THR307GLN","H-MET252TYR,H-THR256GLH,H-THR307GLN",H-MET252TYR,0.06582080454519187,-0.0012846745136680339,0.07075175847906237,0.010537777511961721,0.0010225574162679415,0.013927313397129189,TRUE,FALSE,FALSE,FALSE,FALSE,FALSE,FALSE,FALSE,TRUE,FALSE,FALSE,FALSE,TRUE,FALSE,FALSE,FALSE
Original retrospective results,original_wt_fc,ecab8cb_3f4a357,"H-MET252TYR,H-SER254CYM","H-MET252TYR,H-SER254CYM,H-THR256GLH",H-THR256GLH,0.03426956067541339,0.011281194326137688,0.014945630074448405,0.005014207792207822,6.582987012986897e-4,0.0034318311688312127,FALSE,FALSE,FALSE,FALSE,FALSE,FALSE,FALSE,FALSE,FALSE,FALSE,FALSE,FALSE,FALSE,FALSE,FALSE,FALSE
Original retrospective results,original_wt_fc,ecab8cb_6a09f7e,"H-MET252TYR,H-SER254CYM","H-MET252TYR,H-SER254CYM,H-THR256GLU",H-THR256GLU,0.10372597252252104,0.043805840582659024,0.05602578560072198,0.02468414319890592,0.0053637306903622185,0.00844278879015705,TRUE,TRUE,FALSE,FALSE,FALSE,FALSE,FALSE,FALSE,TRUE,FALSE,FALSE,FALSE,TRUE,TRUE,FALSE,FALSE
Original retrospective results,original_wt_fc,ecab8cb_ff98ed1,"H-MET252TYR,H-SER254CYM","H-MET252TYR,H-SER254VAL",H-CYM254VAL,0.07913818259447958,0.0081381641337558,0.06829574501881261,0.01408515960355435,0.0013240618591934391,0.013030116541353385,TRUE,FALSE,FALSE,FALSE,FALSE,FALSE,FALSE,FALSE,TRUE,FALSE,FALSE,FALSE,TRUE,FALSE,FALSE,FALSE
Original retrospective results,original_wt_fc,edc993d_ce10634,"H-LEU309ASP,H-GLN311HIP","H-LEU309ASP,H-GLN311HIP,H-ASN434SER",H-ASN434SER,0.05491375015897762,-0.015798598756053397,0.06976978485885407,0.0077432785372522125,7.878246753246679e-4,0.011508222146274708,TRUE,FALSE,FALSE,FALSE,FALSE,FALSE,FALSE,FALSE,TRUE,FALSE,FALSE,FALSE,TRUE,FALSE,FALSE,FALSE
Original retrospective results,original_wt_fc,ef9c560_9e6f7ae,"H-VAL259ILE,H-ASN315ASP","H-VAL259ILE,H-ASN315ASP,H-ASN434TYR",H-ASN434TYR,0.007485670674962024,-0.024924303135684965,0.04125842460807014,0.005077883800410124,0.0025506732740943503,0.007127932330827222,FALSE,FALSE,FALSE,FALSE,FALSE,FALSE,FALSE,FALSE,FALSE,FALSE,FALSE,FALSE,FALSE,FALSE,FALSE,FALSE
Original retrospective results,original_wt_fc,f19b916_33f36a8,H-SER254CYS,"H-MET252TYR,H-SER254CYS",H-MET252TYR,0.037384159214412224,0.030507638977210455,0.011440364616453846,0.006781414900888588,0.003820651742993847,0.005114817498291189,FALSE,FALSE,FALSE,FALSE,FALSE,FALSE,FALSE,FALSE,FALSE,FALSE,FALSE,FALSE,FALSE,FALSE,FALSE,FALSE
Original retrospective results,original_wt_fc,f19b916_35d1206,H-SER254CYS,H-SER254VAL,H-CYS254VAL,0.003050763897720935,-0.01809474566454758,0.022202486169334276,7.838359535201636e-4,8.364784688995215e-4,0.001850352699931647,FALSE,FALSE,FALSE,FALSE,FALSE,FALSE,FALSE,FALSE,FALSE,FALSE,FALSE,FALSE,FALSE,FALSE,FALSE,FALSE
Original retrospective results,original_wt_fc,f19b916_939df5b,H-SER254CYS,"H-SER254CYS,H-THR256GLU",H-THR256GLU,0.009111065154024807,-0.01771773103313679,0.028760916640663048,0.004254595693779816,8.803776486671163e-4,0.005896781954887176,FALSE,FALSE,FALSE,FALSE,FALSE,FALSE,FALSE,FALSE,FALSE,FALSE,FALSE,FALSE,FALSE,FALSE,FALSE,FALSE
Original retrospective results,original_wt_fc,f19b916_a18aec5,H-SER254CYS,"H-SER254CYS,H-THR256GLH",H-THR256GLH,-0.017796122736705545,0.00610152779544032,-0.025931493130632075,0.0013470669856459339,0.0010091995898838047,0.003485283321941221,FALSE,FALSE,FALSE,FALSE,FALSE,FALSE,FALSE,FALSE,FALSE,FALSE,FALSE,FALSE,FALSE,FALSE,FALSE,FALSE
Original retrospective results,original_wt_fc,f1e63ac_3aa74dd,H-VAL308THR,"H-VAL308THR,H-GLN311SER",H-GLN311SER,-0.0019311726596167459,-0.01677920143746563,0.014667134123660091,0.002283147983595373,7.647963089542036e-4,0.0030842785372521804,FALSE,FALSE,FALSE,FALSE,FALSE,FALSE,FALSE,FALSE,FALSE,FALSE,FALSE,FALSE,FALSE,FALSE,FALSE,FALSE
Original retrospective results,original_wt_fc,f1e63ac_509ecb0,H-VAL308THR,"H-VAL308THR,H-LEU309PRO",H-LEU309PRO,-0.028928550507380947,0.015253819488612996,-0.042688587583327206,0.003060037593985019,0.001054315105946683,0.004604198564593323,FALSE,FALSE,FALSE,FALSE,FALSE,FALSE,FALSE,FALSE,FALSE,FALSE,FALSE,FALSE,FALSE,FALSE,FALSE,FALSE
Original retrospective results,original_wt_fc,f22422f_52df214,H-LEU432LYN,H-LEU432LYS,H-LYN432LYS,NA,NA,NA,NA,NA,NA,NA,NA,NA,NA,NA,NA,NA,NA,NA,NA,NA,NA,NA,NA,NA,NA
Original retrospective results,original_wt_fc,f2a3c9d_fbdd91a,"H-VAL308PHE,H-MET428LEU","H-VAL259ILE,H-VAL308PHE,H-MET428LEU",H-VAL259ILE,-0.0036770861155480863,-0.06005177206916962,0.05810206116252409,6.556120984278891e-4,0.007758493848256997,0.007121616883116874,FALSE,FALSE,FALSE,FALSE,TRUE,FALSE,FALSE,FALSE,TRUE,FALSE,FALSE,FALSE,TRUE,FALSE,FALSE,FALSE
Original retrospective results,original_wt_fc,f2a9ae7_07740e0,H-THR307GLN,"H-THR256ASH,H-THR307GLN",H-THR256ASH,-0.02956400346037798,-0.014111067018499845,-0.010850187076717359,0.002428962747778518,0.0017435423786739716,0.0031904220779220608,FALSE,FALSE,FALSE,FALSE,FALSE,FALSE,FALSE,FALSE,FALSE,FALSE,FALSE,FALSE,FALSE,FALSE,FALSE,FALSE
Original retrospective results,original_wt_fc,f2a9ae7_1ddc814,H-THR307GLN,"H-THR256ASP,H-THR307GLN",H-THR256ASP,0.023563888260802565,0.0016948688320753361,0.023486650183578685,0.001630188311688129,1.1730246069718129e-4,0.0015110632262472737,FALSE,FALSE,FALSE,FALSE,FALSE,FALSE,FALSE,FALSE,FALSE,FALSE,FALSE,FALSE,FALSE,FALSE,FALSE,FALSE
Original retrospective results,original_wt_fc,f2a9ae7_88df04a,H-THR307GLN,"H-THR307GLN,H-ASN434SER",H-ASN434SER,-0.06101527795442108,0.005763936889879462,-0.0652792526114687,0.008618931647300076,5.704326725905817e-4,0.010427456596035554,TRUE,FALSE,FALSE,FALSE,FALSE,FALSE,FALSE,FALSE,TRUE,FALSE,FALSE,FALSE,TRUE,FALSE,FALSE,FALSE
Original retrospective results,original_wt_fc,f2a9ae7_ab77ba0,H-THR307GLN,"H-THR307GLN,H-ASN434ALA",H-ASN434ALA,-0.019700349874543284,-0.006664879083372644,-0.011745929910695466,0.001127999999999989,4.0740362269309265e-4,0.0013310352016404228,FALSE,FALSE,FALSE,FALSE,FALSE,FALSE,FALSE,FALSE,FALSE,FALSE,FALSE,FALSE,FALSE,FALSE,FALSE,FALSE
Original retrospective results,original_wt_fc,f2a9ae7_c276898,H-THR307GLN,"H-THR256GLU,H-THR307GLN",H-THR256GLU,-0.008011486972929338,0.007993588097393884,-0.013821251785313175,0.0020691028708133825,5.675017088174784e-4,0.002770982570061609,FALSE,FALSE,FALSE,FALSE,FALSE,FALSE,FALSE,FALSE,FALSE,FALSE,FALSE,FALSE,FALSE,FALSE,FALSE,FALSE
Original retrospective results,original_wt_fc,f2a9ae7_d81abff,H-THR307GLN,"H-THR307GLN,H-GLU380ALA",H-GLU380ALA,-8.646550084451658e-4,-0.006894679546116842,0.004648087220735609,5.802194121667827e-4,0.004757203349282297,0.003933578263841431,FALSE,FALSE,FALSE,FALSE,FALSE,FALSE,FALSE,FALSE,FALSE,FALSE,FALSE,FALSE,FALSE,FALSE,FALSE,FALSE
Original retrospective results,original_wt_fc,f2a9ae7_d9e4952,H-THR307GLN,"H-THR307GLN,H-GLU380GLH",H-GLU380GLH,0.027376591819023476,0.03133277248755817,-0.015253819488609956,0.012434894736842114,0.003398098086124389,0.010761703349282293,FALSE,FALSE,FALSE,FALSE,FALSE,FALSE,FALSE,FALSE,FALSE,FALSE,FALSE,FALSE,FALSE,FALSE,FALSE,FALSE
Original retrospective results,original_wt_fc,f2a9ae7_eb49b9b,H-THR307GLN,"H-THR256GLH,H-THR307GLN",H-THR256GLH,-0.10372597252251609,0.014080448758711984,-0.13278134153969923,0.023228798701298594,0.002155300068352706,0.035022264866712095,TRUE,TRUE,FALSE,FALSE,FALSE,FALSE,FALSE,FALSE,TRUE,TRUE,FALSE,FALSE,TRUE,TRUE,FALSE,FALSE
Original retrospective results,original_wt_fc,f2a9ae7_f625f96,H-THR307GLN,"H-MET252TYR,H-THR307GLN",H-MET252TYR,0.06426744509647173,-0.06394419874716378,0.13058278926182776,0.011659434039644567,0.01704891831852359,0.05262835099111417,TRUE,FALSE,FALSE,FALSE,TRUE,FALSE,FALSE,FALSE,TRUE,TRUE,FALSE,FALSE,TRUE,TRUE,FALSE,FALSE
Original retrospective results,original_wt_fc,f2cfbdf_1492934,H-GLN386PRO,"H-GLY385ASP,H-GLN386PRO",H-GLY385ASP,-9.533637180356028e-4,-0.007244299429604211,0.0031852694765501064,6.150352016404565e-4,9.311691729323489e-4,0.0020536742993848924,FALSE,FALSE,FALSE,FALSE,FALSE,FALSE,FALSE,FALSE,FALSE,FALSE,FALSE,FALSE,FALSE,FALSE,FALSE,FALSE
Original retrospective results,original_wt_fc,f2cfbdf_6c8f083,H-GLN386PRO,"H-GLY385ASH,H-GLN386PRO",H-GLY385ASH,-0.014113247381491044,-0.17005102596706584,0.15728231434009712,6.235686944634284e-4,0.06564252358168148,0.05687675939849626,FALSE,FALSE,FALSE,FALSE,TRUE,TRUE,FALSE,FALSE,TRUE,TRUE,FALSE,FALSE,TRUE,TRUE,FALSE,FALSE
Original retrospective results,original_wt_fc,f2cfbdf_df7e559,H-GLN386PRO,"H-GLN386PRO,H-ASN389SER",H-ASN389SER,0.01722923648448939,0.0032570845564564577,0.015253819488604005,0.0013576213260423908,9.26035201640465e-4,0.0011241220095694257,FALSE,FALSE,FALSE,FALSE,FALSE,FALSE,FALSE,FALSE,FALSE,FALSE,FALSE,FALSE,FALSE,FALSE,FALSE,FALSE
Original retrospective results,original_wt_fc,f3453b5_3f4a357,"H-SER254CYM,H-THR256GLH","H-MET252TYR,H-SER254CYM,H-THR256GLH",H-MET252TYR,0.06833075555083103,0.009038323342781231,0.058373874429782216,0.011710260423786745,5.799866712235132e-4,0.01029463568010937,TRUE,FALSE,FALSE,FALSE,FALSE,FALSE,FALSE,FALSE,TRUE,FALSE,FALSE,FALSE,TRUE,FALSE,FALSE,FALSE
Original retrospective results,original_wt_fc,f3453b5_adc5c77,"H-SER254CYM,H-THR256GLH","H-SER254THR,H-THR256GLH",H-CYM254THR,0.05847297470631942,0.021326566492559165,0.04129051137432798,0.008907114490772382,0.0017942983595352,0.00641677204374572,TRUE,FALSE,FALSE,FALSE,FALSE,FALSE,FALSE,FALSE,FALSE,FALSE,FALSE,FALSE,TRUE,FALSE,FALSE,FALSE
Original retrospective results,original_wt_fc,f4d432c_075da99,H-ASN434SER,"H-LEU309ASH,H-ASN434SER",H-LEU309ASH,0.0335584028749327,-0.03189434983981043,0.06700250892316434,0.003329204374572773,0.002446118250170935,0.009854614149008912,FALSE,FALSE,FALSE,FALSE,FALSE,FALSE,FALSE,FALSE,TRUE,FALSE,FALSE,FALSE,TRUE,FALSE,FALSE,FALSE
Original retrospective results,original_wt_fc,f4d432c_0a3b167,H-ASN434SER,"H-GLN311HIP,H-ASN434SER",H-GLN311HIP,-0.002938573187582255,-0.04449030684176534,0.0508460649620155,0.0023330280246069497,0.005406872522214682,0.005912688995215294,FALSE,FALSE,FALSE,FALSE,FALSE,FALSE,FALSE,FALSE,TRUE,FALSE,FALSE,FALSE,TRUE,FALSE,FALSE,FALSE
Original retrospective results,original_wt_fc,f4d432c_69f3216,H-ASN434SER,"H-MET428LEU,H-ASN434SER",H-MET428LEU,-0.006443071835731026,-0.03532463460519112,0.03744119329021253,5.905902255639109e-4,0.0042980375939849665,0.003706289473684205,FALSE,FALSE,FALSE,FALSE,FALSE,FALSE,FALSE,FALSE,FALSE,FALSE,FALSE,FALSE,FALSE,FALSE,FALSE,FALSE
Original retrospective results,original_wt_fc,f4d432c_88df04a,H-ASN434SER,"H-THR307GLN,H-ASN434SER",H-THR307GLN,-0.05640597163068961,0.036609166772653835,-0.08979016739064292,0.008485482911824969,0.003336410799726584,0.020060087833219314,TRUE,FALSE,FALSE,FALSE,FALSE,FALSE,FALSE,FALSE,TRUE,FALSE,FALSE,FALSE,TRUE,FALSE,FALSE,FALSE
Original retrospective results,original_wt_fc,f4d432c_93e766b,H-ASN434SER,"H-LEU309ASP,H-ASN434SER",H-LEU309ASP,-0.05773822113022002,0.02193899190167639,-0.08339613540003155,0.008403203349282351,0.003992203007518948,0.02017443267259108,TRUE,FALSE,FALSE,FALSE,FALSE,FALSE,FALSE,FALSE,TRUE,FALSE,FALSE,FALSE,TRUE,FALSE,FALSE,FALSE
Original retrospective results,original_wt_fc,f4d432c_daafd9b,H-ASN434SER,"H-GLN311HID,H-ASN434SER",H-GLN311HID,0.021355347284057125,-0.011354126378729606,0.03335007524765651,0.0017708318523581889,9.29140464798353e-4,0.0035116384142174,FALSE,FALSE,FALSE,FALSE,FALSE,FALSE,FALSE,FALSE,FALSE,FALSE,FALSE,FALSE,FALSE,FALSE,FALSE,FALSE
Original retrospective results,original_wt_fc,f4d432c_fa6e1ae,H-ASN434SER,"H-GLN311HIE,H-ASN434SER",H-GLN311HIE,0.010405834290386985,-0.031443940926981814,0.03807203306786748,0.00626634894053317,0.0039299938482570095,0.007532234107997243,FALSE,FALSE,FALSE,FALSE,FALSE,FALSE,FALSE,FALSE,FALSE,FALSE,FALSE,FALSE,FALSE,FALSE,FALSE,FALSE
Original retrospective results,original_wt_fc,f4f6874_3aa74dd,H-GLN311SER,"H-VAL308THR,H-GLN311SER",H-VAL308THR,-0.06372315137204083,0.15691388989961008,-0.22641085893947516,0.018652475393028032,0.055627625427204376,0.12924923786739578,TRUE,FALSE,FALSE,FALSE,TRUE,TRUE,FALSE,FALSE,TRUE,TRUE,TRUE,FALSE,TRUE,TRUE,TRUE,FALSE
Original retrospective results,original_wt_fc,f4f6874_b9ac034,H-GLN311SER,"H-LEU309PRO,H-GLN311SER",H-LEU309PRO,-0.046200440020456535,0.017490864102973805,-0.064392553347731335,0.005005982911825066,8.927344497607761e-4,0.0097072077922079,FALSE,FALSE,FALSE,FALSE,FALSE,FALSE,FALSE,FALSE,TRUE,FALSE,FALSE,FALSE,TRUE,FALSE,FALSE,FALSE
Original retrospective results,original_wt_fc,f5efd58_3f4a357,"H-MET252TYR,H-THR256GLH","H-MET252TYR,H-SER254CYM,H-THR256GLH",H-SER254CYM,-0.0973618331827652,-0.005877146375164694,-0.08544768882496509,0.023754722146275088,0.0022195956937798756,0.018450664730006987,TRUE,FALSE,FALSE,FALSE,FALSE,FALSE,FALSE,FALSE,TRUE,FALSE,FALSE,FALSE,TRUE,FALSE,FALSE,FALSE
Original retrospective results,original_wt_fc,f5efd58_4bea93e,"H-MET252TYR,H-THR256GLH","H-MET252TYR,H-THR256GLH,H-THR307GLN",H-THR307GLN,0.0033897376641371254,0.054235802626151866,-0.05151525768213275,4.4507826384142083e-4,0.006732790498974739,0.006924384825700656,FALSE,FALSE,FALSE,FALSE,TRUE,FALSE,FALSE,FALSE,TRUE,FALSE,FALSE,FALSE,TRUE,FALSE,FALSE,FALSE
Original retrospective results,original_wt_fc,f5efd58_5dffa4d,"H-MET252TYR,H-THR256GLH","H-MET252TYR,H-SER254THR,H-THR256GLH",H-SER254THR,0.04321915521771554,0,0.04156280613183096,0.005148973684210537,0.0010772867395762115,0.005737286739576221,FALSE,FALSE,FALSE,FALSE,FALSE,FALSE,FALSE,FALSE,FALSE,FALSE,FALSE,FALSE,FALSE,FALSE,FALSE,FALSE
Original retrospective results,original_wt_fc,f5efd58_a7d9af9,"H-MET252TYR,H-THR256GLH","H-MET252TYR,H-SER254VAL,H-THR256GLH",H-SER254VAL,-0.06101527795442084,-0.020063381481357286,-0.041322679004413915,0.01065947846889952,0.001363411141490089,0.004972746069719755,TRUE,FALSE,FALSE,FALSE,FALSE,FALSE,FALSE,FALSE,FALSE,FALSE,FALSE,FALSE,TRUE,FALSE,FALSE,FALSE
Original retrospective results,original_wt_fc,f5efd58_e2f3329,"H-MET252TYR,H-THR256GLH","H-MET252TYR,H-SER254CYS,H-THR256GLH",H-SER254CYS,-0.01864355715273968,0.004237172080168114,-0.023419173857713166,0.0016339904306220097,1.7867395762132606e-4,0.002208451469583049,FALSE,FALSE,FALSE,FALSE,FALSE,FALSE,FALSE,FALSE,FALSE,FALSE,FALSE,FALSE,FALSE,FALSE,FALSE,FALSE
Original retrospective results,original_wt_fc,f625f96_087a3b0,"H-MET252TYR,H-THR307GLN","H-MET252TYR,H-THR256GLU,H-THR307GLN",H-THR256GLU,0.005901092716590424,0.02073260521437842,-0.01901574118679824,0.0020943359535199883,0.001147383800410081,0.003526583048530462,FALSE,FALSE,FALSE,FALSE,FALSE,FALSE,FALSE,FALSE,FALSE,FALSE,FALSE,FALSE,FALSE,FALSE,FALSE,FALSE
Original retrospective results,original_wt_fc,f625f96_09a8ef7,"H-MET252TYR,H-THR307GLN","H-MET252TYR,H-THR307TRP",H-GLN307TRP,0.07654643961556581,-0.06755262916382265,0.12742588835758964,0.0613208393711552,0.011270097744360894,0.09042024162679442,TRUE,FALSE,FALSE,FALSE,TRUE,FALSE,FALSE,FALSE,TRUE,TRUE,FALSE,FALSE,TRUE,TRUE,FALSE,FALSE
Original retrospective results,original_wt_fc,f625f96_1d5a29a,"H-MET252TYR,H-THR307GLN","H-MET252TYR,H-THR256ASP,H-THR307GLN",H-THR256ASP,0.0014390395743954078,0.01798470017543933,-0.016265894755260978,9.652409432673666e-4,0.0013653226247437628,0.0015620393028026502,FALSE,FALSE,FALSE,FALSE,FALSE,FALSE,FALSE,FALSE,FALSE,FALSE,FALSE,FALSE,FALSE,FALSE,FALSE,FALSE
Original retrospective results,original_wt_fc,f625f96_4bea93e,"H-MET252TYR,H-THR307GLN","H-MET252TYR,H-THR256GLH,H-THR307GLN",H-THR256GLH,-0.022453014692739963,0.026421794471333873,-0.0423860840968686,0.002744169514695851,0.002979114490772392,0.009051158920027384,FALSE,FALSE,FALSE,FALSE,FALSE,FALSE,FALSE,FALSE,FALSE,FALSE,FALSE,FALSE,FALSE,FALSE,FALSE,FALSE
Original retrospective results,original_wt_fc,f625f96_9b7d7c5,"H-MET252TYR,H-THR307GLN","H-MET252TYR,H-THR256ASH,H-THR307GLN",H-THR256ASH,-0.06382109598602573,-0.040095279331159875,-0.023728163648945123,0.009478276144907784,0.005628482570061498,0.0032465010252905203,TRUE,FALSE,FALSE,FALSE,FALSE,FALSE,FALSE,FALSE,FALSE,FALSE,FALSE,FALSE,TRUE,FALSE,FALSE,FALSE
Original retrospective results,original_wt_fc,fa6e1ae_78f62b3,"H-GLN311HIE,H-ASN434SER","H-LEU309ASP,H-GLN311HIE,H-ASN434SER",H-LEU309ASP,-0.041431161724549775,-0.010691054185437449,-0.032172242294411194,0.0037776308954202468,0.0011208048530417616,0.0030704637730689377,FALSE,FALSE,FALSE,FALSE,FALSE,FALSE,FALSE,FALSE,FALSE,FALSE,FALSE,FALSE,FALSE,FALSE,FALSE,FALSE
Original retrospective results,original_wt_fc,fa6e1ae_ec36b63,"H-GLN311HIE,H-ASN434SER","H-LEU309ASH,H-GLN311HIE,H-ASN434SER",H-LEU309ASH,0.18027241213806083,0.07046706832911762,0.11372245486360669,0.07164219719753936,0.013077982570061554,0.026082178058783295,TRUE,TRUE,FALSE,FALSE,TRUE,FALSE,FALSE,FALSE,TRUE,TRUE,FALSE,FALSE,TRUE,TRUE,FALSE,FALSE
Original retrospective results,original_wt_fc,fac7d4a_78824f9,H-SER254THR,"H-SER254THR,H-THR256GLU",H-THR256GLU,-0.017977715825852933,0.03758697571423549,-0.05640597163069738,0.001273051948052017,0.00310835816814767,0.007145418660287201,FALSE,FALSE,FALSE,FALSE,FALSE,FALSE,FALSE,FALSE,TRUE,FALSE,FALSE,FALSE,TRUE,FALSE,FALSE,FALSE
Original retrospective results,original_wt_fc,fac7d4a_a18b7dd,H-SER254THR,"H-MET252TYR,H-SER254THR",H-MET252TYR,-0.0319898497388389,-3.9466231375275755e-4,-0.03432109384936162,0.004912332194121666,0.001914853725222147,0.004050747436773753,FALSE,FALSE,FALSE,FALSE,FALSE,FALSE,FALSE,FALSE,FALSE,FALSE,FALSE,FALSE,FALSE,FALSE,FALSE,FALSE
Original retrospective results,original_wt_fc,fac7d4a_adc5c77,H-SER254THR,"H-SER254THR,H-THR256GLH",H-THR256GLH,0.04140322432621828,-0.016403633912177706,0.06430531745196302,0.004235053656869429,9.419890635680262e-4,0.008261700956937809,FALSE,FALSE,FALSE,FALSE,FALSE,FALSE,FALSE,FALSE,TRUE,FALSE,FALSE,FALSE,TRUE,FALSE,FALSE,FALSE
Original retrospective results,original_wt_fc,fb24866_1b78546,"H-VAL259ILE,H-ASN434TYR","H-VAL259ILE,H-ASN315ASH,H-ASN434TYR",H-ASN315ASH,0.0047074516187362025,-0.0595693858106222,0.061651959115684656,7.230129870129906e-4,0.011928738550922788,0.014037285714285737,FALSE,FALSE,FALSE,FALSE,TRUE,FALSE,FALSE,FALSE,TRUE,FALSE,FALSE,FALSE,TRUE,FALSE,FALSE,FALSE
Original retrospective results,original_wt_fc,fb24866_9e6f7ae,"H-VAL259ILE,H-ASN434TYR","H-VAL259ILE,H-ASN315ASP,H-ASN434TYR",H-ASN315ASP,-0.01932150468556491,0.006726510677266326,-0.023651202768299247,0.0011187457279563076,0.004080614149008911,0.007303387218045295,FALSE,FALSE,FALSE,FALSE,FALSE,FALSE,FALSE,FALSE,FALSE,FALSE,FALSE,FALSE,FALSE,FALSE,FALSE,FALSE
Original retrospective results,original_wt_fc,ff6d8e6_cb628df,H-VAL308PHE,"H-VAL259ILE,H-VAL308PHE",H-VAL259ILE,-0.0647131735880221,-0.02919533073258472,-0.032854380436995484,0.008615078947368418,0.0026780717703349262,0.003739782296650721,TRUE,FALSE,FALSE,FALSE,FALSE,FALSE,FALSE,FALSE,FALSE,FALSE,FALSE,FALSE,TRUE,FALSE,FALSE,FALSE
Original retrospective results,original_wt_fc,ff6d8e6_f1e63ac,H-VAL308PHE,H-VAL308THR,H-PHE308THR,0.04385473102973994,0.10909294550595669,-0.06580058988763542,0.011977199589883799,0.029066580656185923,0.029052707792207803,FALSE,FALSE,FALSE,FALSE,TRUE,TRUE,FALSE,FALSE,TRUE,FALSE,FALSE,FALSE,TRUE,TRUE,FALSE,FALSE
Original retrospective results,original_wt_fc,ff6d8e6_f2a3c9d,H-VAL308PHE,"H-VAL308PHE,H-MET428LEU",H-MET428LEU,-0.02033842598480695,-0.010169212992403441,-0.011955484612023871,0.0010495092276144964,0.002097136363636371,0.0014597484620642559,FALSE,FALSE,FALSE,FALSE,FALSE,FALSE,FALSE,FALSE,FALSE,FALSE,FALSE,FALSE,FALSE,FALSE,FALSE,FALSE
Original retrospective results,original_wt_fc,ff98ed1_17deebb,"H-MET252TYR,H-SER254VAL","H-MET252TYR,H-SER254VAL,H-THR256GLU",H-THR256GLU,0.01059530729555076,-0.021120673138069538,0.028893432995496668,6.314446343130073e-4,0.002012591934381447,0.004406293574846042,FALSE,FALSE,FALSE,FALSE,FALSE,FALSE,FALSE,FALSE,FALSE,FALSE,FALSE,FALSE,FALSE,FALSE,FALSE,FALSE
Original retrospective results,original_wt_fc,ff98ed1_a7d9af9,"H-MET252TYR,H-SER254VAL","H-MET252TYR,H-SER254VAL,H-THR256GLH",H-THR256GLH,0.04075111541204196,-0.005084606496202414,0.0371407392699828,0.004559384483937132,4.351551606288461e-4,0.00422785338345867,FALSE,FALSE,FALSE,FALSE,FALSE,FALSE,FALSE,FALSE,FALSE,FALSE,FALSE,FALSE,FALSE,FALSE,FALSE,FALSE
Original retrospective results,original_wt_fcrn,404e0bb_42b69aa,WT,A-PRO132VAL,A-PRO132VAL,-0.09092449785938649,0.008213595109247525,-0.09830239225990084,0.0183879829118251,5.00621667805865e-4,0.0230037153110048,TRUE,FALSE,FALSE,FALSE,FALSE,FALSE,FALSE,FALSE,TRUE,FALSE,FALSE,FALSE,TRUE,FALSE,FALSE,FALSE
Original retrospective results,original_wt_fcrn,404e0bb_491a2c4,WT,A-PRO132ASN,A-PRO132ASN,-0.306959864434568,0.011369745081780765,-0.32379409743624804,0.2095840201640466,9.351025290499444e-4,0.2315661120984289,TRUE,TRUE,TRUE,FALSE,FALSE,FALSE,FALSE,FALSE,TRUE,TRUE,TRUE,FALSE,TRUE,TRUE,TRUE,FALSE
Original retrospective results,original_wt_fcrn,404e0bb_7f0363e,WT,A-GLU133ASP,A-GLU133ASP,0.05670772095597748,-0.013074702418804466,0.07251342219014986,0.014494227272727275,0.0013648872180451117,0.022623982911825016,TRUE,FALSE,FALSE,FALSE,FALSE,FALSE,FALSE,FALSE,TRUE,FALSE,FALSE,FALSE,TRUE,FALSE,FALSE,FALSE
Original retrospective results,original_wt_fcrn,404e0bb_8f46c14,WT,A-GLU133ASH,A-GLU133ASH,-0.0753153197589792,-0.03606781618590654,-0.039032177329879444,0.012217986671223511,0.0030195369104579657,0.005299069377990408,TRUE,FALSE,FALSE,FALSE,FALSE,FALSE,FALSE,FALSE,FALSE,FALSE,FALSE,FALSE,TRUE,FALSE,FALSE,FALSE
Original retrospective results,original_wt_fcrn,404e0bb_a86f41e,WT,A-GLU133GLH,A-GLU133GLH,-0.20092551290284227,0.012711516240504508,-0.21479868259464416,0.09031691831852359,0.0010394227614490793,0.1012968838004101,TRUE,TRUE,TRUE,FALSE,FALSE,FALSE,FALSE,FALSE,TRUE,TRUE,TRUE,FALSE,TRUE,TRUE,TRUE,FALSE
Original retrospective results,original_wt_fcrn,404e0bb_c794fe0,WT,A-GLU133GLN,A-GLU133GLN,-0.03399146585743241,0.013399893735375167,-0.04458808773592318,0.003078985304169519,0.0022563752563226195,0.008097355092276135,FALSE,FALSE,FALSE,FALSE,FALSE,FALSE,FALSE,FALSE,FALSE,FALSE,FALSE,FALSE,FALSE,FALSE,FALSE,FALSE
Original retrospective results,original_wt_fcrn,404e0bb_ce01184,WT,A-PRO132GLY,A-PRO132GLY,-0.01625433883140559,-0.001210620594334365,-0.016427190218497832,0.0019062460697197984,2.0082740943265634e-4,0.0021711196172249695,FALSE,FALSE,FALSE,FALSE,FALSE,FALSE,FALSE,FALSE,FALSE,FALSE,FALSE,FALSE,FALSE,FALSE,FALSE,FALSE
Original retrospective results,original_wt_fcrn,491a2c4_ce01184,A-PRO132ASN,A-PRO132GLY,A-ASN132GLY,0.018085170134423303,0.010169212992401897,0.010337402545720666,0.0014003509911141563,3.604900888585104e-4,6.864060150376099e-4,FALSE,FALSE,FALSE,FALSE,FALSE,FALSE,FALSE,FALSE,FALSE,FALSE,FALSE,FALSE,FALSE,FALSE,FALSE,FALSE
Original retrospective results,original_wt_fcrn,7f0363e_c794fe0,A-GLU133ASP,A-GLU133GLN,A-ASP133GLN,-0.06926239794166705,0.05739662294153987,-0.12965746565314168,0.012057210526315773,0.007441298701298682,0.03674811449077231,TRUE,FALSE,FALSE,FALSE,TRUE,FALSE,FALSE,FALSE,TRUE,TRUE,FALSE,FALSE,TRUE,TRUE,FALSE,FALSE
Original retrospective results,original_wt_fcrn,8f46c14_a86f41e,A-GLU133ASH,A-GLU133GLH,A-ASH133GLH,NA,NA,NA,NA,NA,NA,NA,NA,NA,NA,NA,NA,NA,NA,NA,NA,NA,NA,NA,NA,NA,NA
Original retrospective results,original_wt_fcrn,ce01184_42b69aa,A-PRO132GLY,A-PRO132VAL,A-GLY132VAL,0.018823862347640684,-0.0050846064961989155,0.02567239715366925,0.001510458988380043,2.6125119617225357e-4,0.0027034111414901045,FALSE,FALSE,FALSE,FALSE,FALSE,FALSE,FALSE,FALSE,FALSE,FALSE,FALSE,FALSE,FALSE,FALSE,FALSE,FALSE
Original retrospective results,original_yte_fc,0149fcd_10e51c9,"H-TYR252HIE,H-THR254SER","H-TYR252HIE,H-THR254SER,H-GLU256GLH",H-GLU256GLH,-0.024124247126000684,-0.0012367961747518196,-0.02075113755105674,0.006316764183185241,2.126804511278173e-4,0.0075306626794258424,FALSE,FALSE,FALSE,FALSE,FALSE,FALSE,FALSE,FALSE,FALSE,FALSE,FALSE,FALSE,FALSE,FALSE,FALSE,FALSE
Original retrospective results,original_yte_fc,0149fcd_e0e2db0,"H-TYR252HIE,H-THR254SER","H-TYR252HIE,H-THR254SER,H-GLU256THR",H-GLU256THR,0.017815678915539493,0.019704823135391465,-0.0013123082446266235,0.002190411141490075,0.0012586244019138738,0.0016514278879015466,FALSE,FALSE,FALSE,FALSE,FALSE,FALSE,FALSE,FALSE,FALSE,FALSE,FALSE,FALSE,FALSE,FALSE,FALSE,FALSE
Original retrospective results,original_yte_fc,05527ee_1a56c51,"H-HIP433LYN,H-ASN434PHE","H-HIP433LYN,H-ASN434PHE,H-TYR436HID",H-TYR436HID,0.044808094747778054,-0.06418219881089146,0.11186134291643834,0.005171753246753246,0.009092787081339718,0.02686412406015038,FALSE,FALSE,FALSE,FALSE,TRUE,FALSE,FALSE,FALSE,TRUE,TRUE,FALSE,FALSE,TRUE,TRUE,FALSE,FALSE
Original retrospective results,original_yte_fc,05527ee_80f820d,"H-HIP433LYN,H-ASN434PHE","H-HIP433LYN,H-ASN434PHE,H-TYR436HIP",H-TYR436HIP,0.03466777156501723,0.003520112189678256,0.02824199814140302,0.004502748120300855,3.0397778537251846e-4,0.0038338274094326906,FALSE,FALSE,FALSE,FALSE,FALSE,FALSE,FALSE,FALSE,FALSE,FALSE,FALSE,FALSE,FALSE,FALSE,FALSE,FALSE
Original retrospective results,original_yte_fc,05527ee_8da9ef1,"H-HIP433LYN,H-ASN434PHE","H-HIP433LYN,H-ASN434PHE,H-TYR436HIE",H-TYR436HIE,0.07499794581897573,0.016363555033410936,0.05702581747278558,0.013081838345864655,0.002986647641831851,0.010436813055365686,TRUE,FALSE,FALSE,FALSE,FALSE,FALSE,FALSE,FALSE,TRUE,FALSE,FALSE,FALSE,TRUE,FALSE,FALSE,FALSE
Original retrospective results,original_yte_fc,066482d_05b8660,"H-HIP433LYS,H-ASN434PHE,H-TYR436HID","H-HIP433LYS,H-ASN434PHE,H-TYR436HIE",H-HID436HIE,-0.012034769525675872,0.05292227928129971,-0.06770045036749092,0.0014930092276144915,0.007606105263157894,0.01251343028024607,FALSE,FALSE,FALSE,FALSE,TRUE,FALSE,FALSE,FALSE,TRUE,FALSE,FALSE,FALSE,TRUE,FALSE,FALSE,FALSE
Original retrospective results,original_yte_fc,0e4ba9a_066482d,"H-HIP433LYS,H-TYR436HID","H-HIP433LYS,H-ASN434PHE,H-TYR436HID",H-ASN434PHE,-0.03922410725640513,-0.032975984312639824,-0.009806026814103712,0.0041781240601503206,0.002821230690362292,0.0028662006151742633,FALSE,FALSE,FALSE,FALSE,FALSE,FALSE,FALSE,FALSE,FALSE,FALSE,FALSE,FALSE,FALSE,FALSE,FALSE,FALSE
Original retrospective results,original_yte_fc,0e4ba9a_d85bdf9,"H-HIP433LYS,H-TYR436HID","H-HIP433LYS,H-TYR436HIE",H-HID436HIE,-0.03599901399310826,-0.016825057305070706,-0.01682505730507071,0.0053473157894736835,0.002555138414217363,0.005451375256322626,FALSE,FALSE,FALSE,FALSE,FALSE,FALSE,FALSE,FALSE,FALSE,FALSE,FALSE,FALSE,FALSE,FALSE,FALSE,FALSE
Original retrospective results,original_yte_fc,0f470db_1b99a42,H-GLU256ASP,H-GLU256THR,H-ASP256THR,-0.016036066641867148,-0.0027347919225999256,-0.015253819488604298,7.690201640464749e-4,4.577043745727967e-4,0.0012745639097744353,FALSE,FALSE,FALSE,FALSE,FALSE,FALSE,FALSE,FALSE,FALSE,FALSE,FALSE,FALSE,FALSE,FALSE,FALSE,FALSE
Original retrospective results,original_yte_fc,0f470db_576245d,H-GLU256ASP,"H-TYR252PHE,H-GLU256ASP",H-TYR252PHE,NA,NA,NA,NA,NA,NA,NA,NA,NA,NA,NA,NA,NA,NA,NA,NA,NA,NA,NA,NA,NA,NA
Original retrospective results,original_yte_fc,0f470db_6f2e5af,H-GLU256ASP,"H-THR254SER,H-GLU256ASP",H-THR254SER,0.0177961227367069,-0.018643557152739892,0.03368551803733644,0.0019219976076555003,8.500010252904989e-4,0.003737881408065611,FALSE,FALSE,FALSE,FALSE,FALSE,FALSE,FALSE,FALSE,FALSE,FALSE,FALSE,FALSE,FALSE,FALSE,FALSE,FALSE
Original retrospective results,original_yte_fc,0f470db_a20a975,H-GLU256ASP,"H-GLU256ASP,H-THR307GLN",H-THR307GLN,-0.10077591024695978,-0.019490991568773042,-0.08124993645971425,0.023424794258373165,9.942699931647183e-4,0.015528253246753275,TRUE,TRUE,FALSE,FALSE,FALSE,FALSE,FALSE,FALSE,TRUE,FALSE,FALSE,FALSE,TRUE,TRUE,FALSE,FALSE
Original retrospective results,original_yte_fc,0f470db_fbf9533,H-GLU256ASP,"H-TYR252MET,H-GLU256ASP",H-TYR252MET,-0.1163648515273597,-0.005600246949603433,-0.11609133334901262,0.0289936971975393,0.0020385991114149006,0.03135556151742994,TRUE,TRUE,FALSE,FALSE,FALSE,FALSE,FALSE,FALSE,TRUE,TRUE,FALSE,FALSE,TRUE,TRUE,FALSE,FALSE
Original retrospective results,original_yte_fc,10e51c9_e0e2db0,"H-TYR252HIE,H-THR254SER,H-GLU256GLH","H-TYR252HIE,H-THR254SER,H-GLU256THR",H-GLH256THR,0.04284235351572918,0.015253819488605356,0.022586951968682267,0.004815709842788779,0.0017675273410799857,0.0035146158578263976,FALSE,FALSE,FALSE,FALSE,FALSE,FALSE,FALSE,FALSE,FALSE,FALSE,FALSE,FALSE,FALSE,FALSE,FALSE,FALSE
Original retrospective results,original_yte_fc,118750b_939f3c5,"H-TYR252HID,H-GLU256THR","H-TYR252HID,H-THR254SER,H-GLU256THR",H-THR254SER,0.05065357628751829,-7.626909744305145e-4,0.04741172548651296,0.006400027341079973,0.0044339483937115565,0.008689447368421073,TRUE,FALSE,FALSE,FALSE,FALSE,FALSE,FALSE,FALSE,FALSE,FALSE,FALSE,FALSE,TRUE,FALSE,FALSE,FALSE
Original retrospective results,original_yte_fc,11aa163_1a56c51,"H-HIP433HIE,H-ASN434PHE,H-TYR436HID","H-HIP433LYN,H-ASN434PHE,H-TYR436HID",H-HIE433LYN,-0.0015996739212325905,0.03371896939586398,-0.03682597884107766,5.612030075187908e-4,0.003226717361585797,0.0038190895420369083,FALSE,FALSE,FALSE,FALSE,FALSE,FALSE,FALSE,FALSE,FALSE,FALSE,FALSE,FALSE,FALSE,FALSE,FALSE,FALSE
Original retrospective results,original_yte_fc,11dad61_8f89990,"H-THR254VAL,H-GLU256GLH","H-THR254VAL,H-GLU256THR",H-GLH256THR,-0.04576145846581732,-5.901775397378578e-4,-0.0360425280236272,0.008316390977443643,4.646182501708843e-4,0.009380964114832569,FALSE,FALSE,FALSE,FALSE,FALSE,FALSE,FALSE,FALSE,FALSE,FALSE,FALSE,FALSE,FALSE,FALSE,FALSE,FALSE
Original retrospective results,original_yte_fc,11dad61_999f578,"H-THR254VAL,H-GLU256GLH","H-TYR252MET,H-THR254VAL,H-GLU256GLH",H-TYR252MET,-0.11167922717368961,0.04665874196514534,-0.1914778063027966,0.03246785372522215,0.009291001025290497,0.06826408065618592,TRUE,TRUE,FALSE,FALSE,FALSE,FALSE,FALSE,FALSE,TRUE,TRUE,FALSE,FALSE,TRUE,TRUE,FALSE,FALSE
Original retrospective results,original_yte_fc,1300491_848e8ed,"H-TYR252MET,H-THR254CYM,H-GLU256GLH","H-TYR252MET,H-THR254CYM,H-GLU256THR",H-GLH256THR,-0.041824988920369496,-0.022342284608102274,-0.017432936558404027,0.00448297129186602,0.0013207474367737486,0.0020154220779220904,FALSE,FALSE,FALSE,FALSE,FALSE,FALSE,FALSE,FALSE,FALSE,FALSE,FALSE,FALSE,FALSE,FALSE,FALSE,FALSE
Original retrospective results,original_yte_fc,15ad89e_8b89986,"H-TYR252HIP,H-GLU256THR","H-TYR252HIP,H-THR254SER,H-GLU256THR",H-THR254SER,-0.059048795527470874,0.01760056094839057,-0.07489476792741312,0.007903970950102528,9.489063568010945e-4,0.0134456971975393,TRUE,FALSE,FALSE,FALSE,FALSE,FALSE,FALSE,FALSE,TRUE,FALSE,FALSE,FALSE,TRUE,FALSE,FALSE,FALSE
Original retrospective results,original_yte_fc,1677bf9_e67aeea,"H-THR254SER,H-GLU256GLH,H-ASN434ALA","H-THR254SER,H-GLU256THR,H-ASN434ALA",H-GLH256THR,-0.058764109433119306,0.05166090574666528,-0.1016921299240325,0.007794095693779918,0.00605882877648666,0.023051826384142212,TRUE,FALSE,FALSE,FALSE,TRUE,FALSE,FALSE,FALSE,TRUE,TRUE,FALSE,FALSE,TRUE,TRUE,FALSE,FALSE
Original retrospective results,original_yte_fc,1b99a42_118750b,H-GLU256THR,"H-TYR252HID,H-GLU256THR",H-TYR252HID,NA,NA,NA,NA,NA,NA,NA,NA,NA,NA,NA,NA,NA,NA,NA,NA,NA,NA,NA,NA,NA,NA
Original retrospective results,original_yte_fc,1b99a42_15ad89e,H-GLU256THR,"H-TYR252HIP,H-GLU256THR",H-TYR252HIP,-0.052241464489172364,-0.015253819488606622,-0.03405695844696117,0.009074161995898935,0.0027814015721121664,0.007013888585099136,TRUE,FALSE,FALSE,FALSE,FALSE,FALSE,FALSE,FALSE,FALSE,FALSE,FALSE,FALSE,TRUE,FALSE,FALSE,FALSE
Original retrospective results,original_yte_fc,1b99a42_2c70556,H-GLU256THR,"H-GLU256THR,H-THR307TRP",H-THR307TRP,0.019203643117359608,-0.05069306662174702,0.0660184838599431,0.00619195796308954,0.009034898838004107,0.0242957043745728,FALSE,FALSE,FALSE,FALSE,TRUE,FALSE,FALSE,FALSE,TRUE,FALSE,FALSE,FALSE,TRUE,FALSE,FALSE,FALSE
Original retrospective results,original_yte_fc,1b99a42_2d4cd41,H-GLU256THR,"H-THR254CYM,H-GLU256THR",H-THR254CYM,-0.08966899117840296,-0.043414717006023465,-0.049911685976016446,0.018566824675324573,0.004129159603554358,0.006188147983595325,TRUE,FALSE,FALSE,FALSE,FALSE,FALSE,FALSE,FALSE,FALSE,FALSE,FALSE,FALSE,TRUE,FALSE,FALSE,FALSE
Original retrospective results,original_yte_fc,1b99a42_81d74d7,H-GLU256THR,"H-GLU256THR,H-ASN434ALA",H-ASN434ALA,-0.03762608807189183,0,-0.039290141107012955,0.004745358509911177,1.5878571428569788e-4,0.004515587833219435,FALSE,FALSE,FALSE,FALSE,FALSE,FALSE,FALSE,FALSE,FALSE,FALSE,FALSE,FALSE,FALSE,FALSE,FALSE,FALSE
Original retrospective results,original_yte_fc,1b99a42_8808ec2,H-GLU256THR,"H-TYR252MET,H-GLU256THR",H-TYR252MET,-2.6299688773466013e-4,0.0787217777799129,-0.07400084015035889,3.0666951469583096e-4,0.020537166780587833,0.02207535748462065,FALSE,FALSE,FALSE,FALSE,TRUE,FALSE,FALSE,FALSE,TRUE,FALSE,FALSE,FALSE,TRUE,FALSE,FALSE,FALSE
Original retrospective results,original_yte_fc,1b99a42_8f89990,H-GLU256THR,"H-THR254VAL,H-GLU256THR",H-THR254VAL,-0.01679474013303986,-0.010831493670480051,0.004292066617239199,0.0018168790157211188,8.051288448393724e-4,7.785690362269302e-4,FALSE,FALSE,FALSE,FALSE,FALSE,FALSE,FALSE,FALSE,FALSE,FALSE,FALSE,FALSE,FALSE,FALSE,FALSE,FALSE
Original retrospective results,original_yte_fc,1b99a42_9b7d100,H-GLU256THR,"H-TYR252HIE,H-GLU256THR",H-TYR252HIE,-0.09660752342783294,0.05170327457539664,-0.14236898189364847,0.022631486671223514,0.006273446684894057,0.04745112064251541,TRUE,FALSE,FALSE,FALSE,TRUE,FALSE,FALSE,FALSE,TRUE,TRUE,FALSE,FALSE,TRUE,TRUE,FALSE,FALSE
Original retrospective results,original_yte_fc,1b99a42_aa90bf1,H-GLU256THR,"H-TYR252TRP,H-GLU256THR",H-TYR252TRP,0.061015277954414214,-0.006711680574986088,0.07381680875969036,0.010270551948051968,9.165239234449723e-4,0.014646279220779233,TRUE,FALSE,FALSE,FALSE,FALSE,FALSE,FALSE,FALSE,TRUE,FALSE,FALSE,FALSE,TRUE,FALSE,FALSE,FALSE
Original retrospective results,original_yte_fc,1b99a42_c09e135,H-GLU256THR,"H-TYR252ARG,H-GLU256THR",H-TYR252ARG,-0.09852197040818544,-0.046385440025881616,-0.053388368210124194,0.025064247436773934,0.0064842529049897605,0.007403879015721144,TRUE,FALSE,FALSE,FALSE,FALSE,FALSE,FALSE,FALSE,TRUE,FALSE,FALSE,FALSE,TRUE,FALSE,FALSE,FALSE
Original retrospective results,original_yte_fc,1b99a42_cabe813,H-GLU256THR,"H-THR254SER,H-GLU256THR",H-THR254SER,0.04224134627613774,-0.0023339874301128052,0.04550507364672726,0.005509422761449076,4.436814764183185e-4,0.00709323069036227,FALSE,FALSE,FALSE,FALSE,FALSE,FALSE,FALSE,FALSE,FALSE,FALSE,FALSE,FALSE,FALSE,FALSE,FALSE,FALSE
Original retrospective results,original_yte_fc,1b99a42_ee818a9,H-GLU256THR,"H-THR254CYS,H-GLU256THR",H-THR254CYS,-0.03536764349472639,0.05203752055948151,-0.08389600718733281,0.0033125905673274066,0.005629012987012993,0.017118427887901574,FALSE,FALSE,FALSE,FALSE,TRUE,FALSE,FALSE,FALSE,TRUE,FALSE,FALSE,FALSE,TRUE,FALSE,FALSE,FALSE
Original retrospective results,original_yte_fc,1be5136_1cf2a18,"H-TYR252MET,H-THR254SER","H-TYR252MET,H-THR254SER,H-GLU256THR",H-GLU256THR,0.01151053524809245,-0.012135695419353287,0.023716711832507807,5.050375939849612e-4,6.690010252905007e-4,0.0015161814764183194,FALSE,FALSE,FALSE,FALSE,FALSE,FALSE,FALSE,FALSE,FALSE,FALSE,FALSE,FALSE,FALSE,FALSE,FALSE,FALSE
Original retrospective results,original_yte_fc,1be5136_594c9a3,"H-TYR252MET,H-THR254SER","H-TYR252MET,H-THR254SER,H-GLU256ASH",H-GLU256ASH,-0.0435823413960143,0.0017945669986589707,-0.0441034346083579,0.00519570984278878,2.5583971291865944e-4,0.005148951469583033,FALSE,FALSE,FALSE,FALSE,FALSE,FALSE,FALSE,FALSE,FALSE,FALSE,FALSE,FALSE,FALSE,FALSE,FALSE,FALSE
Original retrospective results,original_yte_fc,1be5136_8b30a61,"H-TYR252MET,H-THR254SER","H-TYR252MET,H-THR254SER,H-GLU256GLH",H-GLU256GLH,-0.03793258177358025,-0.0035646337031880275,-0.03507311781715612,0.0049364924812030034,4.810656185919317e-4,0.005741501708817502,FALSE,FALSE,FALSE,FALSE,FALSE,FALSE,FALSE,FALSE,FALSE,FALSE,FALSE,FALSE,FALSE,FALSE,FALSE,FALSE
Original retrospective results,original_yte_fc,1be5136_bf30bf3,"H-TYR252MET,H-THR254SER","H-TYR252MET,H-THR254SER,H-GLU256ASP",H-GLU256ASP,0.0342695606754137,-0.004766818590189121,0.03680561747818753,0.0028535950102529053,3.368776486671225e-4,0.0038408725222146274,FALSE,FALSE,FALSE,FALSE,FALSE,FALSE,FALSE,FALSE,FALSE,FALSE,FALSE,FALSE,FALSE,FALSE,FALSE,FALSE
Original retrospective results,original_yte_fc,20702ea_3b9d993,H-TYR436HIP,"H-HIP433HID,H-TYR436HIP",H-HIP433HID,0.038134548721512576,-0.011093686900805515,0.060814569803238766,0.004082846889952182,7.93437115516063e-4,0.007694511278195519,FALSE,FALSE,FALSE,FALSE,FALSE,FALSE,FALSE,FALSE,TRUE,FALSE,FALSE,FALSE,TRUE,FALSE,FALSE,FALSE
Original retrospective results,original_yte_fc,20702ea_3dec1e5,H-TYR436HIP,"H-HIP433LYN,H-TYR436HIP",H-HIP433LYN,-0.012203055590881366,7.691544572635404e-4,-0.013927400402638873,9.292385509227295e-4,1.1756322624743963e-4,0.0010473574846205803,FALSE,FALSE,FALSE,FALSE,FALSE,FALSE,FALSE,FALSE,FALSE,FALSE,FALSE,FALSE,FALSE,FALSE,FALSE,FALSE
Original retrospective results,original_yte_fc,20702ea_630735f,H-TYR436HIP,"H-HIP433LYS,H-TYR436HIP",H-HIP433LYS,-0.028195790617473057,0.002468345335428211,-0.033255827111305064,0.0021836045796309014,2.495727956254308e-4,0.002934853725222176,FALSE,FALSE,FALSE,FALSE,FALSE,FALSE,FALSE,FALSE,FALSE,FALSE,FALSE,FALSE,FALSE,FALSE,FALSE,FALSE
Original retrospective results,original_yte_fc,20702ea_6f7d1a8,H-TYR436HIP,"H-HIP433HIE,H-TYR436HIP",H-HIP433HIE,-0.005611636063210792,-0.004802128357522701,-0.005634695503099342,8.389302802460689e-4,5.831695146958167e-4,4.954354066985788e-4,FALSE,FALSE,FALSE,FALSE,FALSE,FALSE,FALSE,FALSE,FALSE,FALSE,FALSE,FALSE,FALSE,FALSE,FALSE,FALSE
Original retrospective results,original_yte_fc,20702ea_819f2a6,H-TYR436HIP,"H-ASN434PHE,H-TYR436HIP",H-ASN434PHE,0.008898061368359387,0.004207950203752694,0.0049278230890593255,0.005924670881749845,1.2620061517428844e-4,0.00471568147641841,FALSE,FALSE,FALSE,FALSE,FALSE,FALSE,FALSE,FALSE,FALSE,FALSE,FALSE,FALSE,FALSE,FALSE,FALSE,FALSE
Original retrospective results,original_yte_fc,2625252_80caf92,H-GLN311HIE,H-GLN311HIP,H-HIE311HIP,0.02240619874269307,-0.0034549249269144656,0.02446966876297251,0.0014288250170881277,5.577122351332646e-4,0.0017430369104579225,FALSE,FALSE,FALSE,FALSE,FALSE,FALSE,FALSE,FALSE,FALSE,FALSE,FALSE,FALSE,FALSE,FALSE,FALSE,FALSE
Original retrospective results,original_yte_fc,2ae650e_334ce59,"H-THR254CYS,H-GLU256GLH","H-THR254SER,H-GLU256GLH",H-CYS254SER,-0.021678970501485418,0.035592245473412124,-0.05084606496201728,0.0022527648667122345,0.006438306220095694,0.011541841421736159,FALSE,FALSE,FALSE,FALSE,FALSE,FALSE,FALSE,FALSE,TRUE,FALSE,FALSE,FALSE,TRUE,FALSE,FALSE,FALSE
Original retrospective results,original_yte_fc,2ae650e_8a57ed8,"H-THR254CYS,H-GLU256GLH","H-TYR252MET,H-THR254CYS,H-GLU256GLH",H-TYR252MET,-0.07626909744302537,0.020465840947123365,-0.09722440583362199,0.018070509227614488,0.0023892341079972657,0.023041730690362278,TRUE,FALSE,FALSE,FALSE,FALSE,FALSE,FALSE,FALSE,TRUE,FALSE,FALSE,FALSE,TRUE,FALSE,FALSE,FALSE
Original retrospective results,original_yte_fc,2bd47b7_3e7b1c9,"H-TYR252PHE,H-THR254SER","H-TYR252TRP,H-THR254SER",H-PHE252TRP,0.0016948688320672452,-0.005084606496201439,0.004449030684176448,0.0026817385509227613,0.0014409149008885863,4.7722693096377284e-4,FALSE,FALSE,FALSE,FALSE,FALSE,FALSE,FALSE,FALSE,FALSE,FALSE,FALSE,FALSE,FALSE,FALSE,FALSE,FALSE
Original retrospective results,original_yte_fc,2bd47b7_bff8457,"H-TYR252PHE,H-THR254SER","H-TYR252PHE,H-THR254SER,H-GLU256ASP",H-GLU256ASP,0.038215686059218365,0.02651092883660331,0.00789964725750883,0.0036799183185235815,0.002620427887901572,0.0022770502392344496,FALSE,FALSE,FALSE,FALSE,FALSE,FALSE,FALSE,FALSE,FALSE,FALSE,FALSE,FALSE,FALSE,FALSE,FALSE,FALSE
Original retrospective results,original_yte_fc,2bd47b7_e6c6013,"H-TYR252PHE,H-THR254SER","H-TYR252PHE,H-THR254SER,H-GLU256ASH",H-GLU256ASH,-0.004145687682983007,0.012857865934062884,-0.01860012613891788,9.304251537935735e-4,6.880201640464808e-4,0.001273958988380029,FALSE,FALSE,FALSE,FALSE,FALSE,FALSE,FALSE,FALSE,FALSE,FALSE,FALSE,FALSE,FALSE,FALSE,FALSE,FALSE
Original retrospective results,original_yte_fc,2bd47b7_fb7bcf9,"H-TYR252PHE,H-THR254SER","H-TYR252PHE,H-THR254SER,H-GLU256GLH",H-GLU256GLH,0.02288072923290596,0.01601367283642568,0.002971187739142039,0.0017640656185919392,0.0016221216678058738,0.0015296930963773013,FALSE,FALSE,FALSE,FALSE,FALSE,FALSE,FALSE,FALSE,FALSE,FALSE,FALSE,FALSE,FALSE,FALSE,FALSE,FALSE
Original retrospective results,original_yte_fc,2c70556_bf8f00c,"H-GLU256THR,H-THR307TRP","H-THR254SER,H-GLU256THR,H-THR307TRP",H-THR254SER,-0.05720182308226946,0.014387962585266496,-0.07122832376144701,0.027345272043745743,0.0013500680109364343,0.039582695830485334,TRUE,FALSE,FALSE,FALSE,FALSE,FALSE,FALSE,FALSE,TRUE,FALSE,FALSE,FALSE,TRUE,FALSE,FALSE,FALSE
Original retrospective results,original_yte_fc,2d360f2_2c70556,"H-GLU256GLH,H-THR307TRP","H-GLU256THR,H-THR307TRP",H-GLH256THR,0.08191251938748163,0.006101527795441719,0.07215518855064663,0.017350048872180494,8.667460697197442e-4,0.017841764866712233,TRUE,FALSE,FALSE,FALSE,FALSE,FALSE,FALSE,FALSE,TRUE,FALSE,FALSE,FALSE,TRUE,FALSE,FALSE,FALSE
Original retrospective results,original_yte_fc,2d360f2_b7a0a5b,"H-GLU256GLH,H-THR307TRP","H-THR254SER,H-GLU256GLH,H-THR307TRP",H-THR254SER,-0.06362490351849925,-0.03588502107530595,-0.02802925284408399,0.009365927887901578,0.0034696141490088758,0.0027788838004101234,TRUE,FALSE,FALSE,FALSE,FALSE,FALSE,FALSE,FALSE,FALSE,FALSE,FALSE,FALSE,TRUE,FALSE,FALSE,FALSE
Original retrospective results,original_yte_fc,2d3a618_10e51c9,"H-TYR252HIE,H-GLU256GLH","H-TYR252HIE,H-THR254SER,H-GLU256GLH",H-THR254SER,0.03206550407057068,-0.02773421725200958,0.059474330883633325,0.00451422932330828,0.0026568509911141453,0.012372929938482576,FALSE,FALSE,FALSE,FALSE,FALSE,FALSE,FALSE,FALSE,TRUE,FALSE,FALSE,FALSE,TRUE,FALSE,FALSE,FALSE
Original retrospective results,original_yte_fc,2d3a618_9b7d100,"H-TYR252HIE,H-GLU256GLH","H-TYR252HIE,H-GLU256THR",H-GLH256THR,-0.05830214800585523,0.0034934446730893725,-0.06546181618443289,0.01207341011619961,0.001035234449760778,0.012459589542036955,TRUE,FALSE,FALSE,FALSE,FALSE,FALSE,FALSE,FALSE,TRUE,FALSE,FALSE,FALSE,TRUE,FALSE,FALSE,FALSE
Original retrospective results,original_yte_fc,2d4cd41_848e8ed,"H-THR254CYM,H-GLU256THR","H-TYR252MET,H-THR254CYM,H-GLU256THR",H-TYR252MET,0.05840224751992078,-0.04194800359366432,0.09762444472707399,0.007873650375939848,0.004119801093643198,0.02205127853725222,TRUE,FALSE,FALSE,FALSE,FALSE,FALSE,FALSE,FALSE,TRUE,FALSE,FALSE,FALSE,TRUE,FALSE,FALSE,FALSE
Original retrospective results,original_yte_fc,2e13e23_1cf2a18,"H-TYR252MET,H-THR254CYS,H-GLU256THR","H-TYR252MET,H-THR254SER,H-GLU256THR",H-CYS254SER,-0.003671436552774603,0.011832103167261878,-0.01725485817420707,0.0014253414217361585,5.768550922761449e-4,0.003426881408065618,FALSE,FALSE,FALSE,FALSE,FALSE,FALSE,FALSE,FALSE,FALSE,FALSE,FALSE,FALSE,FALSE,FALSE,FALSE,FALSE
Original retrospective results,original_yte_fc,334ce59_10e51c9,"H-THR254SER,H-GLU256GLH","H-TYR252HIE,H-THR254SER,H-GLU256GLH",H-TYR252HIE,-0.10146587709908401,-0.008135370393922722,-0.10063889000696341,0.021012097744360903,6.604299384825685e-4,0.01942729835953521,TRUE,TRUE,FALSE,FALSE,FALSE,FALSE,FALSE,FALSE,TRUE,TRUE,FALSE,FALSE,TRUE,TRUE,FALSE,FALSE
Original retrospective results,original_yte_fc,334ce59_1677bf9,"H-THR254SER,H-GLU256GLH","H-THR254SER,H-GLU256GLH,H-ASN434ALA",H-ASN434ALA,-0.01458324095069969,0.012415899583747204,-0.02700811223893429,0.0013257522214627404,4.943609022556365e-4,0.0021010905673273946,FALSE,FALSE,FALSE,FALSE,FALSE,FALSE,FALSE,FALSE,FALSE,FALSE,FALSE,FALSE,FALSE,FALSE,FALSE,FALSE
Original retrospective results,original_yte_fc,334ce59_52ba82c,"H-THR254SER,H-GLU256GLH","H-TYR252HIP,H-THR254SER,H-GLU256GLH",H-TYR252HIP,-0.10276554685100668,-0.09152291693162981,-0.02626061300848843,0.046030219753930124,0.02465834894053278,0.0058137822966508965,TRUE,TRUE,FALSE,FALSE,TRUE,FALSE,FALSE,FALSE,FALSE,FALSE,FALSE,FALSE,TRUE,TRUE,FALSE,FALSE
Original retrospective results,original_yte_fc,334ce59_5e7364d,"H-THR254SER,H-GLU256GLH","H-TYR252ARG,H-THR254SER,H-GLU256GLH",H-TYR252ARG,-0.13331739979775284,-0.017662317302599963,-0.11549320469944242,0.038656853383458596,0.0013413431305536508,0.028773365686944767,TRUE,TRUE,FALSE,FALSE,FALSE,FALSE,FALSE,FALSE,TRUE,TRUE,FALSE,FALSE,TRUE,TRUE,FALSE,FALSE
Original retrospective results,original_yte_fc,334ce59_63b7ecd,"H-THR254SER,H-GLU256GLH","H-TYR252TRP,H-THR254SER,H-GLU256GLH",H-TYR252TRP,-0.012711516240504053,-0.11440364616453916,0.09914982667593322,0.005476279220779217,0.029064542378673952,0.020591308270676685,FALSE,FALSE,FALSE,FALSE,TRUE,TRUE,FALSE,FALSE,TRUE,FALSE,FALSE,FALSE,TRUE,TRUE,FALSE,FALSE
Original retrospective results,original_yte_fc,334ce59_6791b75,"H-THR254SER,H-GLU256GLH","H-TYR252HID,H-THR254SER,H-GLU256GLH",H-TYR252HID,-0.08902161857462898,0.015253819488604943,-0.0979205811493796,0.02196257279562543,0.001115556732740943,0.02895177477785372,TRUE,FALSE,FALSE,FALSE,FALSE,FALSE,FALSE,FALSE,TRUE,FALSE,FALSE,FALSE,TRUE,FALSE,FALSE,FALSE
Original retrospective results,original_yte_fc,334ce59_8b30a61,"H-THR254SER,H-GLU256GLH","H-TYR252MET,H-THR254SER,H-GLU256GLH",H-TYR252MET,-0.08928932193508529,0,-0.08857943462487611,0.018174308270676686,0.0010439634313055375,0.018833147641831846,TRUE,FALSE,FALSE,FALSE,FALSE,FALSE,FALSE,FALSE,TRUE,FALSE,FALSE,FALSE,TRUE,FALSE,FALSE,FALSE
Original retrospective results,original_yte_fc,334ce59_b7a0a5b,"H-THR254SER,H-GLU256GLH","H-THR254SER,H-GLU256GLH,H-THR307TRP",H-THR307TRP,0.0617541348359003,0.08927140000275773,-0.024406111181768206,0.012411655502392345,0.03450819958988381,0.008865831168831165,TRUE,FALSE,FALSE,FALSE,TRUE,FALSE,FALSE,FALSE,FALSE,FALSE,FALSE,FALSE,TRUE,FALSE,FALSE,FALSE
Original retrospective results,original_yte_fc,334ce59_e00bf9f,"H-THR254SER,H-GLU256GLH","H-THR254SER,H-GLU256GLH,H-THR307GLN",H-THR307GLN,-0.10332114241585345,0.01779612273670643,-0.12203055590883893,0.024444674641148315,0.0010883421052631601,0.034390700956937775,TRUE,TRUE,FALSE,FALSE,FALSE,FALSE,FALSE,FALSE,TRUE,TRUE,FALSE,FALSE,TRUE,TRUE,FALSE,FALSE
Original retrospective results,original_yte_fc,334ce59_fb7bcf9,"H-THR254SER,H-GLU256GLH","H-TYR252PHE,H-THR254SER,H-GLU256GLH",H-TYR252PHE,0.006022734481040656,0.025281578108210273,-0.021609577608857115,0.0022410355434039665,0.002199398838004096,0.003261747436773749,FALSE,FALSE,FALSE,FALSE,FALSE,FALSE,FALSE,FALSE,FALSE,FALSE,FALSE,FALSE,FALSE,FALSE,FALSE,FALSE
Original retrospective results,original_yte_fc,335c2e7_05527ee,H-HIP433LYN,"H-HIP433LYN,H-ASN434PHE",H-ASN434PHE,0.07463207158507829,-2.6530387797819047e-4,0.08019295009890401,0.012515124401913864,1.5643745727958336e-4,0.013248138414217427,TRUE,FALSE,FALSE,FALSE,FALSE,FALSE,FALSE,FALSE,TRUE,FALSE,FALSE,FALSE,TRUE,FALSE,FALSE,FALSE
Original retrospective results,original_yte_fc,335c2e7_3dec1e5,H-HIP433LYN,"H-HIP433LYN,H-TYR436HIP",H-TYR436HIP,0,0.050063817808755545,-0.04838391314636639,4.7822727272732826e-4,0.005669779220779282,0.006150188311688436,FALSE,FALSE,FALSE,FALSE,TRUE,FALSE,FALSE,FALSE,FALSE,FALSE,FALSE,FALSE,TRUE,FALSE,FALSE,FALSE
Original retrospective results,original_yte_fc,335c2e7_45be1d1,H-HIP433LYN,"H-HIP433LYN,H-TYR436HID",H-TYR436HID,0.0053981733104836,0.12947373617471009,-0.1307889302855406,5.609299384825693e-4,0.04333395420369105,0.04175960936431989,FALSE,FALSE,FALSE,FALSE,TRUE,TRUE,FALSE,FALSE,TRUE,TRUE,FALSE,FALSE,TRUE,TRUE,FALSE,FALSE
Original retrospective results,original_yte_fc,335c2e7_c96c0a8,H-HIP433LYN,"H-HIP433LYN,H-TYR436HIE",H-TYR436HIE,-0.022294043867961334,-0.0057040236011417006,-0.016353283101095538,0.0015336363636363614,0.0027725782638414256,0.004494772043745735,FALSE,FALSE,FALSE,FALSE,FALSE,FALSE,FALSE,FALSE,FALSE,FALSE,FALSE,FALSE,FALSE,FALSE,FALSE,FALSE
Original retrospective results,original_yte_fc,362e91e_be9b15f,"H-HIP433HID,H-TYR436HIE","H-HIP433HID,H-ASN434PHE,H-TYR436HIE",H-ASN434PHE,0.0019780593998472828,-0.01796169290622538,0.01936061704322832,0.0019445010252905335,8.05535543403944e-4,0.002811925153793602,FALSE,FALSE,FALSE,FALSE,FALSE,FALSE,FALSE,FALSE,FALSE,FALSE,FALSE,FALSE,FALSE,FALSE,FALSE,FALSE
Original retrospective results,original_yte_fc,362e91e_c96c0a8,"H-HIP433HID,H-TYR436HIE","H-HIP433LYN,H-TYR436HIE",H-HID433LYN,0.02832852190740942,-0.007626909744303984,0.037568816405314995,0.0025475686944634347,6.686971975393055e-4,0.004026546479835968,FALSE,FALSE,FALSE,FALSE,FALSE,FALSE,FALSE,FALSE,FALSE,FALSE,FALSE,FALSE,FALSE,FALSE,FALSE,FALSE
Original retrospective results,original_yte_fc,3b9d993_3dec1e5,"H-HIP433HID,H-TYR436HIP","H-HIP433LYN,H-TYR436HIP",H-HID433LYN,-0.0358210270599449,-0.022478818118493456,-0.016663198687979185,0.0037342235133287745,0.001984783321941211,0.0018893581681476397,FALSE,FALSE,FALSE,FALSE,FALSE,FALSE,FALSE,FALSE,FALSE,FALSE,FALSE,FALSE,FALSE,FALSE,FALSE,FALSE
Original retrospective results,original_yte_fc,3b9d993_7c2de05,"H-HIP433HID,H-TYR436HIP","H-HIP433HID,H-ASN434PHE,H-TYR436HIP",H-ASN434PHE,-0.011694594941262923,0.02440611118176924,-0.03538886121356176,8.164227614490316e-4,0.001423076213260455,0.0035721619958987766,FALSE,FALSE,FALSE,FALSE,FALSE,FALSE,FALSE,FALSE,FALSE,FALSE,FALSE,FALSE,FALSE,FALSE,FALSE,FALSE
Original retrospective results,original_yte_fc,3dec1e5_80f820d,"H-HIP433LYN,H-TYR436HIP","H-HIP433LYN,H-ASN434PHE,H-TYR436HIP",H-ASN434PHE,-0.030507638977209588,-0.014280171436141187,-0.013176325260427658,0.002782993848256978,6.347194121667981e-4,0.0011986503759398432,FALSE,FALSE,FALSE,FALSE,FALSE,FALSE,FALSE,FALSE,FALSE,FALSE,FALSE,FALSE,FALSE,FALSE,FALSE,FALSE
Original retrospective results,original_yte_fc,3e7b1c9_63b7ecd,"H-TYR252TRP,H-THR254SER","H-TYR252TRP,H-THR254SER,H-GLU256GLH",H-GLU256GLH,0.0015253819488603515,0.008801827290600113,-0.02001657627354378,0.0016313250170881795,0.003231843130553662,0.008138963773069057,FALSE,FALSE,FALSE,FALSE,FALSE,FALSE,FALSE,FALSE,FALSE,FALSE,FALSE,FALSE,FALSE,FALSE,FALSE,FALSE
Original retrospective results,original_yte_fc,3e7b1c9_810d557,"H-TYR252TRP,H-THR254SER","H-TYR252TRP,H-THR254SER,H-GLU256THR",H-GLU256THR,0.0018685928873536425,-0.03050763897720958,0.019368378073274264,7.279251537935712e-4,0.00406294839371157,0.0043729446343130736,FALSE,FALSE,FALSE,FALSE,FALSE,FALSE,FALSE,FALSE,FALSE,FALSE,FALSE,FALSE,FALSE,FALSE,FALSE,FALSE
Original retrospective results,original_yte_fc,404e0bb_0f470db,WT,H-GLU256ASP,H-GLU256ASP,-4.6223695420015144e-4,-0.02135534728404727,0.01957523385231593,2.5410150375939847e-4,0.0012105017088174983,0.0012162460697197547,FALSE,FALSE,FALSE,FALSE,FALSE,FALSE,FALSE,FALSE,FALSE,FALSE,FALSE,FALSE,FALSE,FALSE,FALSE,FALSE
Original retrospective results,original_yte_fc,404e0bb_1b99a42,WT,H-GLU256THR,H-GLU256THR,-0.015253819488606577,0.0126875322475973,-0.03830788757934709,0.005902130895420388,0.0018553246753246692,0.008490267942583719,FALSE,FALSE,FALSE,FALSE,FALSE,FALSE,FALSE,FALSE,FALSE,FALSE,FALSE,FALSE,FALSE,FALSE,FALSE,FALSE
Original retrospective results,original_yte_fc,404e0bb_20702ea,WT,H-TYR436HIP,H-TYR436HIP,0.04591710968508991,0.026785025709953853,0.02288072923290864,0.006018606288448578,0.005313816814764118,0.006219056732740872,FALSE,FALSE,FALSE,FALSE,FALSE,FALSE,FALSE,FALSE,FALSE,FALSE,FALSE,FALSE,FALSE,FALSE,FALSE,FALSE
Original retrospective results,original_yte_fc,404e0bb_2625252,WT,H-GLN311HIE,H-GLN311HIE,-5.657323161989609e-4,-0.020800662939007886,-0.0016948688320653014,0.011754881408065588,0.0022551045796308975,0.005374432672590552,FALSE,FALSE,FALSE,FALSE,FALSE,FALSE,FALSE,FALSE,FALSE,FALSE,FALSE,FALSE,FALSE,FALSE,FALSE,FALSE
Original retrospective results,original_yte_fc,404e0bb_335c2e7,WT,H-HIP433LYN,H-HIP433LYN,0.02777967712303677,0.008016509462842932,0.021979643684853688,0.0018003885850991304,5.458923444976088e-4,0.002030039302802464,FALSE,FALSE,FALSE,FALSE,FALSE,FALSE,FALSE,FALSE,FALSE,FALSE,FALSE,FALSE,FALSE,FALSE,FALSE,FALSE
Original retrospective results,original_yte_fc,404e0bb_5cb8174,WT,H-ASN434PHE,H-ASN434PHE,0.007061177428105888,0.00475900413348378,-0.0011299125547118733,0.0014032098427888217,0.0011388612440191253,0.0037974825700615774,FALSE,FALSE,FALSE,FALSE,FALSE,FALSE,FALSE,FALSE,FALSE,FALSE,FALSE,FALSE,FALSE,FALSE,FALSE,FALSE
Original retrospective results,original_yte_fc,404e0bb_6ded2e0,WT,H-TYR252PHE,H-TYR252PHE,-0.09914982667593408,0.007348375983500566,-0.11971314871730399,0.02264042788790159,0.006182456254272034,0.03702169958988377,TRUE,FALSE,FALSE,FALSE,FALSE,FALSE,FALSE,FALSE,TRUE,TRUE,FALSE,FALSE,TRUE,TRUE,FALSE,FALSE
Original retrospective results,original_yte_fc,404e0bb_796c056,WT,H-THR254CYM,H-THR254CYM,-0.07118449094683035,-0.027965335729102155,-0.0457614584660342,0.01127963328776517,0.0016243174982910208,0.00507315037594035,TRUE,FALSE,FALSE,FALSE,FALSE,FALSE,FALSE,FALSE,FALSE,FALSE,FALSE,FALSE,TRUE,FALSE,FALSE,FALSE
Original retrospective results,original_yte_fc,404e0bb_8040f22,WT,H-HIP433HIE,H-HIP433HIE,0.024292561669106087,0.003619550387125569,0.016851121858300032,0.0021083130553656627,8.194825700615074e-4,0.0014516572112098255,FALSE,FALSE,FALSE,FALSE,FALSE,FALSE,FALSE,FALSE,FALSE,FALSE,FALSE,FALSE,FALSE,FALSE,FALSE,FALSE
Original retrospective results,original_yte_fc,404e0bb_80caf92,WT,H-GLN311HIP,H-GLN311HIP,0.00871646827920362,-0.00950076256940953,0.01920132307747554,8.01614490772385e-4,6.218048530416889e-4,0.0019218130553656876,FALSE,FALSE,FALSE,FALSE,FALSE,FALSE,FALSE,FALSE,FALSE,FALSE,FALSE,FALSE,FALSE,FALSE,FALSE,FALSE
Original retrospective results,original_yte_fc,404e0bb_88f5182,WT,H-THR254VAL,H-THR254VAL,-0.037547863356566596,-0.024143370407862384,-0.013347092052529265,0.0031267570061517427,0.0022835088858509907,0.003203986671223515,FALSE,FALSE,FALSE,FALSE,FALSE,FALSE,FALSE,FALSE,FALSE,FALSE,FALSE,FALSE,FALSE,FALSE,FALSE,FALSE
Original retrospective results,original_yte_fc,404e0bb_8acac8a,WT,H-TYR252ARG,H-TYR252ARG,-0.08957562082670625,-0.023282145535236592,-0.06848267063217757,0.017598200615174472,0.002742884825700597,0.011717289473684077,TRUE,FALSE,FALSE,FALSE,FALSE,FALSE,FALSE,FALSE,TRUE,FALSE,FALSE,FALSE,TRUE,FALSE,FALSE,FALSE
Original retrospective results,original_yte_fc,404e0bb_8f53770,WT,H-GLU256GLH,H-GLU256GLH,0.018304583386326925,0.028427572683309005,-0.0073847246062528765,9.415632262474362e-4,0.0018461356801093638,5.364900888585064e-4,FALSE,FALSE,FALSE,FALSE,FALSE,FALSE,FALSE,FALSE,FALSE,FALSE,FALSE,FALSE,FALSE,FALSE,FALSE,FALSE
Original retrospective results,original_yte_fc,404e0bb_9df83c3,WT,H-VAL308PRO,H-VAL308PRO,-0.045644121392825025,-0.004486417496650085,-0.03873296779375962,0.007029966165413484,0.0010973838004101257,0.010444951469582986,FALSE,FALSE,FALSE,FALSE,FALSE,FALSE,FALSE,FALSE,FALSE,FALSE,FALSE,FALSE,FALSE,FALSE,FALSE,FALSE
Original retrospective results,original_yte_fc,404e0bb_a4d90bc,WT,H-TYR252HIP,H-TYR252HIP,NA,NA,NA,NA,NA,NA,NA,NA,NA,NA,NA,NA,NA,NA,NA,NA,NA,NA,NA,NA,NA,NA
Original retrospective results,original_yte_fc,404e0bb_a5ada37,WT,H-ALA378VAL,H-ALA378VAL,0.019107843029610643,-0.0071184490946829965,0.023970287767807227,9.670352016404654e-4,6.530980861244036e-4,0.0017045567327409437,FALSE,FALSE,FALSE,FALSE,FALSE,FALSE,FALSE,FALSE,FALSE,FALSE,FALSE,FALSE,FALSE,FALSE,FALSE,FALSE
Original retrospective results,original_yte_fc,404e0bb_ab593ec,WT,H-TYR436HIE,H-TYR436HIE,3.46856877260389e-4,0.03404139501258491,-0.03686339709746244,6.003438140806565e-4,0.0031672535885167432,0.0037138414217361532,FALSE,FALSE,FALSE,FALSE,FALSE,FALSE,FALSE,FALSE,FALSE,FALSE,FALSE,FALSE,FALSE,FALSE,FALSE,FALSE
Original retrospective results,original_yte_fc,404e0bb_b13d581,WT,H-HIP433HID,H-HIP433HID,0.03995047961301339,0.0033897376641344144,0.03559224547341191,0.004101343130553688,7.426045796308914e-4,0.004265457963089556,FALSE,FALSE,FALSE,FALSE,FALSE,FALSE,FALSE,FALSE,FALSE,FALSE,FALSE,FALSE,FALSE,FALSE,FALSE,FALSE
Original retrospective results,original_yte_fc,404e0bb_b85b06f,WT,H-ASN434ALA,H-ASN434ALA,0.035020869238358315,-0.0033463066503132974,0.04615674016685001,0.003015396445659597,0.00176474606971975,0.005120894053315106,FALSE,FALSE,FALSE,FALSE,FALSE,FALSE,FALSE,FALSE,FALSE,FALSE,FALSE,FALSE,FALSE,FALSE,FALSE,FALSE
Original retrospective results,original_yte_fc,404e0bb_b891817,WT,H-THR307TRP,H-THR307TRP,0.060277476662139645,0.22124728530183058,-0.15635164975820237,0.00964464217361587,0.11672545796308953,0.0656676626794258,TRUE,FALSE,FALSE,FALSE,TRUE,TRUE,TRUE,FALSE,TRUE,TRUE,FALSE,FALSE,TRUE,TRUE,TRUE,FALSE
Original retrospective results,original_yte_fc,404e0bb_cb26260,WT,H-GLN311HID,H-GLN311HID,0.033256298008436935,-0.010169212992404225,0.0409123495336482,0.0038877795625427308,5.963096377306961e-4,0.005927140806561888,FALSE,FALSE,FALSE,FALSE,FALSE,FALSE,FALSE,FALSE,FALSE,FALSE,FALSE,FALSE,FALSE,FALSE,FALSE,FALSE
Original retrospective results,original_yte_fc,404e0bb_cbea3c9,WT,H-TYR436HID,H-TYR436HID,-0.019067274360757135,0.0392745283162733,-0.04839142734316129,0.002215518796992481,0.0035209063568010985,0.006460515379357493,FALSE,FALSE,FALSE,FALSE,FALSE,FALSE,FALSE,FALSE,FALSE,FALSE,FALSE,FALSE,FALSE,FALSE,FALSE,FALSE
Original retrospective results,original_yte_fc,404e0bb_cc19617,WT,H-HIP433LYS,H-HIP433LYS,0.022880729232908653,-0.021499701611547947,0.043352960651824785,0.0013288776486671179,0.0015421469583048394,0.005060910799726565,FALSE,FALSE,FALSE,FALSE,FALSE,FALSE,FALSE,FALSE,FALSE,FALSE,FALSE,FALSE,FALSE,FALSE,FALSE,FALSE
Original retrospective results,original_yte_fc,404e0bb_ce87988,WT,H-TYR252HIE,H-TYR252HIE,-0.13989740583194676,-0.027397497021767272,-0.11145824616909392,0.04200012132604238,0.0020368270676691712,0.02806573410799728,TRUE,TRUE,FALSE,FALSE,FALSE,FALSE,FALSE,FALSE,TRUE,TRUE,FALSE,FALSE,TRUE,TRUE,FALSE,FALSE
Original retrospective results,original_yte_fc,404e0bb_ce9200f,WT,H-GLU256ASH,H-GLU256ASH,0.02674571727900729,-0.0037462210559702693,0.0332076414869409,0.0026646025290498875,4.3432501708817435e-4,0.004075704374572787,FALSE,FALSE,FALSE,FALSE,FALSE,FALSE,FALSE,FALSE,FALSE,FALSE,FALSE,FALSE,FALSE,FALSE,FALSE,FALSE
Original retrospective results,original_yte_fc,404e0bb_d00107d,WT,H-TYR252TRP,H-TYR252TRP,-0.05823030030536459,-0.10934058461111806,0.04941574304765073,0.009473618250170885,0.02821534210526316,0.006196881408065612,TRUE,FALSE,FALSE,FALSE,TRUE,TRUE,FALSE,FALSE,FALSE,FALSE,FALSE,FALSE,TRUE,TRUE,FALSE,FALSE
Original retrospective results,original_yte_fc,404e0bb_d09a5d4,WT,H-THR254CYS,H-THR254CYS,0.0139826678645548,0.006101527795442057,0.0072390455308106155,0.0019817409432672634,0.0011620010252905006,0.005138313055365698,FALSE,FALSE,FALSE,FALSE,FALSE,FALSE,FALSE,FALSE,FALSE,FALSE,FALSE,FALSE,FALSE,FALSE,FALSE,FALSE
Original retrospective results,original_yte_fc,404e0bb_da20473,WT,H-TYR252MET,H-TYR252MET,0.0370449901866124,0.07805323091262328,-0.04298803674061461,0.004657598086124399,0.016024759398496246,0.004236331168831171,FALSE,FALSE,FALSE,FALSE,TRUE,FALSE,FALSE,FALSE,FALSE,FALSE,FALSE,FALSE,TRUE,FALSE,FALSE,FALSE
Original retrospective results,original_yte_fc,404e0bb_e6a818d,WT,H-TYR252HID,H-TYR252HID,-0.05180661661931184,0.003259744797037984,-0.055249697373906344,0.007380377306903624,0.001413315789473686,0.00821964046479836,TRUE,FALSE,FALSE,FALSE,FALSE,FALSE,FALSE,FALSE,TRUE,FALSE,FALSE,FALSE,TRUE,FALSE,FALSE,FALSE
Original retrospective results,original_yte_fc,404e0bb_f2a9ae7,WT,H-THR307GLN,H-THR307GLN,-0.030507638977211524,0.013619481686254833,-0.04157741707003988,0.004081508885850958,8.179938482570111e-4,0.005988065618591926,FALSE,FALSE,FALSE,FALSE,FALSE,FALSE,FALSE,FALSE,FALSE,FALSE,FALSE,FALSE,FALSE,FALSE,FALSE,FALSE
Original retrospective results,original_yte_fc,404e0bb_f3cd620,WT,H-GLU256GLN,H-GLU256GLN,-0.05338836821011428,0.0206923786162024,-0.07626909744304243,0.006586305878332198,0.0028699565960355515,0.015022237867395804,TRUE,FALSE,FALSE,FALSE,FALSE,FALSE,FALSE,FALSE,TRUE,FALSE,FALSE,FALSE,TRUE,FALSE,FALSE,FALSE
Original retrospective results,original_yte_fc,404e0bb_f4d432c,WT,H-ASN434SER,H-ASN434SER,-0.005340274956098453,-0.013021405663396025,0.00798450844293745,0.002463083048530388,5.285902255639114e-4,0.0025565642515379063,FALSE,FALSE,FALSE,FALSE,FALSE,FALSE,FALSE,FALSE,FALSE,FALSE,FALSE,FALSE,FALSE,FALSE,FALSE,FALSE
Original retrospective results,original_yte_fc,404e0bb_f924a14,WT,H-THR254SER,H-THR254SER,-0.004254120768488773,-0.009633991255960829,0.008855689647551106,0.001596537593984962,0.0012554709501025293,0.0019080536568694532,FALSE,FALSE,FALSE,FALSE,FALSE,FALSE,FALSE,FALSE,FALSE,FALSE,FALSE,FALSE,FALSE,FALSE,FALSE,FALSE
Original retrospective results,original_yte_fc,45be1d1_1a56c51,"H-HIP433LYN,H-TYR436HID","H-HIP433LYN,H-ASN434PHE,H-TYR436HID",H-ASN434PHE,0.03497536306762033,0.030224772819111085,-0.005447792674496898,0.00508343164730008,0.002446864661654115,0.0018787887901572347,FALSE,FALSE,FALSE,FALSE,FALSE,FALSE,FALSE,FALSE,FALSE,FALSE,FALSE,FALSE,FALSE,FALSE,FALSE,FALSE
Original retrospective results,original_yte_fc,476a620_1a56c51,"H-HIP433HID,H-ASN434PHE,H-TYR436HID","H-HIP433LYN,H-ASN434PHE,H-TYR436HID",H-HID433LYN,-0.03548171054958141,-0.022618498653121044,-0.012203055590884904,0.0031694302802460703,0.0023634446343130445,0.0014904412166780545,FALSE,FALSE,FALSE,FALSE,FALSE,FALSE,FALSE,FALSE,FALSE,FALSE,FALSE,FALSE,FALSE,FALSE,FALSE,FALSE
Original retrospective results,original_yte_fc,4c561ad_63b7ecd,"H-TYR252TRP,H-GLU256GLH","H-TYR252TRP,H-THR254SER,H-GLU256GLH",H-THR254SER,0.03773688898885541,0.028600911541134873,0.009619366010837516,0.00465838004101162,0.0018843533834586468,0.0029697935748462067,FALSE,FALSE,FALSE,FALSE,FALSE,FALSE,FALSE,FALSE,FALSE,FALSE,FALSE,FALSE,FALSE,FALSE,FALSE,FALSE
Original retrospective results,original_yte_fc,4c561ad_aa90bf1,"H-TYR252TRP,H-GLU256GLH","H-TYR252TRP,H-GLU256THR",H-GLH256THR,-0.01492267914956702,0.031617374522016545,-0.04925258560472428,9.26484278879014e-4,0.002822049897470962,0.006598535201640479,FALSE,FALSE,FALSE,FALSE,FALSE,FALSE,FALSE,FALSE,FALSE,FALSE,FALSE,FALSE,FALSE,FALSE,FALSE,FALSE
Original retrospective results,original_yte_fc,52ba82c_8b89986,"H-TYR252HIP,H-THR254SER,H-GLU256GLH","H-TYR252HIP,H-THR254SER,H-GLU256THR",H-GLH256THR,-0.01796014230109976,-4.1256675517401485e-4,-0.0188084425821044,0.003504501708817501,6.664340396445639e-4,0.005699773752563226,FALSE,FALSE,FALSE,FALSE,FALSE,FALSE,FALSE,FALSE,FALSE,FALSE,FALSE,FALSE,FALSE,FALSE,FALSE,FALSE
Original retrospective results,original_yte_fc,576245d_bff8457,"H-TYR252PHE,H-GLU256ASP","H-TYR252PHE,H-THR254SER,H-GLU256ASP",H-THR254SER,-0.057964514056699216,0.028389052937126406,-0.08041615771877408,0.0073173940533151054,0.002439212235133286,0.015046193438140799,TRUE,FALSE,FALSE,FALSE,FALSE,FALSE,FALSE,FALSE,TRUE,FALSE,FALSE,FALSE,TRUE,FALSE,FALSE,FALSE
Original retrospective results,original_yte_fc,594c9a3_1cf2a18,"H-TYR252MET,H-THR254SER,H-GLU256ASH","H-TYR252MET,H-THR254SER,H-GLU256THR",H-ASH256THR,-0.01869912662264294,-0.0019067274360768508,-0.01525381948859797,0.003345348940533152,2.8759330143540696e-4,0.004119308270676722,FALSE,FALSE,FALSE,FALSE,FALSE,FALSE,FALSE,FALSE,FALSE,FALSE,FALSE,FALSE,FALSE,FALSE,FALSE,FALSE
Original retrospective results,original_yte_fc,5cb8174_05527ee,H-ASN434PHE,"H-HIP433LYN,H-ASN434PHE",H-HIP433LYN,-0.030189851071198065,-0.0332810607024116,0.0018705453544016959,0.004079550239234446,0.0028514589883800504,0.0012520331510594395,FALSE,FALSE,FALSE,FALSE,FALSE,FALSE,FALSE,FALSE,FALSE,FALSE,FALSE,FALSE,FALSE,FALSE,FALSE,FALSE
Original retrospective results,original_yte_fc,5cb8174_62490ed,H-ASN434PHE,"H-ASN434PHE,H-TYR436HID",H-TYR436HID,0.0010974538866025565,-0.015857990378153868,0.01401281652414333,8.032409432672595e-4,0.004539144565960356,0.0037927436773752543,FALSE,FALSE,FALSE,FALSE,FALSE,FALSE,FALSE,FALSE,FALSE,FALSE,FALSE,FALSE,FALSE,FALSE,FALSE,FALSE
Original retrospective results,original_yte_fc,5cb8174_6a7277f,H-ASN434PHE,"H-ASN434PHE,H-TYR436HIE",H-TYR436HIE,-0.01992179434883029,0.03342858313460294,-0.05598593892013447,0.0055231144907723915,0.0026782904989747103,0.010857161995898845,FALSE,FALSE,FALSE,FALSE,FALSE,FALSE,FALSE,FALSE,TRUE,FALSE,FALSE,FALSE,TRUE,FALSE,FALSE,FALSE
Original retrospective results,original_yte_fc,5cb8174_819f2a6,H-ASN434PHE,"H-ASN434PHE,H-TYR436HIP",H-TYR436HIP,0.06207649346633079,0.04076206103452394,0.022744534416042267,0.009486316814764206,0.003924063909774359,0.003147681476418405,TRUE,FALSE,FALSE,FALSE,FALSE,FALSE,FALSE,FALSE,FALSE,FALSE,FALSE,FALSE,TRUE,FALSE,FALSE,FALSE
Original retrospective results,original_yte_fc,5cb8174_d80cabb,H-ASN434PHE,"H-HIP433HIE,H-ASN434PHE",H-HIP433HIE,-0.004519650218845486,0.009296854034719783,-0.012287799032488991,5.484135338345864e-4,6.317361585782695e-4,0.0013891684894053631,FALSE,FALSE,FALSE,FALSE,FALSE,FALSE,FALSE,FALSE,FALSE,FALSE,FALSE,FALSE,FALSE,FALSE,FALSE,FALSE
Original retrospective results,original_yte_fc,5cb8174_d8dbf98,H-ASN434PHE,"H-HIP433LYS,H-ASN434PHE",H-HIP433LYS,-0.027456875079490385,-0.012401807688033763,-0.014484230235152329,0.0018962556390977646,5.679542036910542e-4,9.489617224880504e-4,FALSE,FALSE,FALSE,FALSE,FALSE,FALSE,FALSE,FALSE,FALSE,FALSE,FALSE,FALSE,FALSE,FALSE,FALSE,FALSE
Original retrospective results,original_yte_fc,5cb8174_e563734,H-ASN434PHE,"H-HIP433HID,H-ASN434PHE",H-HIP433HID,0.009730884846178922,-0.0035305887140529434,0.010749850805772211,6.963226247436858e-4,6.598838004101258e-4,0.0011649036226930702,FALSE,FALSE,FALSE,FALSE,FALSE,FALSE,FALSE,FALSE,FALSE,FALSE,FALSE,FALSE,FALSE,FALSE,FALSE,FALSE
Original retrospective results,original_yte_fc,5e7364d_485ab1a,"H-TYR252ARG,H-THR254SER,H-GLU256GLH","H-TYR252ARG,H-THR254SER,H-GLU256THR",H-GLH256THR,0.023769501913134615,-0.04302666654321554,0.0660998844506217,0.0020267522214627224,0.004032595010252873,0.010583260423786633,FALSE,FALSE,FALSE,FALSE,FALSE,FALSE,FALSE,FALSE,TRUE,FALSE,FALSE,FALSE,TRUE,FALSE,FALSE,FALSE
Original retrospective results,original_yte_fc,5f85a4e_a20a975,"H-GLU256ASH,H-THR307GLN","H-GLU256ASP,H-THR307GLN",H-ASH256ASP,0.023352546991326488,-0.014134178866211131,0.03467895471713242,0.0014602460697197667,0.001348827067669197,0.004601118250170935,FALSE,FALSE,FALSE,FALSE,FALSE,FALSE,FALSE,FALSE,FALSE,FALSE,FALSE,FALSE,FALSE,FALSE,FALSE,FALSE
Original retrospective results,original_yte_fc,5f85a4e_c3aaa50,"H-GLU256ASH,H-THR307GLN","H-GLU256GLH,H-THR307GLN",H-ASH256GLH,0,-0.003050763897720856,0.0063557581202520995,0.0018132197539302804,3.953885850991114e-4,0.001586087833219413,FALSE,FALSE,FALSE,FALSE,FALSE,FALSE,FALSE,FALSE,FALSE,FALSE,FALSE,FALSE,FALSE,FALSE,FALSE,FALSE
Original retrospective results,original_yte_fc,5f85a4e_e147ac1,"H-GLU256ASH,H-THR307GLN","H-THR254SER,H-GLU256ASH,H-THR307GLN",H-THR254SER,0.02514637006871531,-0.007308569163671015,0.02325622680708249,0.003533996240601501,8.945857826384174e-4,0.0030900782638414257,FALSE,FALSE,FALSE,FALSE,FALSE,FALSE,FALSE,FALSE,FALSE,FALSE,FALSE,FALSE,FALSE,FALSE,FALSE,FALSE
Original retrospective results,original_yte_fc,6057bd3_d21774d,"H-HIP433HIE,H-TYR436HIE","H-HIP433HIE,H-ASN434PHE,H-TYR436HIE",H-ASN434PHE,-0.06765704519008309,0.012711516240505111,-0.08198927975125833,0.0118312648667122,9.599278879015774e-4,0.017282659603554407,TRUE,FALSE,FALSE,FALSE,FALSE,FALSE,FALSE,FALSE,TRUE,FALSE,FALSE,FALSE,TRUE,FALSE,FALSE,FALSE
Original retrospective results,original_yte_fc,620f35a_1677bf9,"H-THR254SER,H-ASN434ALA","H-THR254SER,H-GLU256GLH,H-ASN434ALA",H-GLU256GLH,0.01107635301502064,-0.03255125966510696,0.04344405127427812,0.0012242720437457277,0.0027019364319890776,0.005402085782638445,FALSE,FALSE,FALSE,FALSE,FALSE,FALSE,FALSE,FALSE,FALSE,FALSE,FALSE,FALSE,FALSE,FALSE,FALSE,FALSE
Original retrospective results,original_yte_fc,620f35a_e67aeea,"H-THR254SER,H-ASN434ALA","H-THR254SER,H-GLU256THR,H-ASN434ALA",H-GLU256THR,-0.06942581107850368,0.017088818029813754,-0.08489082150180172,0.010664930280246055,7.68010594668483e-4,0.01608521462747774,TRUE,FALSE,FALSE,FALSE,FALSE,FALSE,FALSE,FALSE,TRUE,FALSE,FALSE,FALSE,TRUE,FALSE,FALSE,FALSE
Original retrospective results,original_yte_fc,62490ed_066482d,"H-ASN434PHE,H-TYR436HID","H-HIP433LYS,H-ASN434PHE,H-TYR436HID",H-HIP433LYS,0.008427091764430693,-0.032338097315843514,0.03861309992115583,3.4044668489406426e-4,0.0026586708817498157,0.004099120642515406,FALSE,FALSE,FALSE,FALSE,FALSE,FALSE,FALSE,FALSE,FALSE,FALSE,FALSE,FALSE,FALSE,FALSE,FALSE,FALSE
Original retrospective results,original_yte_fc,62490ed_11aa163,"H-ASN434PHE,H-TYR436HID","H-HIP433HIE,H-ASN434PHE,H-TYR436HID",H-HIP433HIE,0.011440364616454328,-0.027224239608522417,0.04034334552201454,5.513414217361713e-4,0.0024233814080656104,0.004045801093643238,FALSE,FALSE,FALSE,FALSE,FALSE,FALSE,FALSE,FALSE,FALSE,FALSE,FALSE,FALSE,FALSE,FALSE,FALSE,FALSE
Original retrospective results,original_yte_fc,62490ed_1a56c51,"H-ASN434PHE,H-TYR436HID","H-HIP433LYN,H-ASN434PHE,H-TYR436HID",H-HIP433LYN,-0.012711516240504058,0.01606382024152453,-0.02440611118177429,0.0012227679425837403,0.0010344637730690315,0.0028164278879016106,FALSE,FALSE,FALSE,FALSE,FALSE,FALSE,FALSE,FALSE,FALSE,FALSE,FALSE,FALSE,FALSE,FALSE,FALSE,FALSE
Original retrospective results,original_yte_fc,62490ed_476a620,"H-ASN434PHE,H-TYR436HID","H-HIP433HID,H-ASN434PHE,H-TYR436HID",H-HIP433HID,-0.005656624727025243,0.029225714881769446,-0.03335007524765417,0.0011902409432672544,0.002136673274094307,0.003026805878332157,FALSE,FALSE,FALSE,FALSE,FALSE,FALSE,FALSE,FALSE,FALSE,FALSE,FALSE,FALSE,FALSE,FALSE,FALSE,FALSE
Original retrospective results,original_yte_fc,62490ed_6a7277f,"H-ASN434PHE,H-TYR436HID","H-ASN434PHE,H-TYR436HIE",H-HID436HIE,0.051442461443164215,0.021355347284047234,0.028350313078107595,0.008467166780587834,0.003843822624743678,0.012232725905673272,TRUE,FALSE,FALSE,FALSE,FALSE,FALSE,FALSE,FALSE,FALSE,FALSE,FALSE,FALSE,TRUE,FALSE,FALSE,FALSE
Original retrospective results,original_yte_fc,62490ed_819f2a6,"H-ASN434PHE,H-TYR436HID","H-ASN434PHE,H-TYR436HIP",H-HID436HIP,0.05614054670508116,-0.09481527859143696,0.14831563374408924,0.009924490430621945,0.02160765516062908,0.05907666951469594,TRUE,FALSE,FALSE,FALSE,TRUE,FALSE,FALSE,FALSE,TRUE,TRUE,FALSE,FALSE,TRUE,TRUE,FALSE,FALSE
Original retrospective results,original_yte_fc,630735f_53eaf25,"H-HIP433LYS,H-TYR436HIP","H-HIP433LYS,H-ASN434PHE,H-TYR436HIP",H-ASN434PHE,-0.0242346659417181,0.0036760757525342164,-0.029307325524159593,0.0019934436090225864,2.144138755980874e-4,0.002084357484620676,FALSE,FALSE,FALSE,FALSE,FALSE,FALSE,FALSE,FALSE,FALSE,FALSE,FALSE,FALSE,FALSE,FALSE,FALSE,FALSE
Original retrospective results,original_yte_fc,63b7ecd_810d557,"H-TYR252TRP,H-THR254SER,H-GLU256GLH","H-TYR252TRP,H-THR254SER,H-GLU256THR",H-GLH256THR,0.022616475490273756,-0.04715883633505322,0.06627177881796556,0.0029616476418318585,0.0051647911825017144,0.013479918660287086,FALSE,FALSE,FALSE,FALSE,FALSE,FALSE,FALSE,FALSE,TRUE,FALSE,FALSE,FALSE,TRUE,FALSE,FALSE,FALSE
Original retrospective results,original_yte_fc,6791b75_939f3c5,"H-TYR252HID,H-THR254SER,H-GLU256GLH","H-TYR252HID,H-THR254SER,H-GLU256THR",H-GLH256THR,-0.02989748619766624,-0.006370538953090201,-0.018595792667472345,0.003154142173615856,0.0028835068352700013,0.004518045112781955,FALSE,FALSE,FALSE,FALSE,FALSE,FALSE,FALSE,FALSE,FALSE,FALSE,FALSE,FALSE,FALSE,FALSE,FALSE,FALSE
Original retrospective results,original_yte_fc,6849d97_15ad89e,"H-TYR252HIP,H-GLU256GLH","H-TYR252HIP,H-GLU256THR",H-GLH256THR,-0.016254338831405594,-0.001485824289212529,-0.0028373063608527717,0.004167462747778526,6.284825700615308e-4,0.0060612474367737505,FALSE,FALSE,FALSE,FALSE,FALSE,FALSE,FALSE,FALSE,FALSE,FALSE,FALSE,FALSE,FALSE,FALSE,FALSE,FALSE
Original retrospective results,original_yte_fc,6849d97_52ba82c,"H-TYR252HIP,H-GLU256GLH","H-TYR252HIP,H-THR254SER,H-GLU256GLH",H-THR254SER,0.03862711997583232,-0.018200381060313298,0.05479750483545003,0.0034849880382775045,0.0013836770334928244,0.007530918660287073,FALSE,FALSE,FALSE,FALSE,FALSE,FALSE,FALSE,FALSE,TRUE,FALSE,FALSE,FALSE,TRUE,FALSE,FALSE,FALSE
Original retrospective results,original_yte_fc,6a7277f_05b8660,"H-ASN434PHE,H-TYR436HIE","H-HIP433LYS,H-ASN434PHE,H-TYR436HIE",H-HIP433LYS,-0.012668426354943165,0.015980191845204973,-0.029772408421139228,8.265464798359463e-4,6.6478195488722e-4,0.0023989637730690203,FALSE,FALSE,FALSE,FALSE,FALSE,FALSE,FALSE,FALSE,FALSE,FALSE,FALSE,FALSE,FALSE,FALSE,FALSE,FALSE
Original retrospective results,original_yte_fc,6a7277f_8da9ef1,"H-ASN434PHE,H-TYR436HIE","H-HIP433LYN,H-ASN434PHE,H-TYR436HIE",H-HIP433LYN,0.026775468630677313,0.007800338182933011,0.019729294503555036,0.0023083533834586194,5.154900888585108e-4,0.0015723885850990528,FALSE,FALSE,FALSE,FALSE,FALSE,FALSE,FALSE,FALSE,FALSE,FALSE,FALSE,FALSE,FALSE,FALSE,FALSE,FALSE
Original retrospective results,original_yte_fc,6a7277f_be9b15f,"H-ASN434PHE,H-TYR436HIE","H-HIP433HID,H-ASN434PHE,H-TYR436HIE",H-HIP433HID,0.020338425984807694,-0.01220305559087739,0.03325629800843723,0.001092666780587813,5.590919343813927e-4,0.002608520164046377,FALSE,FALSE,FALSE,FALSE,FALSE,FALSE,FALSE,FALSE,FALSE,FALSE,FALSE,FALSE,FALSE,FALSE,FALSE,FALSE
Original retrospective results,original_yte_fc,6a7277f_d21774d,"H-ASN434PHE,H-TYR436HIE","H-HIP433HIE,H-ASN434PHE,H-TYR436HIE",H-HIP433HIE,-0.032686756047009866,0.01932866610316683,-0.05017994660524989,0.0032195693779904387,0.0014125639097744699,0.008115422761449184,FALSE,FALSE,FALSE,FALSE,FALSE,FALSE,FALSE,FALSE,TRUE,FALSE,FALSE,FALSE,TRUE,FALSE,FALSE,FALSE
Original retrospective results,original_yte_fc,6ded2e0_2bd47b7,H-TYR252PHE,"H-TYR252PHE,H-THR254SER",H-THR254SER,0.014986126227875377,0.01648657714523536,-0.0013123082446254643,0.0012952098427887867,8.729829118250214e-4,0.00107381989063568,FALSE,FALSE,FALSE,FALSE,FALSE,FALSE,FALSE,FALSE,FALSE,FALSE,FALSE,FALSE,FALSE,FALSE,FALSE,FALSE
Original retrospective results,original_yte_fc,6ded2e0_576245d,H-TYR252PHE,"H-TYR252PHE,H-GLU256ASP",H-GLU256ASP,0.027132264608262915,-0.003228411963433801,0.03319948947519956,0.001767512987012987,7.277535885167463e-4,0.0032383263841421744,FALSE,FALSE,FALSE,FALSE,FALSE,FALSE,FALSE,FALSE,FALSE,FALSE,FALSE,FALSE,FALSE,FALSE,FALSE,FALSE
Original retrospective results,original_yte_fc,6ded2e0_915d9b4,H-TYR252PHE,"H-TYR252PHE,H-GLU256GLH",H-GLU256GLH,-0.02986758727918512,0.024896002914001954,-0.05507290247613703,0.0029166144907723794,0.0018913848257006134,0.007083076555023921,FALSE,FALSE,FALSE,FALSE,FALSE,FALSE,FALSE,FALSE,TRUE,FALSE,FALSE,FALSE,TRUE,FALSE,FALSE,FALSE
Original retrospective results,original_yte_fc,6ded2e0_fcaa360,H-TYR252PHE,"H-TYR252PHE,H-GLU256ASH",H-GLU256ASH,-5.447792674508515e-4,0.024406111181766603,-0.024317160618950284,5.557006151743068e-4,0.0014610239234449816,0.001980667122351359,FALSE,FALSE,FALSE,FALSE,FALSE,FALSE,FALSE,FALSE,FALSE,FALSE,FALSE,FALSE,FALSE,FALSE,FALSE,FALSE
Original retrospective results,original_yte_fc,6f2e5af_bf30bf3,"H-THR254SER,H-GLU256ASP","H-TYR252MET,H-THR254SER,H-GLU256ASP",H-TYR252MET,-0.10723217577216908,-0.020860267177838114,-0.07993913405094015,0.02503559193438141,0.0038518168147641803,0.02051609808612441,TRUE,TRUE,FALSE,FALSE,FALSE,FALSE,FALSE,FALSE,TRUE,FALSE,FALSE,FALSE,TRUE,TRUE,FALSE,FALSE
Original retrospective results,original_yte_fc,6f2e5af_bff8457,"H-THR254SER,H-GLU256ASP","H-TYR252PHE,H-THR254SER,H-GLU256ASP",H-TYR252PHE,0.09609906277821331,0.08338754653770841,0.011925713418364101,0.024953328776486653,0.016161309637730683,0.003889813397129174,TRUE,FALSE,FALSE,FALSE,TRUE,FALSE,FALSE,FALSE,FALSE,FALSE,FALSE,FALSE,TRUE,FALSE,FALSE,FALSE
Original retrospective results,original_yte_fc,6f2e5af_cabe813,"H-THR254SER,H-GLU256ASP","H-THR254SER,H-GLU256THR",H-ASP256THR,0.022880729232908695,-0.023058483768954023,0.05444847921704668,0.0026313732057416106,0.002005422761449083,0.0069564299384825565,FALSE,FALSE,FALSE,FALSE,FALSE,FALSE,FALSE,FALSE,TRUE,FALSE,FALSE,FALSE,TRUE,FALSE,FALSE,FALSE
Original retrospective results,original_yte_fc,6f2e5af_cc6f7f6,"H-THR254SER,H-GLU256ASP","H-THR254SER,H-GLU256ASP,H-THR307GLN",H-THR307GLN,0.016653370266601082,0.045761458465817306,-0.02660549910803333,0.0021406144907723723,0.0047849278879015834,0.002643355092276099,FALSE,FALSE,FALSE,FALSE,FALSE,FALSE,FALSE,FALSE,FALSE,FALSE,FALSE,FALSE,FALSE,FALSE,FALSE,FALSE
Original retrospective results,original_yte_fc,6f7d1a8_630735f,"H-HIP433HIE,H-TYR436HIP","H-HIP433LYS,H-TYR436HIP",H-HIE433LYS,-0.04662099908778925,-0.018962989194261384,-0.02586517217632918,0.004881563226247277,0.001118217361585802,0.0019140977443608475,FALSE,FALSE,FALSE,FALSE,FALSE,FALSE,FALSE,FALSE,FALSE,FALSE,FALSE,FALSE,FALSE,FALSE,FALSE,FALSE
Original retrospective results,original_yte_fc,6f7d1a8_785a9e7,"H-HIP433HIE,H-TYR436HIP","H-HIP433HIE,H-ASN434PHE,H-TYR436HIP",H-ASN434PHE,0.06864218769872321,-0.017796122736707342,0.08723696162027791,0.011933358168147657,0.0011478287764866604,0.01825753793574847,TRUE,FALSE,FALSE,FALSE,FALSE,FALSE,FALSE,FALSE,TRUE,FALSE,FALSE,FALSE,TRUE,FALSE,FALSE,FALSE
Original retrospective results,original_yte_fc,73b3522_594c9a3,"H-THR254SER,H-GLU256ASH","H-TYR252MET,H-THR254SER,H-GLU256ASH",H-TYR252MET,0.06470658011795462,0.035048567283461465,0.030766252583482714,0.009928305878332194,0.0034956308954203676,0.0037611619958988346,TRUE,FALSE,FALSE,FALSE,FALSE,FALSE,FALSE,FALSE,FALSE,FALSE,FALSE,FALSE,TRUE,FALSE,FALSE,FALSE
Original retrospective results,original_yte_fc,73b3522_82b92bc,"H-THR254SER,H-GLU256ASH","H-THR254SER,H-GLU256GLN",H-ASH256GLN,0,-0.02951817312679221,0.027947432185107892,3.965943267259057e-4,0.0019510406698564585,0.0023587306903622685,FALSE,FALSE,FALSE,FALSE,FALSE,FALSE,FALSE,FALSE,FALSE,FALSE,FALSE,FALSE,FALSE,FALSE,FALSE,FALSE
Original retrospective results,original_yte_fc,73b3522_e147ac1,"H-THR254SER,H-GLU256ASH","H-THR254SER,H-GLU256ASH,H-THR307GLN",H-THR307GLN,0.03526287825098544,-0.020762143192823518,0.05345527092717392,0.005982569036226935,0.001384801093643194,0.011604278537252195,FALSE,FALSE,FALSE,FALSE,FALSE,FALSE,FALSE,FALSE,TRUE,FALSE,FALSE,FALSE,TRUE,FALSE,FALSE,FALSE
Original retrospective results,original_yte_fc,73b3522_e6c6013,"H-THR254SER,H-GLU256ASH","H-TYR252PHE,H-THR254SER,H-GLU256ASH",H-TYR252PHE,-0.04067685196961422,-0.04576145846581559,0.008429989526491936,0.003993061859193445,0.005841209842788794,0.002930170881749838,FALSE,FALSE,FALSE,FALSE,FALSE,FALSE,FALSE,FALSE,FALSE,FALSE,FALSE,FALSE,FALSE,FALSE,FALSE,FALSE
Original retrospective results,original_yte_fc,785a9e7_80f820d,"H-HIP433HIE,H-ASN434PHE,H-TYR436HIP","H-HIP433LYN,H-ASN434PHE,H-TYR436HIP",H-HIE433LYN,0.007412024588808254,0.01779612273670674,-0.011567621175034593,2.4453759398496236e-4,8.375881749829139e-4,4.999077238550893e-4,FALSE,FALSE,FALSE,FALSE,FALSE,FALSE,FALSE,FALSE,FALSE,FALSE,FALSE,FALSE,FALSE,FALSE,FALSE,FALSE
Original retrospective results,original_yte_fc,789df7f_ac5997a,"H-THR254SER,H-THR307GLN","H-THR254SER,H-THR307TRP",H-GLN307TRP,0.017455635694550622,-0.11618134693200993,0.13863522304808207,0.0015990423786739442,0.03407456151742997,0.04495513841421742,FALSE,FALSE,FALSE,FALSE,TRUE,TRUE,FALSE,FALSE,TRUE,TRUE,FALSE,FALSE,TRUE,TRUE,FALSE,FALSE
Original retrospective results,original_yte_fc,789df7f_cc6f7f6,"H-THR254SER,H-THR307GLN","H-THR254SER,H-GLU256ASP,H-THR307GLN",H-GLU256ASP,0.04133202260904538,-0.045312816716150714,0.08774291341800756,0.005183806220095694,0.004156710526315789,0.016872964114832537,FALSE,FALSE,FALSE,FALSE,FALSE,FALSE,FALSE,FALSE,TRUE,FALSE,FALSE,FALSE,TRUE,FALSE,FALSE,FALSE
Original retrospective results,original_yte_fc,789df7f_e00bf9f,"H-THR254SER,H-THR307GLN","H-THR254SER,H-GLU256GLH,H-THR307GLN",H-GLU256GLH,-0.0610152779544208,-0.023663491022455067,-0.03660916677265385,0.00873135338345865,0.0014638814080656182,0.005142249829118243,TRUE,FALSE,FALSE,FALSE,FALSE,FALSE,FALSE,FALSE,FALSE,FALSE,FALSE,FALSE,TRUE,FALSE,FALSE,FALSE
Original retrospective results,original_yte_fc,789df7f_e147ac1,"H-THR254SER,H-THR307GLN","H-THR254SER,H-GLU256ASH,H-THR307GLN",H-GLU256ASH,0.004160132587801574,-0.02379078761595599,0.030395478539785865,8.489747095010329e-4,0.0017780331510594681,0.0031944637730690626,FALSE,FALSE,FALSE,FALSE,FALSE,FALSE,FALSE,FALSE,FALSE,FALSE,FALSE,FALSE,FALSE,FALSE,FALSE,FALSE
Original retrospective results,original_yte_fc,796c056_2d4cd41,H-THR254CYM,"H-THR254CYM,H-GLU256THR",H-GLU256THR,0.026694184105057913,-0.04899267255911881,0.07692525156533837,0.002587753588516753,0.00559315892002736,0.013962015379357531,FALSE,FALSE,FALSE,FALSE,FALSE,FALSE,FALSE,FALSE,TRUE,FALSE,FALSE,FALSE,TRUE,FALSE,FALSE,FALSE
Original retrospective results,original_yte_fc,796c056_8276da4,H-THR254CYM,"H-THR254CYM,H-GLU256GLH",H-GLU256GLH,0.005880187407757614,-0.021676480325912274,0.024518655831486484,0.0025892378673957627,0.0011223585099111402,0.004168578263841422,FALSE,FALSE,FALSE,FALSE,FALSE,FALSE,FALSE,FALSE,FALSE,FALSE,FALSE,FALSE,FALSE,FALSE,FALSE,FALSE
Original retrospective results,original_yte_fc,796c056_88f5182,H-THR254CYM,H-THR254VAL,H-CYM254VAL,0.09387977365632955,0.04547324012966726,0.05174218738021424,0.02160730006835269,0.0047437819548872195,0.008663769993164724,TRUE,FALSE,FALSE,FALSE,FALSE,FALSE,FALSE,FALSE,TRUE,FALSE,FALSE,FALSE,TRUE,FALSE,FALSE,FALSE
Original retrospective results,original_yte_fc,796c056_9c48082,H-THR254CYM,"H-TYR252MET,H-THR254CYM",H-TYR252MET,-0.06679631326592683,0.020338425984808284,-0.08963944226916604,0.012411425837320567,0.003407460355434038,0.01798619958988379,TRUE,FALSE,FALSE,FALSE,FALSE,FALSE,FALSE,FALSE,TRUE,FALSE,FALSE,FALSE,TRUE,FALSE,FALSE,FALSE
Original retrospective results,original_yte_fc,7c2de05_53eaf25,"H-HIP433HID,H-ASN434PHE,H-TYR436HIP","H-HIP433LYS,H-ASN434PHE,H-TYR436HIP",H-HID433LYS,-0.012561968990620771,0.02440611118176922,-0.03919934456243384,0.0010899446343130797,0.0018529805194805616,0.0036205895420370043,FALSE,FALSE,FALSE,FALSE,FALSE,FALSE,FALSE,FALSE,FALSE,FALSE,FALSE,FALSE,FALSE,FALSE,FALSE,FALSE
Original retrospective results,original_yte_fc,7e0c24a_5e7364d,"H-TYR252ARG,H-GLU256GLH","H-TYR252ARG,H-THR254SER,H-GLU256GLH",H-THR254SER,-0.005519109233149789,-0.009386965839141661,0.00621451905091317,0.002408263157894739,5.594853041695116e-4,0.0019155905673274114,FALSE,FALSE,FALSE,FALSE,FALSE,FALSE,FALSE,FALSE,FALSE,FALSE,FALSE,FALSE,FALSE,FALSE,FALSE,FALSE
Original retrospective results,original_yte_fc,7e0c24a_c09e135,"H-TYR252ARG,H-GLU256GLH","H-TYR252ARG,H-GLU256THR",H-GLH256THR,0.050491609220695524,-0.02773421725200885,0.0783029400415062,0.010006102529049906,0.0030659015721120984,0.015288208133971325,TRUE,FALSE,FALSE,FALSE,FALSE,FALSE,FALSE,FALSE,TRUE,FALSE,FALSE,FALSE,TRUE,FALSE,FALSE,FALSE
Original retrospective results,original_yte_fc,8040f22_335c2e7,H-HIP433HIE,H-HIP433LYN,H-HIE433LYN,-0.007626909744301984,-0.020513757243296477,0.013648154279277897,7.530092276144935e-4,9.773325358851605e-4,9.642293233082681e-4,FALSE,FALSE,FALSE,FALSE,FALSE,FALSE,FALSE,FALSE,FALSE,FALSE,FALSE,FALSE,FALSE,FALSE,FALSE,FALSE
Original retrospective results,original_yte_fc,8040f22_6057bd3,H-HIP433HIE,"H-HIP433HIE,H-TYR436HIE",H-TYR436HIE,-0.03872123408645897,0.016202586467404807,-0.05663283140293136,0.003538136363636359,0.0034265092276144914,0.011484674299384826,FALSE,FALSE,FALSE,FALSE,FALSE,FALSE,FALSE,FALSE,TRUE,FALSE,FALSE,FALSE,TRUE,FALSE,FALSE,FALSE
Original retrospective results,original_yte_fc,8040f22_6f7d1a8,H-HIP433HIE,"H-HIP433HIE,H-TYR436HIP",H-TYR436HIP,-0.03172483679718153,-0.07552100342503991,0.037733132419180804,0.003973142173615793,0.013287168489405287,0.00536004237867395,FALSE,FALSE,FALSE,FALSE,TRUE,FALSE,FALSE,FALSE,FALSE,FALSE,FALSE,FALSE,TRUE,FALSE,FALSE,FALSE
Original retrospective results,original_yte_fc,8040f22_d80cabb,H-HIP433HIE,"H-HIP433HIE,H-ASN434PHE",H-ASN434PHE,0.06449650001574238,-0.02560000879670451,0.09110944343633576,0.0088975041011619509,0.001613790498974689,0.017483470950102394,TRUE,FALSE,FALSE,FALSE,FALSE,FALSE,FALSE,FALSE,TRUE,FALSE,FALSE,FALSE,TRUE,FALSE,FALSE,FALSE
Original retrospective results,original_yte_fc,8040f22_d8db775,H-HIP433HIE,"H-HIP433HIE,H-TYR436HID",H-TYR436HID,-0.01525381948860511,-0.016257722141569585,0.0050846064962018905,0.0037952556390977448,0.007686755980861244,0.001788380041011622,FALSE,FALSE,FALSE,FALSE,FALSE,FALSE,FALSE,FALSE,FALSE,FALSE,FALSE,FALSE,FALSE,FALSE,FALSE,FALSE
Original retrospective results,original_yte_fc,819f2a6_53eaf25,"H-ASN434PHE,H-TYR436HIP","H-HIP433LYS,H-ASN434PHE,H-TYR436HIP",H-HIP433LYS,0.01349532269041694,0.01929159523558939,-0.008898061368354875,0.0021415727956254184,0.0012387077922077986,0.001123535543403977,FALSE,FALSE,FALSE,FALSE,FALSE,FALSE,FALSE,FALSE,FALSE,FALSE,FALSE,FALSE,FALSE,FALSE,FALSE,FALSE
Original retrospective results,original_yte_fc,819f2a6_785a9e7,"H-ASN434PHE,H-TYR436HIP","H-HIP433HIE,H-ASN434PHE,H-TYR436HIP",H-HIP433HIE,-0.011147021933979753,0.03483182441259439,-0.046265751405193525,7.029101161995826e-4,0.003590934039644618,0.005844688995215418,FALSE,FALSE,FALSE,FALSE,FALSE,FALSE,FALSE,FALSE,FALSE,FALSE,FALSE,FALSE,FALSE,FALSE,FALSE,FALSE
Original retrospective results,original_yte_fc,819f2a6_7c2de05,"H-ASN434PHE,H-TYR436HIP","H-HIP433HID,H-ASN434PHE,H-TYR436HIP",H-HIP433HID,0.01771571500606918,0.016580238574569924,-0.0013112273402760802,0.001408594326725908,8.70958988380039e-4,0.0015312481203007254,FALSE,FALSE,FALSE,FALSE,FALSE,FALSE,FALSE,FALSE,FALSE,FALSE,FALSE,FALSE,FALSE,FALSE,FALSE,FALSE
Original retrospective results,original_yte_fc,819f2a6_80f820d,"H-ASN434PHE,H-TYR436HIP","H-HIP433LYN,H-ASN434PHE,H-TYR436HIP",H-HIP433LYN,-0.004358234139601004,-0.0112694606188403,0.005958523237736065,2.257833219412181e-4,4.0622966507176646e-4,3.639842788790078e-4,FALSE,FALSE,FALSE,FALSE,FALSE,FALSE,FALSE,FALSE,FALSE,FALSE,FALSE,FALSE,FALSE,FALSE,FALSE,FALSE
Original retrospective results,original_yte_fc,81d74d7_e67aeea,"H-GLU256THR,H-ASN434ALA","H-THR254SER,H-GLU256THR,H-ASN434ALA",H-THR254SER,-0.035038920648825224,0.002290529254931403,-0.038209322346457235,0.003876537935748461,3.224326725905661e-4,0.005126204374572792,FALSE,FALSE,FALSE,FALSE,FALSE,FALSE,FALSE,FALSE,FALSE,FALSE,FALSE,FALSE,FALSE,FALSE,FALSE,FALSE
Original retrospective results,original_yte_fc,8276da4_1300491,"H-THR254CYM,H-GLU256GLH","H-TYR252MET,H-THR254CYM,H-GLU256GLH",H-TYR252MET,0.005084606496201738,0.021103417686158546,-0.015253819488605247,0.0010526578947368422,0.0012529853041695121,0.002160432672590567,FALSE,FALSE,FALSE,FALSE,FALSE,FALSE,FALSE,FALSE,FALSE,FALSE,FALSE,FALSE,FALSE,FALSE,FALSE,FALSE
Original retrospective results,original_yte_fc,8276da4_2d4cd41,"H-THR254CYM,H-GLU256GLH","H-THR254CYM,H-GLU256THR",H-GLH256THR,0.011911233282069807,-0.03386347926470319,0.04562021939645036,9.688509911141447e-4,0.002718956596035559,0.005509185235816819,FALSE,FALSE,FALSE,FALSE,FALSE,FALSE,FALSE,FALSE,FALSE,FALSE,FALSE,FALSE,FALSE,FALSE,FALSE,FALSE
Original retrospective results,original_yte_fc,8808ec2_1cf2a18,"H-TYR252MET,H-GLU256THR","H-TYR252MET,H-THR254SER,H-GLU256THR",H-THR254SER,-0.07752740915168199,0.02179117069800755,-0.10997134115962595,0.019750274436090228,0.0015113431305536608,0.02491062884483937,TRUE,FALSE,FALSE,FALSE,FALSE,FALSE,FALSE,FALSE,TRUE,TRUE,FALSE,FALSE,TRUE,TRUE,FALSE,FALSE
Original retrospective results,original_yte_fc,8808ec2_2e13e23,"H-TYR252MET,H-GLU256THR","H-TYR252MET,H-THR254CYS,H-GLU256THR",H-THR254CYS,0.012480397763404231,-0.02836466132153322,0.040869340644113,0.002042779562542717,0.002641332535885164,0.0058301288448393655,FALSE,FALSE,FALSE,FALSE,FALSE,FALSE,FALSE,FALSE,FALSE,FALSE,FALSE,FALSE,FALSE,FALSE,FALSE,FALSE
Original retrospective results,original_yte_fc,8808ec2_3a84771,"H-TYR252MET,H-GLU256THR","H-TYR252MET,H-THR254VAL,H-GLU256THR",H-THR254VAL,-0.006249088053898327,-0.003813454872151303,6.680860837399875e-4,9.106431989063558e-4,4.4863328776486737e-4,8.94615857826386e-4,FALSE,FALSE,FALSE,FALSE,FALSE,FALSE,FALSE,FALSE,FALSE,FALSE,FALSE,FALSE,FALSE,FALSE,FALSE,FALSE
Original retrospective results,original_yte_fc,8808ec2_848e8ed,"H-TYR252MET,H-GLU256THR","H-TYR252MET,H-THR254CYM,H-GLU256THR",H-THR254CYM,-0.12301569841748045,-0.022163059759596586,-0.08339080590084635,0.02878307826384143,0.005029937115515979,0.01829138277512019,TRUE,TRUE,FALSE,FALSE,FALSE,FALSE,FALSE,FALSE,TRUE,FALSE,FALSE,FALSE,TRUE,TRUE,FALSE,FALSE
Original retrospective results,original_yte_fc,88f5182_11dad61,H-THR254VAL,"H-THR254VAL,H-GLU256GLH",H-GLU256GLH,0.02745687507948956,0.0016385284121001658,0.020338425984807576,0.0018062361585782598,8.677737525632217e-4,0.0018476589200273408,FALSE,FALSE,FALSE,FALSE,FALSE,FALSE,FALSE,FALSE,FALSE,FALSE,FALSE,FALSE,FALSE,FALSE,FALSE,FALSE
Original retrospective results,original_yte_fc,88f5182_8f89990,H-THR254VAL,"H-THR254VAL,H-GLU256THR",H-GLU256THR,-0.014164260953704391,-0.03728711430548125,0.022880729232908657,7.318250170881709e-4,0.004097530416951477,0.001718563226247452,FALSE,FALSE,FALSE,FALSE,FALSE,FALSE,FALSE,FALSE,FALSE,FALSE,FALSE,FALSE,FALSE,FALSE,FALSE,FALSE
Original retrospective results,original_yte_fc,88f5182_eb2fa8a,H-THR254VAL,"H-TYR252MET,H-THR254VAL",H-TYR252MET,0.08274910346638051,0.17248549729422782,-0.10352063264478417,0.013295685919343816,0.06846952734107997,0.03328940635680109,TRUE,FALSE,FALSE,FALSE,TRUE,TRUE,FALSE,FALSE,TRUE,TRUE,FALSE,FALSE,TRUE,TRUE,FALSE,FALSE
Original retrospective results,original_yte_fc,8a57ed8_8b30a61,"H-TYR252MET,H-THR254CYS,H-GLU256GLH","H-TYR252MET,H-THR254SER,H-GLU256GLH",H-CYS254SER,0.046608892881849176,-0.0024176209117705585,0.04532065162404504,0.0055155010252905,2.26257006151743e-4,0.005638279904306222,FALSE,FALSE,FALSE,FALSE,FALSE,FALSE,FALSE,FALSE,FALSE,FALSE,FALSE,FALSE,FALSE,FALSE,FALSE,FALSE
Original retrospective results,original_yte_fc,8acac8a_7e0c24a,H-TYR252ARG,"H-TYR252ARG,H-GLU256GLH",H-GLU256GLH,-0.05011969260541636,0.016538494002273144,-0.0677553377284559,0.006872030416951482,0.0021138321941216653,0.013969872522214637,TRUE,FALSE,FALSE,FALSE,FALSE,FALSE,FALSE,FALSE,TRUE,FALSE,FALSE,FALSE,TRUE,FALSE,FALSE,FALSE
Original retrospective results,original_yte_fc,8acac8a_a4d90bc,H-TYR252ARG,H-TYR252HIP,H-ARG252HIP,-0.009152291693163462,0.003050763897719736,-0.011894897621416234,0.0013472604237867475,9.312987012986848e-4,0.002328410116199601,FALSE,FALSE,FALSE,FALSE,FALSE,FALSE,FALSE,FALSE,FALSE,FALSE,FALSE,FALSE,FALSE,FALSE,FALSE,FALSE
Original retrospective results,original_yte_fc,8acac8a_c09e135,H-TYR252ARG,"H-TYR252ARG,H-GLU256THR",H-GLU256THR,0.007321833354530771,0.004160132587801325,0.004324185435385802,0.0016339227614490717,2.4131510594668903e-4,0.0018896168831168928,FALSE,FALSE,FALSE,FALSE,FALSE,FALSE,FALSE,FALSE,FALSE,FALSE,FALSE,FALSE,FALSE,FALSE,FALSE,FALSE
Original retrospective results,original_yte_fc,8acac8a_e818e06,H-TYR252ARG,"H-TYR252ARG,H-THR254SER",H-THR254SER,-0.06101527795442495,-0.018465149907258793,-0.04211380597940991,0.01188530246069719,0.001381901572112095,0.01031224606971975,TRUE,FALSE,FALSE,FALSE,FALSE,FALSE,FALSE,FALSE,FALSE,FALSE,FALSE,FALSE,TRUE,FALSE,FALSE,FALSE
Original retrospective results,original_yte_fc,8f53770_11dad61,H-GLU256GLH,"H-THR254VAL,H-GLU256GLH",H-THR254VAL,-0.01525381948860474,-0.004930252370424193,-0.007108490763987061,0.003272747436773752,6.358311688311685e-4,0.004695358851674638,FALSE,FALSE,FALSE,FALSE,FALSE,FALSE,FALSE,FALSE,FALSE,FALSE,FALSE,FALSE,FALSE,FALSE,FALSE,FALSE
Original retrospective results,original_yte_fc,8f53770_2ae650e,H-GLU256GLH,"H-THR254CYS,H-GLU256GLH",H-THR254CYS,-0.016948688320672582,0.014509730733063365,-0.028580627206708523,0.0017278851674641172,7.006578947368402e-4,0.003707332535885167,FALSE,FALSE,FALSE,FALSE,FALSE,FALSE,FALSE,FALSE,FALSE,FALSE,FALSE,FALSE,FALSE,FALSE,FALSE,FALSE
Original retrospective results,original_yte_fc,8f53770_2d360f2,H-GLU256GLH,"H-GLU256GLH,H-THR307TRP",H-THR307TRP,0.08130987112460518,-0.06873519879316745,0.11649846470165919,0.01788595864661655,0.009432531100478475,0.042696910799726616,TRUE,FALSE,FALSE,FALSE,TRUE,FALSE,FALSE,FALSE,TRUE,TRUE,FALSE,FALSE,TRUE,TRUE,FALSE,FALSE
Original retrospective results,original_yte_fc,8f53770_2d3a618,H-GLU256GLH,"H-TYR252HIE,H-GLU256GLH",H-TYR252HIE,-0.044588087735922835,0.048992672559118614,-0.09492726553397313,0.0055415714285714296,0.006409143198906358,0.022330440191387562,FALSE,FALSE,FALSE,FALSE,FALSE,FALSE,FALSE,FALSE,TRUE,FALSE,FALSE,FALSE,TRUE,FALSE,FALSE,FALSE
Original retrospective results,original_yte_fc,8f53770_334ce59,H-GLU256GLH,"H-THR254SER,H-GLU256GLH",H-THR254SER,0.017550358916700037,-0.0033439303984027545,0.021983445733578244,0.0024020727956254296,6.199730006835285e-4,0.0028656995898838004,FALSE,FALSE,FALSE,FALSE,FALSE,FALSE,FALSE,FALSE,FALSE,FALSE,FALSE,FALSE,FALSE,FALSE,FALSE,FALSE
Original retrospective results,original_yte_fc,8f53770_4c561ad,H-GLU256GLH,"H-TYR252TRP,H-GLU256GLH",H-TYR252TRP,-0.027519085778723064,0.015253819488605682,-0.03466777156501181,0.003011212235133291,0.0022434111414900973,0.005995948393711563,FALSE,FALSE,FALSE,FALSE,FALSE,FALSE,FALSE,FALSE,FALSE,FALSE,FALSE,FALSE,FALSE,FALSE,FALSE,FALSE
Original retrospective results,original_yte_fc,8f53770_6849d97,H-GLU256GLH,"H-TYR252HIP,H-GLU256GLH",H-TYR252HIP,-0.13885162215700647,-0.025423032481033694,-0.11218425643384153,0.03531190601503747,0.011370486671223614,0.03187498291182528,TRUE,TRUE,FALSE,FALSE,FALSE,FALSE,FALSE,FALSE,TRUE,TRUE,FALSE,FALSE,TRUE,TRUE,FALSE,FALSE
Original retrospective results,original_yte_fc,8f53770_7e0c24a,H-GLU256GLH,"H-TYR252ARG,H-GLU256GLH",H-TYR252ARG,-0.18388181646286209,0.012929217099195606,-0.19379731630927172,0.07599017464114832,0.002329798701298617,0.09576346616541315,TRUE,TRUE,FALSE,FALSE,FALSE,FALSE,FALSE,FALSE,TRUE,TRUE,FALSE,FALSE,TRUE,TRUE,FALSE,FALSE
Original retrospective results,original_yte_fc,8f53770_8276da4,H-GLU256GLH,"H-THR254CYM,H-GLU256GLH",H-THR254CYM,-0.009399448506479835,-0.0068564700952406755,-0.0036009403591572694,0.0011924251537935911,0.0012423537252222658,5.16956254272035e-4,FALSE,FALSE,FALSE,FALSE,FALSE,FALSE,FALSE,FALSE,FALSE,FALSE,FALSE,FALSE,FALSE,FALSE,FALSE,FALSE
Original retrospective results,original_yte_fc,8f53770_915d9b4,H-GLU256GLH,"H-TYR252PHE,H-GLU256GLH",H-TYR252PHE,-0.008665158651851523,-0.02105227468008667,0.021355347284046273,0.0016692833219412095,0.002227932672590575,0.0025838274094326778,FALSE,FALSE,FALSE,FALSE,FALSE,FALSE,FALSE,FALSE,FALSE,FALSE,FALSE,FALSE,FALSE,FALSE,FALSE,FALSE
Original retrospective results,original_yte_fc,8f53770_98a4c44,H-GLU256GLH,"H-TYR252HID,H-GLU256GLH",H-TYR252HID,-0.07821206132811295,-8.28278650364082e-4,-0.06229538135047147,0.02120596753246753,0.009756006835269995,0.04657506869446343,TRUE,FALSE,FALSE,FALSE,FALSE,FALSE,FALSE,FALSE,TRUE,FALSE,FALSE,FALSE,TRUE,FALSE,FALSE,FALSE
Original retrospective results,original_yte_fc,8f53770_c3aaa50,H-GLU256GLH,"H-GLU256GLH,H-THR307GLN",H-THR307GLN,-0.032294728613374735,-0.05791964988173024,0.03050763897720412,0.0034820379357484426,0.006756305536568719,0.0031204634313054913,FALSE,FALSE,FALSE,FALSE,TRUE,FALSE,FALSE,FALSE,FALSE,FALSE,FALSE,FALSE,TRUE,FALSE,FALSE,FALSE
Original retrospective results,original_yte_fc,8f53770_d7661d0,H-GLU256GLH,"H-GLU256GLH,H-ASN434ALA",H-ASN434ALA,-0.028460837111799323,0.013298201605450262,-0.039535409694955975,0.0024463055365687284,6.046814764183341e-4,0.004238056732741065,FALSE,FALSE,FALSE,FALSE,FALSE,FALSE,FALSE,FALSE,FALSE,FALSE,FALSE,FALSE,FALSE,FALSE,FALSE,FALSE
Original retrospective results,original_yte_fc,8f53770_e56fd1a,H-GLU256GLH,"H-TYR252MET,H-GLU256GLH",H-TYR252MET,-0.0589284140582525,-0.022880729232907536,-0.04242240467823808,0.008208719412166783,0.0032584101161995927,0.010243515379357492,TRUE,FALSE,FALSE,FALSE,FALSE,FALSE,FALSE,FALSE,FALSE,FALSE,FALSE,FALSE,TRUE,FALSE,FALSE,FALSE
Original retrospective results,original_yte_fc,8f53770_f3cd620,H-GLU256GLH,H-GLU256GLN,H-GLH256GLN,0.011440364616453647,0.013192492530685588,-0.0030507638977214768,9.904829118250135e-4,5.097197539302776e-4,0.0010304090909090935,FALSE,FALSE,FALSE,FALSE,FALSE,FALSE,FALSE,FALSE,FALSE,FALSE,FALSE,FALSE,FALSE,FALSE,FALSE,FALSE
Original retrospective results,original_yte_fc,8f89990_3a84771,"H-THR254VAL,H-GLU256THR","H-TYR252MET,H-THR254VAL,H-GLU256THR",H-TYR252MET,-0.09489198546366721,-0.06101527795442091,-0.03330369823981387,0.02077408304853041,0.013879969924812023,0.010335485304169513,TRUE,FALSE,FALSE,FALSE,TRUE,FALSE,FALSE,FALSE,FALSE,FALSE,FALSE,FALSE,TRUE,FALSE,FALSE,FALSE
Original retrospective results,original_yte_fc,915d9b4_fb7bcf9,"H-TYR252PHE,H-GLU256GLH","H-TYR252PHE,H-THR254SER,H-GLU256GLH",H-THR254SER,0.0254230324810106,-0.009184070483764538,0.036114086666443355,0.003435984962406012,5.619258373205739e-4,0.00400093711551606,FALSE,FALSE,FALSE,FALSE,FALSE,FALSE,FALSE,FALSE,FALSE,FALSE,FALSE,FALSE,FALSE,FALSE,FALSE,FALSE
Original retrospective results,original_yte_fc,98a4c44_118750b,"H-TYR252HID,H-GLU256GLH","H-TYR252HID,H-GLU256THR",H-GLH256THR,-0.023893468129624847,-0.021815933391983938,-0.0055468434504015235,0.0032888263841422023,0.002022484962406028,0.0020006948051948456,FALSE,FALSE,FALSE,FALSE,FALSE,FALSE,FALSE,FALSE,FALSE,FALSE,FALSE,FALSE,FALSE,FALSE,FALSE,FALSE
Original retrospective results,original_yte_fc,98a4c44_6791b75,"H-TYR252HID,H-GLU256GLH","H-TYR252HID,H-THR254SER,H-GLU256GLH",H-THR254SER,-0.08377855892071415,-0.0052391748425017984,-0.07789214979915839,0.024156409090909107,0.0014567672590567288,0.020120343814080673,TRUE,FALSE,FALSE,FALSE,FALSE,FALSE,FALSE,FALSE,TRUE,FALSE,FALSE,FALSE,TRUE,FALSE,FALSE,FALSE
Original retrospective results,original_yte_fc,999f578_3a84771,"H-TYR252MET,H-THR254VAL,H-GLU256GLH","H-TYR252MET,H-THR254VAL,H-GLU256THR",H-GLH256THR,-0.04449030684176533,-0.030092645358770556,-0.01355895065653646,0.0054371404647983665,0.0023680881749829183,0.0014807833219412018,FALSE,FALSE,FALSE,FALSE,FALSE,FALSE,FALSE,FALSE,FALSE,FALSE,FALSE,FALSE,FALSE,FALSE,FALSE,FALSE
Original retrospective results,original_yte_fc,9b7d100_e0e2db0,"H-TYR252HIE,H-GLU256THR","H-TYR252HIE,H-THR254SER,H-GLU256THR",H-THR254SER,0.17406523018165948,0.08498556572222886,0.09049443970853574,0.07305354647983599,0.01622802734107998,0.02662072488038276,TRUE,TRUE,FALSE,FALSE,TRUE,FALSE,FALSE,FALSE,TRUE,FALSE,FALSE,FALSE,TRUE,TRUE,FALSE,FALSE
Original retrospective results,original_yte_fc,9c48082_1300491,"H-TYR252MET,H-THR254CYM","H-TYR252MET,H-THR254CYM,H-GLU256GLH",H-GLU256GLH,-0.0024084978139903854,-0.005611636063208653,0.0020569544461904636,3.6996274777854204e-4,3.9885850991113803e-4,5.770830485304236e-4,FALSE,FALSE,FALSE,FALSE,FALSE,FALSE,FALSE,FALSE,FALSE,FALSE,FALSE,FALSE,FALSE,FALSE,FALSE,FALSE
Original retrospective results,original_yte_fc,9c48082_848e8ed,"H-TYR252MET,H-THR254CYM","H-TYR252MET,H-THR254CYM,H-GLU256THR",H-GLU256THR,0.011671695518624736,-0.025875220805769598,0.04011189569225794,0.0013118318523581592,0.0017377296650717556,0.004759647641831821,FALSE,FALSE,FALSE,FALSE,FALSE,FALSE,FALSE,FALSE,FALSE,FALSE,FALSE,FALSE,FALSE,FALSE,FALSE,FALSE
Original retrospective results,original_yte_fc,9c48082_eb2fa8a,"H-TYR252MET,H-THR254CYM","H-TYR252MET,H-THR254VAL",H-CYM254VAL,0.030246718380694683,0.011108131805622541,0.022880729232908695,0.0034417293233082688,6.916589200273411e-4,0.004380734107997268,FALSE,FALSE,FALSE,FALSE,FALSE,FALSE,FALSE,FALSE,FALSE,FALSE,FALSE,FALSE,FALSE,FALSE,FALSE,FALSE
Original retrospective results,original_yte_fc,a20a975_cc6f7f6,"H-GLU256ASP,H-THR307GLN","H-THR254SER,H-GLU256ASP,H-THR307GLN",H-THR254SER,-0.05973335385898,0.0024336775638639082,-0.06723586836804324,0.013518132604237867,9.83554340396445e-4,0.018423515379357484,TRUE,FALSE,FALSE,FALSE,FALSE,FALSE,FALSE,FALSE,TRUE,FALSE,FALSE,FALSE,TRUE,FALSE,FALSE,FALSE
Original retrospective results,original_yte_fc,a4d90bc_15ad89e,H-TYR252HIP,"H-TYR252HIP,H-GLU256THR",H-GLU256THR,0.03660916677265331,-0.04689175864061405,0.08607512425712854,0.003610693096377297,0.005426352699931647,0.016936395762132586,FALSE,FALSE,FALSE,FALSE,FALSE,FALSE,FALSE,FALSE,TRUE,FALSE,FALSE,FALSE,TRUE,FALSE,FALSE,FALSE
Original retrospective results,original_yte_fc,a4d90bc_6849d97,H-TYR252HIP,"H-TYR252HIP,H-GLU256GLH",H-GLU256GLH,0.03131047158187465,-0.005657487499620062,0.03609969375737836,0.0024391469583048527,4.8232501708816896e-4,0.0031638581681476346,FALSE,FALSE,FALSE,FALSE,FALSE,FALSE,FALSE,FALSE,FALSE,FALSE,FALSE,FALSE,FALSE,FALSE,FALSE,FALSE
Original retrospective results,original_yte_fc,a4d90bc_acfa7d8,H-TYR252HIP,"H-TYR252HIP,H-THR254SER",H-THR254SER,-0.12203055590884151,0.021663531412934083,-0.13927400402639492,0.04399868523581683,0.0015600615174299393,0.057212243677375256,TRUE,TRUE,FALSE,FALSE,FALSE,FALSE,FALSE,FALSE,TRUE,TRUE,FALSE,FALSE,TRUE,TRUE,FALSE,FALSE
Original retrospective results,original_yte_fc,aa90bf1_810d557,"H-TYR252TRP,H-GLU256THR","H-TYR252TRP,H-THR254SER,H-GLU256THR",H-THR254SER,-0.0354312920773458,-0.038134548721512965,0.003520112189678256,0.003180644565960354,0.0035611667805878263,4.809675324675308e-4,FALSE,FALSE,FALSE,FALSE,FALSE,FALSE,FALSE,FALSE,FALSE,FALSE,FALSE,FALSE,FALSE,FALSE,FALSE,FALSE
Original retrospective results,original_yte_fc,ab593ec_20702ea,H-TYR436HIE,H-TYR436HIP,H-HIE436HIP,0.018384115332856547,-0.03706975288058306,0.05546843450402429,0.0014491503759399029,0.0039742484620643205,0.007954203349282462,FALSE,FALSE,FALSE,FALSE,FALSE,FALSE,FALSE,FALSE,TRUE,FALSE,FALSE,FALSE,TRUE,FALSE,FALSE,FALSE
Original retrospective results,original_yte_fc,ab593ec_362e91e,H-TYR436HIE,"H-HIP433HID,H-TYR436HIE",H-HIP433HID,0,0.024131378411407854,-0.024216901400387254,2.2042036910456612e-4,0.0017737963089541964,0.0016889897470950105,FALSE,FALSE,FALSE,FALSE,FALSE,FALSE,FALSE,FALSE,FALSE,FALSE,FALSE,FALSE,FALSE,FALSE,FALSE,FALSE
Original retrospective results,original_yte_fc,ab593ec_6057bd3,H-TYR436HIE,"H-HIP433HIE,H-TYR436HIE",H-HIP433HIE,-0.022880729232908625,-0.0035891339973168805,-0.019067274360752694,0.0015107416267942824,7.525116199589765e-4,0.001995825017088186,FALSE,FALSE,FALSE,FALSE,FALSE,FALSE,FALSE,FALSE,FALSE,FALSE,FALSE,FALSE,FALSE,FALSE,FALSE,FALSE
Original retrospective results,original_yte_fc,ab593ec_6a7277f,H-TYR436HIE,"H-ASN434PHE,H-TYR436HIE",H-ASN434PHE,-0.025968333867749313,-0.010380708202578092,-0.01461824367658204,0.0019564712918660344,7.006015037593818e-4,0.0012635464798359298,FALSE,FALSE,FALSE,FALSE,FALSE,FALSE,FALSE,FALSE,FALSE,FALSE,FALSE,FALSE,FALSE,FALSE,FALSE,FALSE
Original retrospective results,original_yte_fc,ab593ec_c96c0a8,H-TYR436HIE,"H-HIP433LYN,H-TYR436HIE",H-HIP433LYN,0.025423032480991602,-0.0348222907754146,0.06170511023820294,0.001997274777853773,0.0029395751879699064,0.009298906356801155,FALSE,FALSE,FALSE,FALSE,FALSE,FALSE,FALSE,FALSE,TRUE,FALSE,FALSE,FALSE,TRUE,FALSE,FALSE,FALSE
Original retrospective results,original_yte_fc,ab593ec_d85bdf9,H-TYR436HIE,"H-HIP433LYS,H-TYR436HIE",H-HIP433LYS,0.006101527795441854,0.004076764851419644,0.0016461808299036876,2.4914456596035803e-4,8.252563226247232e-5,2.032761449077268e-4,FALSE,FALSE,FALSE,FALSE,FALSE,FALSE,FALSE,FALSE,FALSE,FALSE,FALSE,FALSE,FALSE,FALSE,FALSE,FALSE
Original retrospective results,original_yte_fc,ac5997a_b7a0a5b,"H-THR254SER,H-THR307TRP","H-THR254SER,H-GLU256GLH,H-THR307TRP",H-GLU256GLH,-0.011942713960189102,-0.0017945669986584403,-0.012456482083106304,0.002322448393711544,1.5405673274094172e-4,0.0023285536568694383,FALSE,FALSE,FALSE,FALSE,FALSE,FALSE,FALSE,FALSE,FALSE,FALSE,FALSE,FALSE,FALSE,FALSE,FALSE,FALSE
Original retrospective results,original_yte_fc,ac5997a_bf8f00c,"H-THR254SER,H-THR307TRP","H-THR254SER,H-GLU256THR,H-THR307TRP",H-GLU256THR,0.048812222363542074,0.037430359611598574,0.010017128780240372,0.005694093301435376,0.003557358851674633,0.0013797559808612348,FALSE,FALSE,FALSE,FALSE,FALSE,FALSE,FALSE,FALSE,FALSE,FALSE,FALSE,FALSE,FALSE,FALSE,FALSE,FALSE
Original retrospective results,original_yte_fc,acfa7d8_52ba82c,"H-TYR252HIP,H-THR254SER","H-TYR252HIP,H-THR254SER,H-GLU256GLH",H-GLU256GLH,0.01713165711504329,0.015253819488605077,-0.0015253819488600137,0.0013542624743677354,0.0014069562542720472,0.001390681476418312,FALSE,FALSE,FALSE,FALSE,FALSE,FALSE,FALSE,FALSE,FALSE,FALSE,FALSE,FALSE,FALSE,FALSE,FALSE,FALSE
Original retrospective results,original_yte_fc,acfa7d8_8b89986,"H-TYR252HIP,H-THR254SER","H-TYR252HIP,H-THR254SER,H-GLU256THR",H-GLU256THR,0.03781620814088063,0.007626909744308545,0.019857204298561464,0.003838852699931638,0.0017715191387559811,0.0038549603554340135,FALSE,FALSE,FALSE,FALSE,FALSE,FALSE,FALSE,FALSE,FALSE,FALSE,FALSE,FALSE,FALSE,FALSE,FALSE,FALSE
Original retrospective results,original_yte_fc,b13d581_362e91e,H-HIP433HID,"H-HIP433HID,H-TYR436HIE",H-TYR436HIE,-0.07372679419492487,0.07626909744303131,-0.15073294594097203,0.013542417293233086,0.014725815105946685,0.05435280006835271,TRUE,FALSE,FALSE,FALSE,TRUE,FALSE,FALSE,FALSE,TRUE,TRUE,FALSE,FALSE,TRUE,TRUE,FALSE,FALSE
Original retrospective results,original_yte_fc,b13d581_3b9d993,H-HIP433HID,"H-HIP433HID,H-TYR436HIP",H-TYR436HIP,0.09152291693162953,0.032854380436998426,0.06225883257821532,0.01920961825017104,0.0035135950102528255,0.009667616883117,TRUE,FALSE,FALSE,FALSE,FALSE,FALSE,FALSE,FALSE,TRUE,FALSE,FALSE,FALSE,TRUE,FALSE,FALSE,FALSE
Original retrospective results,original_yte_fc,b13d581_cc19617,H-HIP433HID,H-HIP433LYS,H-HID433LYS,-0.10474289382175606,-0.00936804050478729,-0.09493999118983149,0.024039198564593356,3.8987730690367354e-4,0.020406910799726695,TRUE,TRUE,FALSE,FALSE,FALSE,FALSE,FALSE,FALSE,TRUE,FALSE,FALSE,FALSE,TRUE,TRUE,FALSE,FALSE
Original retrospective results,original_yte_fc,b13d581_ccff765,H-HIP433HID,"H-HIP433HID,H-TYR436HID",H-TYR436HID,-0.02033842598480696,-0.03728711430547932,0.01664053035120568,0.0015014220779220784,0.005786778537252222,0.0022967416267942594,FALSE,FALSE,FALSE,FALSE,FALSE,FALSE,FALSE,FALSE,FALSE,FALSE,FALSE,FALSE,FALSE,FALSE,FALSE,FALSE
Original retrospective results,original_yte_fc,b13d581_e563734,H-HIP433HID,"H-HIP433HID,H-ASN434PHE",H-ASN434PHE,0.019152185528123658,-2.4059054583394887e-4,0.017665829695241726,0.0015995451127819634,4.294521531100558e-4,0.002079444634313034,FALSE,FALSE,FALSE,FALSE,FALSE,FALSE,FALSE,FALSE,FALSE,FALSE,FALSE,FALSE,FALSE,FALSE,FALSE,FALSE
Original retrospective results,original_yte_fc,b7a0a5b_bf8f00c,"H-THR254SER,H-GLU256GLH,H-THR307TRP","H-THR254SER,H-GLU256THR,H-THR307TRP",H-GLH256THR,0.007842922438585464,0.07316509631668441,-0.06555675602943614,0.002212990088858512,0.011922054340396471,0.012162257006151752,FALSE,FALSE,FALSE,FALSE,TRUE,FALSE,FALSE,FALSE,TRUE,FALSE,FALSE,FALSE,TRUE,FALSE,FALSE,FALSE
Original retrospective results,original_yte_fc,b85b06f_5cb8174,H-ASN434ALA,H-ASN434PHE,H-ALA434PHE,0.024822766436318196,-0.020501227166165863,0.04280833806521106,0.006116112098427888,0.0013890806561859183,0.011031554340396443,FALSE,FALSE,FALSE,FALSE,FALSE,FALSE,FALSE,FALSE,FALSE,FALSE,FALSE,FALSE,FALSE,FALSE,FALSE,FALSE
Original retrospective results,original_yte_fc,b85b06f_620f35a,H-ASN434ALA,"H-THR254SER,H-ASN434ALA",H-THR254SER,-0.010895585349003485,-0.0019684623669381928,-0.00791482015487846,8.485406698564614e-4,5.914183185235788e-4,7.54980519480518e-4,FALSE,FALSE,FALSE,FALSE,FALSE,FALSE,FALSE,FALSE,FALSE,FALSE,FALSE,FALSE,FALSE,FALSE,FALSE,FALSE
Original retrospective results,original_yte_fc,b85b06f_81d74d7,H-ASN434ALA,"H-GLU256THR,H-ASN434ALA",H-GLU256THR,0.04067685196960929,-0.05624845936423041,0.09539949819379709,0.003789927887901574,0.007149226589200239,0.020354036910457913,FALSE,FALSE,FALSE,FALSE,TRUE,FALSE,FALSE,FALSE,TRUE,FALSE,FALSE,FALSE,TRUE,FALSE,FALSE,FALSE
Original retrospective results,original_yte_fc,b85b06f_d7661d0,H-ASN434ALA,"H-GLU256GLH,H-ASN434ALA",H-GLU256GLH,0.005327280897156653,0,0.0049164169428826,0.001510677033492826,3.7711414900888613e-4,0.0011316883116883126,FALSE,FALSE,FALSE,FALSE,FALSE,FALSE,FALSE,FALSE,FALSE,FALSE,FALSE,FALSE,FALSE,FALSE,FALSE,FALSE
Original retrospective results,original_yte_fc,b85b06f_f4d432c,H-ASN434ALA,H-ASN434SER,H-ALA434SER,-0.030626809441966656,-0.014406385072571486,-0.012285696217559306,0.005519463431305537,9.942744360902271e-4,0.002699504784688994,FALSE,FALSE,FALSE,FALSE,FALSE,FALSE,FALSE,FALSE,FALSE,FALSE,FALSE,FALSE,FALSE,FALSE,FALSE,FALSE
Original retrospective results,original_yte_fc,b891817_2c70556,H-THR307TRP,"H-GLU256THR,H-THR307TRP",H-GLU256THR,0.02097400179683067,0.034667771565011093,-0.015253819488605772,0.002510477785372518,0.0032954747095010136,0.0024143513328776425,FALSE,FALSE,FALSE,FALSE,FALSE,FALSE,FALSE,FALSE,FALSE,FALSE,FALSE,FALSE,FALSE,FALSE,FALSE,FALSE
Original retrospective results,original_yte_fc,b891817_2d360f2,H-THR307TRP,"H-GLU256GLH,H-THR307TRP",H-GLU256GLH,0.012488267388968678,0.016900000318508957,-0.0024245544660834737,0.006783004784689,0.0016144849624060134,0.010370779220779227,FALSE,FALSE,FALSE,FALSE,FALSE,FALSE,FALSE,FALSE,FALSE,FALSE,FALSE,FALSE,FALSE,FALSE,FALSE,FALSE
Original retrospective results,original_yte_fc,b891817_ac5997a,H-THR307TRP,"H-THR254SER,H-THR307TRP",H-THR254SER,-0.04406658963374851,0.018574703106436927,-0.05790695247372361,0.008570145933014346,9.506814764183174e-4,0.013063726930963752,FALSE,FALSE,FALSE,FALSE,FALSE,FALSE,FALSE,FALSE,TRUE,FALSE,FALSE,FALSE,TRUE,FALSE,FALSE,FALSE
Original retrospective results,original_yte_fc,bc26bc7_0149fcd,"H-TYR252HID,H-THR254SER","H-TYR252HIE,H-THR254SER",H-HID252HIE,-0.025423032481008686,0.02474205839669583,-0.04515032787732969,0.002355457963089543,0.005507168489405333,0.00874947846889952,FALSE,FALSE,FALSE,FALSE,FALSE,FALSE,FALSE,FALSE,FALSE,FALSE,FALSE,FALSE,FALSE,FALSE,FALSE,FALSE
Original retrospective results,original_yte_fc,bc26bc7_6791b75,"H-TYR252HID,H-THR254SER","H-TYR252HID,H-THR254SER,H-GLU256GLH",H-GLU256GLH,-0.014872474001389878,0.0427106945680939,-0.059664367797096524,0.0019977265892002737,0.004511932672590559,0.009357881408065616,FALSE,FALSE,FALSE,FALSE,FALSE,FALSE,FALSE,FALSE,TRUE,FALSE,FALSE,FALSE,TRUE,FALSE,FALSE,FALSE
Original retrospective results,original_yte_fc,bc26bc7_939f3c5,"H-TYR252HID,H-THR254SER","H-TYR252HID,H-THR254SER,H-GLU256THR",H-GLU256THR,-0.009518008266966426,0.026928050549033467,-0.03508378482379284,8.270256322624757e-4,0.0021187699931647123,0.003068259398496217,FALSE,FALSE,FALSE,FALSE,FALSE,FALSE,FALSE,FALSE,FALSE,FALSE,FALSE,FALSE,FALSE,FALSE,FALSE,FALSE
Original retrospective results,original_yte_fc,be9b15f_8da9ef1,"H-HIP433HID,H-ASN434PHE,H-TYR436HIE","H-HIP433LYN,H-ASN434PHE,H-TYR436HIE",H-HID433LYN,-0.005044883007948836,-0.00696370020131973,0.00327032645096623,0.002128794258373211,3.44556732740945e-4,0.0034237792207792344,FALSE,FALSE,FALSE,FALSE,FALSE,FALSE,FALSE,FALSE,FALSE,FALSE,FALSE,FALSE,FALSE,FALSE,FALSE,FALSE
Original retrospective results,original_yte_fc,bf30bf3_bff8457,"H-TYR252MET,H-THR254SER,H-GLU256ASP","H-TYR252PHE,H-THR254SER,H-GLU256ASP",H-MET252PHE,-0.020731877677965353,-0.019463286982095332,0.005305676343862583,0.0027153168147641816,0.006667722146274778,0.0055615092276144855,FALSE,FALSE,FALSE,FALSE,FALSE,FALSE,FALSE,FALSE,FALSE,FALSE,FALSE,FALSE,FALSE,FALSE,FALSE,FALSE
Original retrospective results,original_yte_fc,c09e135_485ab1a,"H-TYR252ARG,H-GLU256THR","H-TYR252ARG,H-THR254SER,H-GLU256THR",H-THR254SER,-0.007626909744302883,-0.01402859334258492,0.005936795102507711,0.0010921384142173612,0.0010913612440191431,0.0016160618591934415,FALSE,FALSE,FALSE,FALSE,FALSE,FALSE,FALSE,FALSE,FALSE,FALSE,FALSE,FALSE,FALSE,FALSE,FALSE,FALSE
Original retrospective results,original_yte_fc,c3aaa50_e00bf9f,"H-GLU256GLH,H-THR307GLN","H-THR254SER,H-GLU256GLH,H-THR307GLN",H-THR254SER,-0.01413502414149829,0.015253819488605182,-0.026262776929564594,0.0048593588516746365,8.973940533151077e-4,0.006751159603554334,FALSE,FALSE,FALSE,FALSE,FALSE,FALSE,FALSE,FALSE,FALSE,FALSE,FALSE,FALSE,FALSE,FALSE,FALSE,FALSE
Original retrospective results,original_yte_fc,c96c0a8_8da9ef1,"H-HIP433LYN,H-TYR436HIE","H-HIP433LYN,H-ASN434PHE,H-TYR436HIE",H-ASN434PHE,-0.026167564146524602,-0.008650702133402702,-0.01601367283642489,0.0026975160628845006,5.911958304852973e-4,0.002205328776486702,FALSE,FALSE,FALSE,FALSE,FALSE,FALSE,FALSE,FALSE,FALSE,FALSE,FALSE,FALSE,FALSE,FALSE,FALSE,FALSE
Original retrospective results,original_yte_fc,cabe813_1cf2a18,"H-THR254SER,H-GLU256THR","H-TYR252MET,H-THR254SER,H-GLU256THR",H-TYR252MET,0.021691919414464016,0.005761577808611463,0.014394278866628175,0.001558958988380042,3.9070061517429904e-4,0.001927273752563227,FALSE,FALSE,FALSE,FALSE,FALSE,FALSE,FALSE,FALSE,FALSE,FALSE,FALSE,FALSE,FALSE,FALSE,FALSE,FALSE
Original retrospective results,original_yte_fc,cabe813_485ab1a,"H-THR254SER,H-GLU256THR","H-TYR252ARG,H-THR254SER,H-GLU256THR",H-TYR252ARG,-0.09638447229380316,-0.015253819488677964,-0.08234521565021205,0.024127223513328883,0.0017306770334928384,0.02028952734108015,TRUE,FALSE,FALSE,FALSE,FALSE,FALSE,FALSE,FALSE,TRUE,FALSE,FALSE,FALSE,TRUE,FALSE,FALSE,FALSE
Original retrospective results,original_yte_fc,cabe813_810d557,"H-THR254SER,H-GLU256THR","H-TYR252TRP,H-THR254SER,H-GLU256THR",H-TYR252TRP,0.04155662269889093,0.19760486240207598,-0.15881159111341087,0.006438298359535212,0.0901479805194805,0.062283225905673256,FALSE,FALSE,FALSE,FALSE,TRUE,TRUE,FALSE,FALSE,TRUE,TRUE,FALSE,FALSE,TRUE,TRUE,FALSE,FALSE
Original retrospective results,original_yte_fc,cabe813_8b89986,"H-THR254SER,H-GLU256THR","H-TYR252HIP,H-THR254SER,H-GLU256THR",H-TYR252HIP,-0.27797578303894843,0.0634862410603551,-0.3363868613539753,0.17283189644565963,0.009503798359535263,0.25467889200273414,TRUE,TRUE,TRUE,FALSE,TRUE,FALSE,FALSE,FALSE,TRUE,TRUE,TRUE,FALSE,TRUE,TRUE,TRUE,FALSE
Original retrospective results,original_yte_fc,cabe813_939f3c5,"H-THR254SER,H-GLU256THR","H-TYR252HID,H-THR254SER,H-GLU256THR",H-TYR252HID,-0.015026099812638905,-0.02264215532106254,0.014575537001463787,0.0023969897470950104,0.004860917293233082,0.005296737867395759,FALSE,FALSE,FALSE,FALSE,FALSE,FALSE,FALSE,FALSE,FALSE,FALSE,FALSE,FALSE,FALSE,FALSE,FALSE,FALSE
Original retrospective results,original_yte_fc,cabe813_bf8f00c,"H-THR254SER,H-GLU256THR","H-THR254SER,H-GLU256THR,H-THR307TRP",H-THR307TRP,0.006452767059982229,0.009262123116031834,-0.005015895597603815,0.002466722146274778,9.86539302802459e-4,0.0053151739576213245,FALSE,FALSE,FALSE,FALSE,FALSE,FALSE,FALSE,FALSE,FALSE,FALSE,FALSE,FALSE,FALSE,FALSE,FALSE,FALSE
Original retrospective results,original_yte_fc,cabe813_e0e2db0,"H-THR254SER,H-GLU256THR","H-TYR252HIE,H-THR254SER,H-GLU256THR",H-TYR252HIE,-0.07481635272982548,0.045761458465816765,-0.12203055590884163,0.013261556732740945,0.009728155160628848,0.04253502802460697,TRUE,FALSE,FALSE,FALSE,FALSE,FALSE,FALSE,FALSE,TRUE,TRUE,FALSE,FALSE,TRUE,TRUE,FALSE,FALSE
Original retrospective results,original_yte_fc,cabe813_e67aeea,"H-THR254SER,H-GLU256THR","H-THR254SER,H-GLU256THR,H-ASN434ALA",H-ASN434ALA,-0.003389737664134616,-0.030888984464425336,0.02598357503744759,3.3571155160628955e-4,0.0019400047846889663,0.0017684699248119943,FALSE,FALSE,FALSE,FALSE,FALSE,FALSE,FALSE,FALSE,FALSE,FALSE,FALSE,FALSE,FALSE,FALSE,FALSE,FALSE
Original retrospective results,original_yte_fc,cb26260_2625252,H-GLN311HID,H-GLN311HIE,H-HID311HIE,-0.1404440951486579,0.0032854380436995573,-0.16430257854393038,0.04794612781954888,0.0017890379357484618,0.057741004101161994,TRUE,TRUE,FALSE,FALSE,FALSE,FALSE,FALSE,FALSE,TRUE,TRUE,FALSE,FALSE,TRUE,TRUE,FALSE,FALSE
Original retrospective results,original_yte_fc,cbea3c9_0e4ba9a,H-TYR436HID,"H-HIP433LYS,H-TYR436HID",H-HIP433LYS,-0.01743293655840609,0.03083571603836717,-0.05058824473531654,0.0010499805194805248,0.0023059183185235826,0.005798724880382773,FALSE,FALSE,FALSE,FALSE,FALSE,FALSE,FALSE,FALSE,TRUE,FALSE,FALSE,FALSE,TRUE,FALSE,FALSE,FALSE
Original retrospective results,original_yte_fc,cbea3c9_45be1d1,H-TYR436HID,"H-HIP433LYN,H-TYR436HID",H-HIP433LYN,0.004280603093990356,0.005527583577308282,0.002108021207841183,4.383612440191367e-4,2.745806561859096e-4,7.864897470949962e-4,FALSE,FALSE,FALSE,FALSE,FALSE,FALSE,FALSE,FALSE,FALSE,FALSE,FALSE,FALSE,FALSE,FALSE,FALSE,FALSE
Original retrospective results,original_yte_fc,cbea3c9_62490ed,H-TYR436HID,"H-ASN434PHE,H-TYR436HID",H-ASN434PHE,-0.031106854616924272,-0.004393381189117147,-0.025423032481009182,0.0035341025290498945,0.0011447218045112955,0.0026319747095010482,FALSE,FALSE,FALSE,FALSE,FALSE,FALSE,FALSE,FALSE,FALSE,FALSE,FALSE,FALSE,FALSE,FALSE,FALSE,FALSE
Original retrospective results,original_yte_fc,cbea3c9_ab593ec,H-TYR436HID,H-TYR436HIE,H-HID436HIE,0.05947033982672871,-0.009382309606086534,0.07881140069112685,0.011736982570061517,0.001060037935748461,0.015320510594668484,TRUE,FALSE,FALSE,FALSE,FALSE,FALSE,FALSE,FALSE,TRUE,FALSE,FALSE,FALSE,TRUE,FALSE,FALSE,FALSE
Original retrospective results,original_yte_fc,cbea3c9_ccff765,H-TYR436HID,"H-HIP433HID,H-TYR436HID",H-HIP433HID,-0.01577535568970625,-0.021355347284047047,0.0034549249269060335,0.0010334326725905479,0.0011987887901571772,9.164753930279999e-4,FALSE,FALSE,FALSE,FALSE,FALSE,FALSE,FALSE,FALSE,FALSE,FALSE,FALSE,FALSE,FALSE,FALSE,FALSE,FALSE
Original retrospective results,original_yte_fc,cbea3c9_d8db775,H-TYR436HID,"H-HIP433HIE,H-TYR436HID",H-HIP433HIE,0.004576145846581731,0.01942754728094112,-0.01343370272250578,3.2186842105261915e-4,0.0011026883116882907,5.268725222146261e-4,FALSE,FALSE,FALSE,FALSE,FALSE,FALSE,FALSE,FALSE,FALSE,FALSE,FALSE,FALSE,FALSE,FALSE,FALSE,FALSE
Original retrospective results,original_yte_fc,cc19617_0e4ba9a,H-HIP433LYS,"H-HIP433LYS,H-TYR436HID",H-TYR436HID,0.08330932182238222,-0.019368545223837193,0.10114204091713563,0.01620472658920028,0.0011265686944634313,0.02434503793574847,TRUE,FALSE,FALSE,FALSE,FALSE,FALSE,FALSE,FALSE,TRUE,TRUE,FALSE,FALSE,TRUE,TRUE,FALSE,FALSE
Original retrospective results,original_yte_fc,cc19617_630735f,H-HIP433LYS,"H-HIP433LYS,H-TYR436HIP",H-TYR436HIP,0.01525381948860577,0.024787456668990022,-0.005679317652735982,0.0014855427204374116,0.0025180041011618744,6.747737525632246e-4,FALSE,FALSE,FALSE,FALSE,FALSE,FALSE,FALSE,FALSE,FALSE,FALSE,FALSE,FALSE,FALSE,FALSE,FALSE,FALSE
Original retrospective results,original_yte_fc,cc19617_d85bdf9,H-HIP433LYS,"H-HIP433LYS,H-TYR436HIE",H-TYR436HIE,-0.031024866189755078,-0.015152127358676833,-0.01805554143549181,0.0027942361585782654,0.0014718345864661695,0.0033996572112098477,FALSE,FALSE,FALSE,FALSE,FALSE,FALSE,FALSE,FALSE,FALSE,FALSE,FALSE,FALSE,FALSE,FALSE,FALSE,FALSE
Original retrospective results,original_yte_fc,cc19617_d8dbf98,H-HIP433LYS,"H-HIP433LYS,H-ASN434PHE",H-ASN434PHE,-0.08450713777581471,0.0050846064961935,-0.09252343627443155,0.016902298359535238,6.105881749829237e-4,0.01849956151742997,TRUE,FALSE,FALSE,FALSE,FALSE,FALSE,FALSE,FALSE,TRUE,FALSE,FALSE,FALSE,TRUE,FALSE,FALSE,FALSE
Original retrospective results,original_yte_fc,ccff765_45be1d1,"H-HIP433HID,H-TYR436HID","H-HIP433LYN,H-TYR436HID",H-HID433LYN,0.007178267994637744,0.008028326046634143,-7.058948380361257e-4,8.217194121667846e-4,4.954747095010215e-4,0.0016097474367737536,FALSE,FALSE,FALSE,FALSE,FALSE,FALSE,FALSE,FALSE,FALSE,FALSE,FALSE,FALSE,FALSE,FALSE,FALSE,FALSE
Original retrospective results,original_yte_fc,ccff765_476a620,"H-HIP433HID,H-TYR436HID","H-HIP433HID,H-ASN434PHE,H-TYR436HID",H-ASN434PHE,-0.03174111043106251,-0.03050763897724775,-9.533637180389901e-4,0.0024322699931647374,0.0020954849624060024,2.8035269993165093e-4,FALSE,FALSE,FALSE,FALSE,FALSE,FALSE,FALSE,FALSE,FALSE,FALSE,FALSE,FALSE,FALSE,FALSE,FALSE,FALSE
Original retrospective results,original_yte_fc,ce87988_0149fcd,H-TYR252HIE,"H-TYR252HIE,H-THR254SER",H-THR254SER,0.06748659531322296,0.00951245131997739,0.05463806047209442,0.01132374094326726,0.0019068526999316481,0.00982698667122351,TRUE,FALSE,FALSE,FALSE,FALSE,FALSE,FALSE,FALSE,TRUE,FALSE,FALSE,FALSE,TRUE,FALSE,FALSE,FALSE
Original retrospective results,original_yte_fc,ce87988_2d3a618,H-TYR252HIE,"H-TYR252HIE,H-GLU256GLH",H-GLU256GLH,NA,NA,NA,NA,NA,NA,NA,NA,NA,NA,NA,NA,NA,NA,NA,NA,NA,NA,NA,NA,NA,NA
Original retrospective results,original_yte_fc,ce87988_9b7d100,H-TYR252HIE,"H-TYR252HIE,H-GLU256THR",H-GLU256THR,0.04235442622176071,0.017717731033135994,0.023247239769818184,0.004126804853041684,0.0013176883116883067,0.0016691240601503668,FALSE,FALSE,FALSE,FALSE,FALSE,FALSE,FALSE,FALSE,FALSE,FALSE,FALSE,FALSE,FALSE,FALSE,FALSE,FALSE
Original retrospective results,original_yte_fc,ce87988_da20473,H-TYR252HIE,H-TYR252MET,H-HIE252MET,-0.03813454872151367,0.06609988445062265,-0.10709577055333128,0.009493041695146965,0.009536155160628841,0.029614489747095026,FALSE,FALSE,FALSE,FALSE,TRUE,FALSE,FALSE,FALSE,TRUE,TRUE,FALSE,FALSE,TRUE,TRUE,FALSE,FALSE
Original retrospective results,original_yte_fc,ce9200f_1b99a42,H-GLU256ASH,H-GLU256THR,H-ASH256THR,0.005704023601140341,-0.03286741788955101,0.03939621413941016,4.8017703349282953e-4,0.003000432672590554,0.004604279562542702,FALSE,FALSE,FALSE,FALSE,FALSE,FALSE,FALSE,FALSE,FALSE,FALSE,FALSE,FALSE,FALSE,FALSE,FALSE,FALSE
Original retrospective results,original_yte_fc,ce9200f_5f85a4e,H-GLU256ASH,"H-GLU256ASH,H-THR307GLN",H-THR307GLN,-0.07682396521543117,-0.016683865065662846,-0.0595023991362888,0.014490969924811995,9.436476418318851e-4,0.009950343130553615,TRUE,FALSE,FALSE,FALSE,FALSE,FALSE,FALSE,FALSE,TRUE,FALSE,FALSE,FALSE,TRUE,FALSE,FALSE,FALSE
Original retrospective results,original_yte_fc,ce9200f_73b3522,H-GLU256ASH,"H-THR254SER,H-GLU256ASH",H-THR254SER,0.044361907687820584,-0.004403632411889626,0.044027174079514134,0.006990421052631582,0.001030508885850991,0.005786166780587832,FALSE,FALSE,FALSE,FALSE,FALSE,FALSE,FALSE,FALSE,FALSE,FALSE,FALSE,FALSE,FALSE,FALSE,FALSE,FALSE
Original retrospective results,original_yte_fc,ce9200f_e27ea19,H-GLU256ASH,"H-TYR252MET,H-GLU256ASH",H-TYR252MET,-0.10947599926017652,-0.037778729402813224,-0.08008255231517672,0.028898606288448387,0.007454621667805881,0.014022114490772376,TRUE,TRUE,FALSE,FALSE,FALSE,FALSE,FALSE,FALSE,TRUE,FALSE,FALSE,FALSE,TRUE,TRUE,FALSE,FALSE
Original retrospective results,original_yte_fc,ce9200f_fcaa360,H-GLU256ASH,"H-TYR252PHE,H-GLU256ASH",H-TYR252PHE,-0.1153570098825772,-0.01743293655840584,-0.10320956717524464,0.029176427887901566,8.356971975393022e-4,0.02360698291182499,TRUE,TRUE,FALSE,FALSE,FALSE,FALSE,FALSE,FALSE,TRUE,TRUE,FALSE,FALSE,TRUE,TRUE,FALSE,FALSE
Original retrospective results,original_yte_fc,d00107d_3e7b1c9,H-TYR252TRP,"H-TYR252TRP,H-THR254SER",H-THR254SER,0.0026806344542474893,0.02072891536931768,-0.02236044391701701,0.0031770092276144895,0.0012258345864661648,0.004064227272727272,FALSE,FALSE,FALSE,FALSE,FALSE,FALSE,FALSE,FALSE,FALSE,FALSE,FALSE,FALSE,FALSE,FALSE,FALSE,FALSE
Original retrospective results,original_yte_fc,d00107d_4c561ad,H-TYR252TRP,"H-TYR252TRP,H-GLU256GLH",H-GLU256GLH,0.020974001796832203,-0.0046736872773252575,0.020938692029496966,0.0011146814764183164,4.087535885167489e-4,0.0019714326725905748,FALSE,FALSE,FALSE,FALSE,FALSE,FALSE,FALSE,FALSE,FALSE,FALSE,FALSE,FALSE,FALSE,FALSE,FALSE,FALSE
Original retrospective results,original_yte_fc,d00107d_aa90bf1,H-TYR252TRP,"H-TYR252TRP,H-GLU256THR",H-GLU256THR,-0.013002302559731444,-0.02106479834140711,0.00915229169316482,6.977761449077219e-4,9.93644565960359e-4,6.926985645932957e-4,FALSE,FALSE,FALSE,FALSE,FALSE,FALSE,FALSE,FALSE,FALSE,FALSE,FALSE,FALSE,FALSE,FALSE,FALSE,FALSE
Original retrospective results,original_yte_fc,d09a5d4_2ae650e,H-THR254CYS,"H-THR254CYS,H-GLU256GLH",H-GLU256GLH,-0.07488238658042526,-0.009533637180378165,-0.06391095153816481,0.012438714627477797,6.878383458646617e-4,0.00987806801093644,TRUE,FALSE,FALSE,FALSE,FALSE,FALSE,FALSE,FALSE,TRUE,FALSE,FALSE,FALSE,TRUE,FALSE,FALSE,FALSE
Original retrospective results,original_yte_fc,d09a5d4_e6d969c,H-THR254CYS,"H-TYR252MET,H-THR254CYS",H-TYR252MET,-0.1353776479613711,0.09656957860323442,-0.23254292159159357,0.041256326384142165,0.024099767942583734,0.12734741490088858,TRUE,TRUE,FALSE,FALSE,TRUE,FALSE,FALSE,FALSE,TRUE,TRUE,TRUE,FALSE,TRUE,TRUE,TRUE,FALSE
Original retrospective results,original_yte_fc,d09a5d4_ee818a9,H-THR254CYS,"H-THR254CYS,H-GLU256THR",H-GLU256THR,0.02643087412579158,-0.01995593013413134,0.043219155217713454,0.004807651742993873,9.738660287081408e-4,0.00906082877648671,FALSE,FALSE,FALSE,FALSE,FALSE,FALSE,FALSE,FALSE,FALSE,FALSE,FALSE,FALSE,FALSE,FALSE,FALSE,FALSE
Original retrospective results,original_yte_fc,d09a5d4_f924a14,H-THR254CYS,H-THR254SER,H-CYS254SER,-0.019517473894274367,0.01584625667085494,-0.034681366769547105,0.0018444364319890627,8.515256322624744e-4,0.004461167122351331,FALSE,FALSE,FALSE,FALSE,FALSE,FALSE,FALSE,FALSE,FALSE,FALSE,FALSE,FALSE,FALSE,FALSE,FALSE,FALSE
Original retrospective results,original_yte_fc,d21774d_8da9ef1,"H-HIP433HIE,H-ASN434PHE,H-TYR436HIE","H-HIP433LYN,H-ASN434PHE,H-TYR436HIE",H-HIE433LYN,0.0056203625045634555,-0.0015779813264074933,0.006537351209401722,7.100280246069732e-4,1.5523855092276399e-4,7.7668421052631e-4,FALSE,FALSE,FALSE,FALSE,FALSE,FALSE,FALSE,FALSE,FALSE,FALSE,FALSE,FALSE,FALSE,FALSE,FALSE,FALSE
Original retrospective results,original_yte_fc,d7661d0_1677bf9,"H-GLU256GLH,H-ASN434ALA","H-THR254SER,H-GLU256GLH,H-ASN434ALA",H-THR254SER,-0.055295095646193844,0.02288072923290775,-0.08008255231517714,0.007780779220779218,0.0017195273410799694,0.014486537935748445,TRUE,FALSE,FALSE,FALSE,FALSE,FALSE,FALSE,FALSE,TRUE,FALSE,FALSE,FALSE,TRUE,FALSE,FALSE,FALSE
Original retrospective results,original_yte_fc,d7661d0_81d74d7,"H-GLU256GLH,H-ASN434ALA","H-GLU256THR,H-ASN434ALA",H-GLH256THR,-0.003211330418654799,-0.018015874731324856,0.016356665322712065,9.490905673274089e-4,0.0010800153793574907,0.0014764924812030122,FALSE,FALSE,FALSE,FALSE,FALSE,FALSE,FALSE,FALSE,FALSE,FALSE,FALSE,FALSE,FALSE,FALSE,FALSE,FALSE
Original retrospective results,original_yte_fc,d80cabb_05527ee,"H-HIP433HIE,H-ASN434PHE","H-HIP433LYN,H-ASN434PHE",H-HIE433LYN,-0.015660660335563008,-0.02505984630270821,0.009152291693162824,0.0010723838004101191,0.001573550239234442,4.73221120984274e-4,FALSE,FALSE,FALSE,FALSE,FALSE,FALSE,FALSE,FALSE,FALSE,FALSE,FALSE,FALSE,FALSE,FALSE,FALSE,FALSE
Original retrospective results,original_yte_fc,d80cabb_11aa163,"H-HIP433HIE,H-ASN434PHE","H-HIP433HIE,H-ASN434PHE,H-TYR436HID",H-TYR436HID,-0.017226442744656647,-0.009660752342783355,-0.0023162090857203783,0.001196470950102529,8.232935748462063e-4,7.631445659603559e-4,FALSE,FALSE,FALSE,FALSE,FALSE,FALSE,FALSE,FALSE,FALSE,FALSE,FALSE,FALSE,FALSE,FALSE,FALSE,FALSE
Original retrospective results,original_yte_fc,d80cabb_785a9e7,"H-HIP433HIE,H-ASN434PHE","H-HIP433HIE,H-ASN434PHE,H-TYR436HIP",H-TYR436HIP,-0.017084277827241354,-0.0016056652093231212,-0.019433732486606625,0.001136516062884502,7.956069719754209e-4,0.0019235502392345697,FALSE,FALSE,FALSE,FALSE,FALSE,FALSE,FALSE,FALSE,FALSE,FALSE,FALSE,FALSE,FALSE,FALSE,FALSE,FALSE
Original retrospective results,original_yte_fc,d80cabb_d21774d,"H-HIP433HIE,H-ASN434PHE","H-HIP433HIE,H-ASN434PHE,H-TYR436HIE",H-TYR436HIE,-0.04184910944454456,0.00968872444595676,-0.038481944196408824,0.007066875256322621,0.0027394101161995876,0.009994528024606954,FALSE,FALSE,FALSE,FALSE,FALSE,FALSE,FALSE,FALSE,FALSE,FALSE,FALSE,FALSE,FALSE,FALSE,FALSE,FALSE
Original retrospective results,original_yte_fc,d85bdf9_05b8660,"H-HIP433LYS,H-TYR436HIE","H-HIP433LYS,H-ASN434PHE,H-TYR436HIE",H-ASN434PHE,-0.004785511996424633,0.004527284763133897,-0.008389600718732272,0.0015293612440191535,1.5798496240600375e-4,0.0019440304169514812,FALSE,FALSE,FALSE,FALSE,FALSE,FALSE,FALSE,FALSE,FALSE,FALSE,FALSE,FALSE,FALSE,FALSE,FALSE,FALSE
Original retrospective results,original_yte_fc,d8db775_11aa163,"H-HIP433HIE,H-TYR436HID","H-HIP433HIE,H-ASN434PHE,H-TYR436HID",H-ASN434PHE,-0.019732381978187694,-0.026730160094418996,0.007782820706951674,0.0021255379357484464,0.002444753246753237,0.00394212064251539,FALSE,FALSE,FALSE,FALSE,FALSE,FALSE,FALSE,FALSE,FALSE,FALSE,FALSE,FALSE,FALSE,FALSE,FALSE,FALSE
Original retrospective results,original_yte_fc,d8db775_6057bd3,"H-HIP433HIE,H-TYR436HID","H-HIP433HIE,H-TYR436HIE",H-HID436HIE,-0.03266764098499533,0.005430219149745402,-0.038134548721513034,0.0031341671223513333,5.590068352699919e-4,0.004920802460697195,FALSE,FALSE,FALSE,FALSE,FALSE,FALSE,FALSE,FALSE,FALSE,FALSE,FALSE,FALSE,FALSE,FALSE,FALSE,FALSE
Original retrospective results,original_yte_fc,d8dbf98_05b8660,"H-HIP433LYS,H-ASN434PHE","H-HIP433LYS,H-ASN434PHE,H-TYR436HIE",H-TYR436HIE,0.039732454054566935,0.03975237806121367,0.0035533122142059736,0.004932159603554339,0.005302937457279562,0.002395520164046481,FALSE,FALSE,FALSE,FALSE,FALSE,FALSE,FALSE,FALSE,FALSE,FALSE,FALSE,FALSE,FALSE,FALSE,FALSE,FALSE
Original retrospective results,original_yte_fc,d8dbf98_066482d,"H-HIP433LYS,H-ASN434PHE","H-HIP433LYS,H-ASN434PHE,H-TYR436HID",H-TYR436HID,0.050422347754000466,-0.045761458465815,0.0951547787146325,0.006218801093643194,0.0062973174982911845,0.02114122112098427,TRUE,FALSE,FALSE,FALSE,FALSE,FALSE,FALSE,FALSE,TRUE,FALSE,FALSE,FALSE,TRUE,FALSE,FALSE,FALSE
Original retrospective results,original_yte_fc,d8dbf98_53eaf25,"H-HIP433LYS,H-ASN434PHE","H-HIP433LYS,H-ASN434PHE,H-TYR436HIP",H-TYR436HIP,0.07022204757434602,-0.05789581578878282,0.11897979201111636,0.008882259398496193,0.007974867737525608,0.030486191045796297,TRUE,FALSE,FALSE,FALSE,TRUE,FALSE,FALSE,FALSE,TRUE,TRUE,FALSE,FALSE,TRUE,TRUE,FALSE,FALSE
Original retrospective results,original_yte_fc,da20473_1be5136,H-TYR252MET,"H-TYR252MET,H-THR254SER",H-THR254SER,0.03480708528457453,0.010060587308166332,0.024972749930796345,0.0032460615174299398,6.16462747778537e-4,0.0024527737525632236,FALSE,FALSE,FALSE,FALSE,FALSE,FALSE,FALSE,FALSE,FALSE,FALSE,FALSE,FALSE,FALSE,FALSE,FALSE,FALSE
Original retrospective results,original_yte_fc,da20473_8808ec2,H-TYR252MET,"H-TYR252MET,H-GLU256THR",H-GLU256THR,0.025423032481008113,0.00585707556004759,0.018259987285814745,0.0019552570061517403,6.476384142173778e-4,0.0013650642515379244,FALSE,FALSE,FALSE,FALSE,FALSE,FALSE,FALSE,FALSE,FALSE,FALSE,FALSE,FALSE,FALSE,FALSE,FALSE,FALSE
Original retrospective results,original_yte_fc,da20473_9c48082,H-TYR252MET,"H-TYR252MET,H-THR254CYM",H-THR254CYM,-0.0953852622508631,-0.016543130421567305,-0.07239786295160192,0.02584865174299368,0.0013207146274776922,0.020309883800410575,TRUE,FALSE,FALSE,FALSE,FALSE,FALSE,FALSE,FALSE,TRUE,FALSE,FALSE,FALSE,TRUE,FALSE,FALSE,FALSE
Original retrospective results,original_yte_fc,da20473_d00107d,H-TYR252MET,H-TYR252TRP,H-MET252TRP,-0.031117791756754692,-0.12355763461181649,0.09465323589697963,0.0037154374572795626,0.03271014798359535,0.019253496240601495,FALSE,FALSE,FALSE,FALSE,TRUE,TRUE,FALSE,FALSE,TRUE,FALSE,FALSE,FALSE,TRUE,TRUE,FALSE,FALSE
Original retrospective results,original_yte_fc,da20473_e27ea19,H-TYR252MET,"H-TYR252MET,H-GLU256ASH",H-GLU256ASH,0.05061494648491751,0.004608273241731436,0.0552950956461937,0.008193334586466192,0.0012767775119617239,0.006658243677375312,TRUE,FALSE,FALSE,FALSE,FALSE,FALSE,FALSE,FALSE,TRUE,FALSE,FALSE,FALSE,TRUE,FALSE,FALSE,FALSE
Original retrospective results,original_yte_fc,da20473_e56fd1a,H-TYR252MET,"H-TYR252MET,H-GLU256GLH",H-GLU256GLH,0.05597039494647181,-0.03830797716014345,0.09867127547629123,0.006540827067669174,0.0038333174982911793,0.019507122009569368,TRUE,FALSE,FALSE,FALSE,FALSE,FALSE,FALSE,FALSE,TRUE,FALSE,FALSE,FALSE,TRUE,FALSE,FALSE,FALSE
Original retrospective results,original_yte_fc,da20473_e6d969c,H-TYR252MET,"H-TYR252MET,H-THR254CYS",H-THR254CYS,0.03687817793030032,0.046476655863083374,-0.01016921299240571,0.00520231578947368,0.005333208133971296,0.0021417081339712863,FALSE,FALSE,FALSE,FALSE,FALSE,FALSE,FALSE,FALSE,FALSE,FALSE,FALSE,FALSE,FALSE,FALSE,FALSE,FALSE
Original retrospective results,original_yte_fc,da20473_eb2fa8a,H-TYR252MET,"H-TYR252MET,H-THR254VAL",H-THR254VAL,-0.032414366413286114,-0.04548388896364588,0.008849170921274182,0.009662001025290499,0.00427863089542037,0.008010089542036917,FALSE,FALSE,FALSE,FALSE,FALSE,FALSE,FALSE,FALSE,FALSE,FALSE,FALSE,FALSE,FALSE,FALSE,FALSE,FALSE
Original retrospective results,original_yte_fc,da20473_fbf9533,H-TYR252MET,"H-TYR252MET,H-GLU256ASP",H-GLU256ASP,-0.023897650532148134,-0.02392755998212579,-0.003561256911856418,0.001933917293233083,0.001994730690362269,0.0021535765550239235,FALSE,FALSE,FALSE,FALSE,FALSE,FALSE,FALSE,FALSE,FALSE,FALSE,FALSE,FALSE,FALSE,FALSE,FALSE,FALSE
Original retrospective results,original_yte_fc,e147ac1_cc6f7f6,"H-THR254SER,H-GLU256ASH,H-THR307GLN","H-THR254SER,H-GLU256ASP,H-THR307GLN",H-ASH256ASP,0.011261565267138198,-0.0174329365584066,0.028415618279321195,0.003037361244019282,0.0012017511961721864,0.007195892344497759,FALSE,FALSE,FALSE,FALSE,FALSE,FALSE,FALSE,FALSE,FALSE,FALSE,FALSE,FALSE,FALSE,FALSE,FALSE,FALSE
Original retrospective results,original_yte_fc,e147ac1_e00bf9f,"H-THR254SER,H-GLU256ASH,H-THR307GLN","H-THR254SER,H-GLU256GLH,H-THR307GLN",H-ASH256GLH,0.008716468279202982,-0.008716468279202971,0.0212890263297491,0.0011009542036910472,4.7321531100478527e-4,0.002495927887901576,FALSE,FALSE,FALSE,FALSE,FALSE,FALSE,FALSE,FALSE,FALSE,FALSE,FALSE,FALSE,FALSE,FALSE,FALSE,FALSE
Original retrospective results,original_yte_fc,e27ea19_594c9a3,"H-TYR252MET,H-GLU256ASH","H-TYR252MET,H-THR254SER,H-GLU256ASH",H-THR254SER,0.05434173192815635,0.007100289785767615,0.04766818590189159,0.009525282296650723,3.7356185919344e-4,0.009398681476418317,TRUE,FALSE,FALSE,FALSE,FALSE,FALSE,FALSE,FALSE,FALSE,FALSE,FALSE,FALSE,TRUE,FALSE,FALSE,FALSE
Original retrospective results,original_yte_fc,e27ea19_8808ec2,"H-TYR252MET,H-GLU256ASH","H-TYR252MET,H-GLU256THR",H-ASH256THR,-0.025890644283512933,-0.005611636063207937,-0.019067274360755407,0.0016988776486670603,0.001245905331510592,0.0016055304169514003,FALSE,FALSE,FALSE,FALSE,FALSE,FALSE,FALSE,FALSE,FALSE,FALSE,FALSE,FALSE,FALSE,FALSE,FALSE,FALSE
Original retrospective results,original_yte_fc,e563734_476a620,"H-HIP433HID,H-ASN434PHE","H-HIP433HID,H-ASN434PHE,H-TYR436HID",H-TYR436HID,0.02002770003226125,-0.07001465153191372,0.08930352720093017,0.0017465830485304168,0.012622207792207787,0.018634632604237866,FALSE,FALSE,FALSE,FALSE,TRUE,FALSE,FALSE,FALSE,TRUE,FALSE,FALSE,FALSE,TRUE,FALSE,FALSE,FALSE
Original retrospective results,original_yte_fc,e563734_7c2de05,"H-HIP433HID,H-ASN434PHE","H-HIP433HID,H-ASN434PHE,H-TYR436HIP",H-TYR436HIP,0.030507638977216717,-0.02338918988253126,0.04686816040423364,0.002716475393027992,0.0019269101161996495,0.005806142173615968,FALSE,FALSE,FALSE,FALSE,FALSE,FALSE,FALSE,FALSE,FALSE,FALSE,FALSE,FALSE,FALSE,FALSE,FALSE,FALSE
Original retrospective results,original_yte_fc,e563734_be9b15f,"H-HIP433HID,H-ASN434PHE","H-HIP433HID,H-ASN434PHE,H-TYR436HIE",H-TYR436HIE,0.04873958512787657,-0.02478745666898353,0.08165279843900405,0.007001357484620646,0.0028491213260423832,0.015068922077922091,FALSE,FALSE,FALSE,FALSE,FALSE,FALSE,FALSE,FALSE,TRUE,FALSE,FALSE,FALSE,TRUE,FALSE,FALSE,FALSE
Original retrospective results,original_yte_fc,e563734_d8dbf98,"H-HIP433HID,H-ASN434PHE","H-HIP433LYS,H-ASN434PHE",H-HID433LYS,-0.03370963413301963,-0.021515288889491432,-0.015126704326129586,0.003691899521531005,0.0017650690362270086,0.001155401572112012,FALSE,FALSE,FALSE,FALSE,FALSE,FALSE,FALSE,FALSE,FALSE,FALSE,FALSE,FALSE,FALSE,FALSE,FALSE,FALSE
Original retrospective results,original_yte_fc,e56fd1a_1300491,"H-TYR252MET,H-GLU256GLH","H-TYR252MET,H-THR254CYM,H-GLU256GLH",H-THR254CYM,-0.11371029073322983,0.003949823628757766,-0.11661791028385003,0.02936272590567262,3.0256185919342384e-4,0.03224013089541966,TRUE,TRUE,FALSE,FALSE,FALSE,FALSE,FALSE,FALSE,TRUE,TRUE,FALSE,FALSE,TRUE,TRUE,FALSE,FALSE
Original retrospective results,original_yte_fc,e56fd1a_8808ec2,"H-TYR252MET,H-GLU256GLH","H-TYR252MET,H-GLU256THR",H-GLH256THR,-0.01623896199724445,-0.0335584028749336,0.02166845199986523,0.0010259101161995904,0.0038795498974709725,0.0016104565960355455,FALSE,FALSE,FALSE,FALSE,FALSE,FALSE,FALSE,FALSE,FALSE,FALSE,FALSE,FALSE,FALSE,FALSE,FALSE,FALSE
Original retrospective results,original_yte_fc,e56fd1a_8a57ed8,"H-TYR252MET,H-GLU256GLH","H-TYR252MET,H-THR254CYS,H-GLU256GLH",H-THR254CYS,-0.008977757394939206,-0.004221638094145953,-0.004590536242325478,0.0010314603554340352,1.8381681476418405e-4,9.062672590567256e-4,FALSE,FALSE,FALSE,FALSE,FALSE,FALSE,FALSE,FALSE,FALSE,FALSE,FALSE,FALSE,FALSE,FALSE,FALSE,FALSE
Original retrospective results,original_yte_fc,e56fd1a_8b30a61,"H-TYR252MET,H-GLU256GLH","H-TYR252MET,H-THR254SER,H-GLU256GLH",H-THR254SER,0.008245307831678308,0.012998625168340829,-0.005918372615202306,0.002778927887901566,6.14219753930282e-4,0.0025611732740943196,FALSE,FALSE,FALSE,FALSE,FALSE,FALSE,FALSE,FALSE,FALSE,FALSE,FALSE,FALSE,FALSE,FALSE,FALSE,FALSE
Original retrospective results,original_yte_fc,e56fd1a_999f578,"H-TYR252MET,H-GLU256GLH","H-TYR252MET,H-THR254VAL,H-GLU256GLH",H-THR254VAL,-0.05637281115354087,-0.003813454872151302,-0.04881222236353659,0.007659921052631577,5.746883116883114e-4,0.006270504101161998,TRUE,FALSE,FALSE,FALSE,FALSE,FALSE,FALSE,FALSE,FALSE,FALSE,FALSE,FALSE,TRUE,FALSE,FALSE,FALSE
Original retrospective results,original_yte_fc,e6a818d_118750b,H-TYR252HID,"H-TYR252HID,H-GLU256THR",H-GLU256THR,-0.02301014760360503,0.0341167364590832,-0.0594581172149576,0.0018780235816814898,0.0040622098427887865,0.010729993848257032,FALSE,FALSE,FALSE,FALSE,FALSE,FALSE,FALSE,FALSE,TRUE,FALSE,FALSE,FALSE,TRUE,FALSE,FALSE,FALSE
Original retrospective results,original_yte_fc,e6a818d_6ded2e0,H-TYR252HID,H-TYR252PHE,H-HID252PHE,0.04794057553561637,-0.019947302408175743,0.0647437482940967,0.005401411141490088,0.001382647983595346,0.010157127819548863,FALSE,FALSE,FALSE,FALSE,FALSE,FALSE,FALSE,FALSE,TRUE,FALSE,FALSE,FALSE,TRUE,FALSE,FALSE,FALSE
Original retrospective results,original_yte_fc,e6a818d_98a4c44,H-TYR252HID,"H-TYR252HID,H-GLU256GLH",H-GLU256GLH,0.032453663263202176,0.018614830562365677,0.015253819488611176,0.0040079641148325525,0.001007447368421046,0.0016892272727272865,FALSE,FALSE,FALSE,FALSE,FALSE,FALSE,FALSE,FALSE,FALSE,FALSE,FALSE,FALSE,FALSE,FALSE,FALSE,FALSE
Original retrospective results,original_yte_fc,e6a818d_bc26bc7,H-TYR252HID,"H-TYR252HID,H-THR254SER",H-THR254SER,-0.09310277680723686,-0.06743148244560693,-0.020338425984806903,0.020751858509911153,0.01329164593301435,0.010119222146274769,TRUE,FALSE,FALSE,FALSE,TRUE,FALSE,FALSE,FALSE,FALSE,FALSE,FALSE,FALSE,TRUE,FALSE,FALSE,FALSE
Original retrospective results,original_yte_fc,e6c6013_fb7bcf9,"H-TYR252PHE,H-THR254SER,H-GLU256ASH","H-TYR252PHE,H-THR254SER,H-GLU256GLH",H-ASH256GLH,-0.059744126330370344,-0.022630599397207567,-0.028846600530921543,0.007547221120984277,0.002446614149008887,0.003068857484620642,TRUE,FALSE,FALSE,FALSE,FALSE,FALSE,FALSE,FALSE,FALSE,FALSE,FALSE,FALSE,TRUE,FALSE,FALSE,FALSE
Original retrospective results,original_yte_fc,e6d969c_1be5136,"H-TYR252MET,H-THR254CYS","H-TYR252MET,H-THR254SER",H-CYS254SER,0.08567331873407788,-0.0011623011947050398,0.08765498413273487,0.018188887218045114,3.9463636363636366e-4,0.02043868147641832,TRUE,FALSE,FALSE,FALSE,FALSE,FALSE,FALSE,FALSE,TRUE,FALSE,FALSE,FALSE,TRUE,FALSE,FALSE,FALSE
Original retrospective results,original_yte_fc,e6d969c_2e13e23,"H-TYR252MET,H-THR254CYS","H-TYR252MET,H-THR254CYS,H-GLU256THR",H-GLU256THR,0.07939585575956781,-0.0021791170697995355,0.08382405520860771,0.015391857484620639,9.078151059466956e-4,0.016677640806561863,TRUE,FALSE,FALSE,FALSE,FALSE,FALSE,FALSE,FALSE,TRUE,FALSE,FALSE,FALSE,TRUE,FALSE,FALSE,FALSE
Original retrospective results,original_yte_fc,e6d969c_8a57ed8,"H-TYR252MET,H-THR254CYS","H-TYR252MET,H-THR254CYS,H-GLU256GLH",H-GLU256GLH,0.014080448758712338,0.01079214883518402,0.003092555183992928,0.001897841421736158,8.663431305536531e-4,7.782306903622658e-4,FALSE,FALSE,FALSE,FALSE,FALSE,FALSE,FALSE,FALSE,FALSE,FALSE,FALSE,FALSE,FALSE,FALSE,FALSE,FALSE
Original retrospective results,original_yte_fc,e818e06_485ab1a,"H-TYR252ARG,H-THR254SER","H-TYR252ARG,H-THR254SER,H-GLU256THR",H-GLU256THR,0.036209127879200886,-0.01933058434002477,0.05566124258138228,0.0076419039644566025,0.0011161025290499004,0.011956839712918657,FALSE,FALSE,FALSE,FALSE,FALSE,FALSE,FALSE,FALSE,TRUE,FALSE,FALSE,FALSE,TRUE,FALSE,FALSE,FALSE
Original retrospective results,original_yte_fc,e818e06_5e7364d,"H-TYR252ARG,H-THR254SER","H-TYR252ARG,H-THR254SER,H-GLU256GLH",H-GLU256GLH,-0.06609988445062201,0.0011413697099866772,-0.06771442114352619,0.010625382775119619,0.0023501971975393053,0.016431618250170876,TRUE,FALSE,FALSE,FALSE,FALSE,FALSE,FALSE,FALSE,TRUE,FALSE,FALSE,FALSE,TRUE,FALSE,FALSE,FALSE
Original retrospective results,original_yte_fc,e818e06_acfa7d8,"H-TYR252ARG,H-THR254SER","H-TYR252HIP,H-THR254SER",H-ARG252HIP,-0.020338425984795613,0.11091812967205641,-0.12990813456176636,0.0021738550922761704,0.026920351332877616,0.040726781954887305,FALSE,FALSE,FALSE,FALSE,TRUE,TRUE,FALSE,FALSE,TRUE,TRUE,FALSE,FALSE,TRUE,TRUE,FALSE,FALSE
Original retrospective results,original_yte_fc,eb2fa8a_3a84771,"H-TYR252MET,H-THR254VAL","H-TYR252MET,H-THR254VAL,H-GLU256THR",H-GLU256THR,-0.013558950656537961,-0.01283368641947484,0.003813454872149177,0.001363939849624057,6.612641831852327e-4,0.0012316213260423663,FALSE,FALSE,FALSE,FALSE,FALSE,FALSE,FALSE,FALSE,FALSE,FALSE,FALSE,FALSE,FALSE,FALSE,FALSE,FALSE
Original retrospective results,original_yte_fc,eb2fa8a_999f578,"H-TYR252MET,H-THR254VAL","H-TYR252MET,H-THR254VAL,H-GLU256GLH",H-GLU256GLH,0.05034971051834049,0.012203055590884321,0.04298803674061419,0.00603593164730005,5.903827751196207e-4,0.0042948431305536335,TRUE,FALSE,FALSE,FALSE,FALSE,FALSE,FALSE,FALSE,FALSE,FALSE,FALSE,FALSE,TRUE,FALSE,FALSE,FALSE
Original retrospective results,original_yte_fc,ee818a9_2e13e23,"H-THR254CYS,H-GLU256THR","H-TYR252MET,H-THR254CYS,H-GLU256THR",H-TYR252MET,0.007626909744302605,-0.018477314037632506,0.023097680591820272,0.0015787641831852372,0.0015935153793574847,0.0019874784688995234,FALSE,FALSE,FALSE,FALSE,FALSE,FALSE,FALSE,FALSE,FALSE,FALSE,FALSE,FALSE,FALSE,FALSE,FALSE,FALSE
Original retrospective results,original_yte_fc,ee818a9_cabe813,"H-THR254CYS,H-GLU256THR","H-THR254SER,H-GLU256THR",H-CYS254SER,0.0389596822318615,-0.048716328469090714,0.08261286356682485,0.004468624401913876,0.0058039753930280245,0.01733962132604238,FALSE,FALSE,FALSE,FALSE,FALSE,FALSE,FALSE,FALSE,TRUE,FALSE,FALSE,FALSE,TRUE,FALSE,FALSE,FALSE
Original retrospective results,original_yte_fc,f2a9ae7_5f85a4e,H-THR307GLN,"H-GLU256ASH,H-THR307GLN",H-GLU256ASH,-0.03374821507101842,0.004358234139599845,-0.03840224198224268,0.0036784777853725347,6.914579630895458e-4,0.006099437457279559,FALSE,FALSE,FALSE,FALSE,FALSE,FALSE,FALSE,FALSE,FALSE,FALSE,FALSE,FALSE,FALSE,FALSE,FALSE,FALSE
Original retrospective results,original_yte_fc,f2a9ae7_789df7f,H-THR307GLN,"H-THR254SER,H-THR307GLN",H-THR254SER,0.04997500434803122,-0.016902881054940862,0.05998367466073856,0.008268469924812035,0.0016322604237867392,0.010431252904989745,FALSE,FALSE,FALSE,FALSE,FALSE,FALSE,FALSE,FALSE,TRUE,FALSE,FALSE,FALSE,TRUE,FALSE,FALSE,FALSE
Original retrospective results,original_yte_fc,f2a9ae7_a20a975,H-THR307GLN,"H-GLU256ASP,H-THR307GLN",H-GLU256ASP,0.06247438949849085,0.018973369466006824,0.0457614584658156,0.009405963431305536,0.0016580567327409434,0.006274561859193437,TRUE,FALSE,FALSE,FALSE,FALSE,FALSE,FALSE,FALSE,FALSE,FALSE,FALSE,FALSE,TRUE,FALSE,FALSE,FALSE
Original retrospective results,original_yte_fc,f2a9ae7_b891817,H-THR307GLN,H-THR307TRP,H-GLN307TRP,0.10736962072488805,0.026224546805534685,0.07368768183726118,0.02603435509227616,0.019154037593984992,0.015861276144907756,TRUE,TRUE,FALSE,FALSE,FALSE,FALSE,FALSE,FALSE,TRUE,FALSE,FALSE,FALSE,TRUE,TRUE,FALSE,FALSE
Original retrospective results,original_yte_fc,f2a9ae7_c3aaa50,H-THR307GLN,"H-GLU256GLH,H-THR307GLN",H-GLU256GLH,-0.07817582487910188,0.021717302322759847,-0.09960762437967347,0.013992709842788779,0.0014087293233082617,0.023364946684893997,TRUE,FALSE,FALSE,FALSE,FALSE,FALSE,FALSE,FALSE,TRUE,FALSE,FALSE,FALSE,TRUE,FALSE,FALSE,FALSE
Original retrospective results,original_yte_fc,f3cd620_82b92bc,H-GLU256GLN,"H-THR254SER,H-GLU256GLN",H-THR254SER,-0.056221220400858966,0.015540969151743958,-0.06696056002940669,0.01309676999316473,0.0014445956937799067,0.020048853725222155,TRUE,FALSE,FALSE,FALSE,FALSE,FALSE,FALSE,FALSE,TRUE,FALSE,FALSE,FALSE,TRUE,FALSE,FALSE,FALSE
Original retrospective results,original_yte_fc,f924a14_0149fcd,H-THR254SER,"H-TYR252HIE,H-THR254SER",H-TYR252HIE,-0.06848267063217582,-0.020338425984806917,-0.04799387229102525,0.01098507826384142,0.0025819107997265903,0.007045497607655501,TRUE,FALSE,FALSE,FALSE,FALSE,FALSE,FALSE,FALSE,FALSE,FALSE,FALSE,FALSE,TRUE,FALSE,FALSE,FALSE
Original retrospective results,original_yte_fc,f924a14_1be5136,H-THR254SER,"H-TYR252MET,H-THR254SER",H-TYR252MET,0.05694759275745946,0.008542138913618852,0.04775652323855922,0.0075106985645933,6.04944634313057e-4,0.006691858509911142,TRUE,FALSE,FALSE,FALSE,FALSE,FALSE,FALSE,FALSE,FALSE,FALSE,FALSE,FALSE,TRUE,FALSE,FALSE,FALSE
Original retrospective results,original_yte_fc,f924a14_2bd47b7,H-THR254SER,"H-TYR252PHE,H-THR254SER",H-TYR252PHE,-0.09406522017973322,0.041747295442499166,-0.1426246503535457,0.021490831852358158,0.004676579972658916,0.043931910116199555,TRUE,FALSE,FALSE,FALSE,FALSE,FALSE,FALSE,FALSE,TRUE,TRUE,FALSE,FALSE,TRUE,TRUE,FALSE,FALSE
Original retrospective results,original_yte_fc,f924a14_334ce59,H-THR254SER,"H-THR254SER,H-GLU256GLH",H-GLU256GLH,-0.015459952184406447,0.0038945922098565047,-0.024696660124408593,0.0016672720437457215,2.2970334928229768e-4,0.0020878198906356784,FALSE,FALSE,FALSE,FALSE,FALSE,FALSE,FALSE,FALSE,FALSE,FALSE,FALSE,FALSE,FALSE,FALSE,FALSE,FALSE
Original retrospective results,original_yte_fc,f924a14_3e7b1c9,H-THR254SER,"H-TYR252TRP,H-THR254SER",H-TYR252TRP,0.03363268163004142,6.493926775039602e-4,0.036014793806372174,0.004876992481203017,0.0010217481203007438,0.005048364661654141,FALSE,FALSE,FALSE,FALSE,FALSE,FALSE,FALSE,FALSE,FALSE,FALSE,FALSE,FALSE,FALSE,FALSE,FALSE,FALSE
Original retrospective results,original_yte_fc,f924a14_620f35a,H-THR254SER,"H-THR254SER,H-ASN434ALA",H-ASN434ALA,-0.020296748882372883,-0.021355347284055755,-0.0011314646323939029,0.006520370129870101,0.0013227378673957891,0.006965883800410184,FALSE,FALSE,FALSE,FALSE,FALSE,FALSE,FALSE,FALSE,FALSE,FALSE,FALSE,FALSE,FALSE,FALSE,FALSE,FALSE
Original retrospective results,original_yte_fc,f924a14_6f2e5af,H-THR254SER,"H-THR254SER,H-GLU256ASP",H-GLU256ASP,0.02387554354738205,-0.006075228106668617,0.025727200905334986,0.001871700615174299,8.261404647983595e-4,0.004192039302802459,FALSE,FALSE,FALSE,FALSE,FALSE,FALSE,FALSE,FALSE,FALSE,FALSE,FALSE,FALSE,FALSE,FALSE,FALSE,FALSE
Original retrospective results,original_yte_fc,f924a14_73b3522,H-THR254SER,"H-THR254SER,H-GLU256ASH",H-GLU256ASH,0.03978607052462656,0.0299579071709652,0.008552233352986958,0.004795680451127788,0.00251088482570061,0.0026905352016404526,FALSE,FALSE,FALSE,FALSE,FALSE,FALSE,FALSE,FALSE,FALSE,FALSE,FALSE,FALSE,FALSE,FALSE,FALSE,FALSE
Original retrospective results,original_yte_fc,f924a14_789df7f,H-THR254SER,"H-THR254SER,H-THR307GLN",H-THR307GLN,-0.03396787504473717,-0.030507638977210354,-0.0076269097442848285,0.005023116541353401,0.002178291182501728,0.00209667464114834,FALSE,FALSE,FALSE,FALSE,FALSE,FALSE,FALSE,FALSE,FALSE,FALSE,FALSE,FALSE,FALSE,FALSE,FALSE,FALSE
Original retrospective results,original_yte_fc,f924a14_82b92bc,H-THR254SER,"H-THR254SER,H-GLU256GLN",H-GLU256GLN,0.08079150642988123,-0.02197447289858399,0.10169212992403474,0.015603049897470909,0.0012226254272043797,0.02332387764866705,TRUE,FALSE,FALSE,FALSE,FALSE,FALSE,FALSE,FALSE,TRUE,TRUE,FALSE,FALSE,TRUE,TRUE,FALSE,FALSE
Original retrospective results,original_yte_fc,f924a14_ac5997a,H-THR254SER,"H-THR254SER,H-THR307TRP",H-THR307TRP,0.0987439127119513,-0.04811377981358275,0.14797375273728774,0.02151088140806563,0.0065138058783322,0.050309155160628866,TRUE,FALSE,FALSE,FALSE,FALSE,FALSE,FALSE,FALSE,TRUE,TRUE,FALSE,FALSE,TRUE,TRUE,FALSE,FALSE
Original retrospective results,original_yte_fc,f924a14_acfa7d8,H-THR254SER,"H-TYR252HIP,H-THR254SER",H-TYR252HIP,-0.10169212992402034,-0.037834415699167755,-0.06015984887408453,0.024084315105946767,0.0033141671223513407,0.010650881408065747,TRUE,TRUE,FALSE,FALSE,FALSE,FALSE,FALSE,FALSE,TRUE,FALSE,FALSE,FALSE,TRUE,TRUE,FALSE,FALSE
Original retrospective results,original_yte_fc,f924a14_bc26bc7,H-THR254SER,"H-TYR252HID,H-THR254SER",H-TYR252HID,-0.02135534728404729,-0.034950891699459405,0.013137561565048703,0.0023855543403964448,0.0031988198906356805,0.0027201551606288437,FALSE,FALSE,FALSE,FALSE,FALSE,FALSE,FALSE,FALSE,FALSE,FALSE,FALSE,FALSE,FALSE,FALSE,FALSE,FALSE
Original retrospective results,original_yte_fc,f924a14_cabe813,H-THR254SER,"H-THR254SER,H-GLU256THR",H-GLU256THR,-0.03713718360110361,0.011994074691567012,-0.04678699774216838,0.00447772932330828,5.258205741626737e-4,0.005721049897470952,FALSE,FALSE,FALSE,FALSE,FALSE,FALSE,FALSE,FALSE,FALSE,FALSE,FALSE,FALSE,FALSE,FALSE,FALSE,FALSE
Original retrospective results,original_yte_fc,f924a14_e818e06,H-THR254SER,"H-TYR252ARG,H-THR254SER",H-TYR252ARG,-0.1841353923981632,-0.052010546519713964,-0.11682193462004953,0.07147691831852358,0.006980339371155287,0.04331312781954858,TRUE,TRUE,FALSE,FALSE,TRUE,FALSE,FALSE,FALSE,TRUE,TRUE,FALSE,FALSE,TRUE,TRUE,FALSE,FALSE
Original retrospective results,original_yte_fc,fbf9533_576245d,"H-TYR252MET,H-GLU256ASP","H-TYR252PHE,H-GLU256ASP",H-MET252PHE,0.1218531859147865,-0.05412645624988935,0.17019433961653804,0.037248922761449074,0.006137709842788786,0.06636051674641147,TRUE,TRUE,FALSE,FALSE,TRUE,FALSE,FALSE,FALSE,TRUE,TRUE,FALSE,FALSE,TRUE,TRUE,FALSE,FALSE
Original retrospective results,original_yte_fc,fbf9533_bf30bf3,"H-TYR252MET,H-GLU256ASP","H-TYR252MET,H-THR254SER,H-GLU256ASP",H-THR254SER,-0.011509791964341484,0.005142386115477699,-0.019173124195917567,9.365543403964393e-4,8.344849624060131e-4,0.0018793062200956872,FALSE,FALSE,FALSE,FALSE,FALSE,FALSE,FALSE,FALSE,FALSE,FALSE,FALSE,FALSE,FALSE,FALSE,FALSE,FALSE
Original retrospective results,original_yte_fc,fcaa360_915d9b4,"H-TYR252PHE,H-GLU256ASH","H-TYR252PHE,H-GLU256GLH",H-ASH256GLH,0.016039438396838003,0.011084188881196898,0.006163940195001327,0.0013533646616541363,3.95542378673957e-4,8.251326042378673e-4,FALSE,FALSE,FALSE,FALSE,FALSE,FALSE,FALSE,FALSE,FALSE,FALSE,FALSE,FALSE,FALSE,FALSE,FALSE,FALSE
Original retrospective results,original_yte_fc,fcaa360_e6c6013,"H-TYR252PHE,H-GLU256ASH","H-TYR252PHE,H-THR254SER,H-GLU256ASH",H-THR254SER,-0.023587166842157108,-0.029915201794960763,0.004642466800880067,0.002249548872180449,0.00223008304853042,0.002505278537252224,FALSE,FALSE,FALSE,FALSE,FALSE,FALSE,FALSE,FALSE,FALSE,FALSE,FALSE,FALSE,FALSE,FALSE,FALSE,FALSE
Holo results with H310/H435 titration,coupled_dhs,0ca3751_9b49228,H-HIP310HID,"H-HIP310HID,H-HIP311GLN",H-HIP311GLN,0.07813769033038165,0.029884774681426925,0.05345300303847799,0.014489620642515388,0.0029365789473685547,0.007472568010936417,TRUE,FALSE,FALSE,FALSE,FALSE,FALSE,FALSE,FALSE,TRUE,FALSE,FALSE,FALSE,TRUE,FALSE,FALSE,FALSE
Holo results with H310/H435 titration,coupled_dhs,0ca3751_a55737b,H-HIP310HID,"H-HIP310HID,H-HIP435HID",H-HIP435HID,-0.032618919548191204,0.1304625283483763,-0.15845294121836945,0.0028437077922077495,0.03794801127819554,0.05809752734107993,FALSE,FALSE,FALSE,FALSE,TRUE,TRUE,FALSE,FALSE,TRUE,TRUE,FALSE,FALSE,TRUE,TRUE,FALSE,FALSE
Holo results with H310/H435 titration,coupled_dhs,0e4f49c_ea9ff26,"H-ASP309LEU,H-HIP311GLN,H-HIP435HID","H-ASP309LEU,H-HIP310HID,H-HIP311GLN,H-HIP435HID",H-HIP310HID,-0.1535510126877534,-0.017340683384773035,-0.1274341772913875,0.058639734107997436,0.0011881934381407836,0.049703046479836074,TRUE,TRUE,FALSE,FALSE,FALSE,FALSE,FALSE,FALSE,TRUE,TRUE,FALSE,FALSE,TRUE,TRUE,FALSE,FALSE
Holo results with H310/H435 titration,coupled_dhs,1088a04_72b240c,"H-ASP309LEU,H-HIP310HIE","H-ASP309LEU,H-HIP310HIE,H-HIP311HID",H-HIP311HID,0.02794577955027247,-0.004087241375791186,0.03312675463000699,0.003031458646616539,9.203872180451379e-4,0.0029795225563909867,FALSE,FALSE,FALSE,FALSE,FALSE,FALSE,FALSE,FALSE,FALSE,FALSE,FALSE,FALSE,FALSE,FALSE,FALSE,FALSE
Holo results with H310/H435 titration,coupled_dhs,1088a04_7c79e0d,"H-ASP309LEU,H-HIP310HIE","H-ASP309LEU,H-HIP310HIE,H-HIP311HIE",H-HIP311HIE,0.005452010320443319,-0.010438502256312978,0.015253819488605777,8.470047846889992e-4,0.0015791739576213057,0.0018318007518796915,FALSE,FALSE,FALSE,FALSE,FALSE,FALSE,FALSE,FALSE,FALSE,FALSE,FALSE,FALSE,FALSE,FALSE,FALSE,FALSE
Holo results with H310/H435 titration,coupled_dhs,12ceb75_a62b9d8,"H-ASP309LEU,H-HIP311HIE,H-HIP435HID","H-ASP309LEU,H-HIP310HID,H-HIP311HIE,H-HIP435HID",H-HIP310HID,-0.26846722299945314,0.18899824579511448,-0.4658706502567873,0.15440110252904984,0.10713756151742977,0.48301086773752516,TRUE,TRUE,TRUE,FALSE,TRUE,TRUE,FALSE,FALSE,TRUE,TRUE,TRUE,FALSE,TRUE,TRUE,TRUE,FALSE
Holo results with H310/H435 titration,coupled_dhs,19edde5_03260d0,"H-ASP309ASH,H-HIP311HIE,H-HIP435HID","H-ASP309ASH,H-HIP310HIE,H-HIP311HIE,H-HIP435HID",H-HIP310HIE,NA,NA,NA,NA,NA,NA,NA,NA,NA,NA,NA,NA,NA,NA,NA,NA,NA,NA,NA,NA,NA,NA
Holo results with H310/H435 titration,coupled_dhs,19edde5_40bc6f6,"H-ASP309ASH,H-HIP311HIE,H-HIP435HID","H-ASP309ASH,H-HIP310HID,H-HIP311HIE,H-HIP435HID",H-HIP310HID,-0.13264956101436748,0.06759020014778455,-0.1956610315360432,0.04191250102529056,0.011093694805194823,0.09397169856459349,TRUE,TRUE,FALSE,FALSE,TRUE,FALSE,FALSE,FALSE,TRUE,TRUE,FALSE,FALSE,TRUE,TRUE,FALSE,FALSE
Holo results with H310/H435 titration,coupled_dhs,19edde5_e4be2f9,"H-ASP309ASH,H-HIP311HIE,H-HIP435HID","H-ASP309ASH,H-HIP311HIE,H-HIP435HIE",H-HID435HIE,-0.05885527594663596,-0.031824583641133455,-0.027265729202523042,0.01404742207792209,0.0031539675324675333,0.013894095693779912,TRUE,FALSE,FALSE,FALSE,FALSE,FALSE,FALSE,FALSE,FALSE,FALSE,FALSE,FALSE,TRUE,FALSE,FALSE,FALSE
Holo results with H310/H435 titration,coupled_dhs,1a49e26_589f577,"H-HIP311HID,H-HIP435HID","H-ASP309ASH,H-HIP311HID,H-HIP435HID",H-ASP309ASH,0.003929440135544212,-0.07759802868635143,0.07462237829368829,0.0026795714285714404,0.0170602077922078,0.022996264183185258,FALSE,FALSE,FALSE,FALSE,TRUE,FALSE,FALSE,FALSE,TRUE,FALSE,FALSE,FALSE,TRUE,FALSE,FALSE,FALSE
Holo results with H310/H435 titration,coupled_dhs,1a49e26_6e6fcdd,"H-HIP311HID,H-HIP435HID","H-HIP310HID,H-HIP311HID,H-HIP435HID",H-HIP310HID,-0.31873478426317675,-0.1612546631652533,-0.16365854930344448,0.22227320984278867,0.057142335953520106,0.05723522590567333,TRUE,TRUE,TRUE,FALSE,TRUE,TRUE,FALSE,FALSE,TRUE,TRUE,FALSE,FALSE,TRUE,TRUE,TRUE,FALSE
Holo results with H310/H435 titration,coupled_dhs,1cf4924_03260d0,"H-ASP309ASH,H-HIP310HIE,H-HIP435HID","H-ASP309ASH,H-HIP310HIE,H-HIP311HIE,H-HIP435HID",H-HIP311HIE,0.10738688919978066,-0.010424080485946568,0.12024899301886949,0.025546843814080632,0.0015434866712235118,0.033253984278878976,TRUE,TRUE,FALSE,FALSE,FALSE,FALSE,FALSE,FALSE,TRUE,TRUE,FALSE,FALSE,TRUE,TRUE,FALSE,FALSE
Holo results with H310/H435 titration,coupled_dhs,1cf4924_815c104,"H-ASP309ASH,H-HIP310HIE,H-HIP435HID","H-ASP309ASH,H-HIP310HIE,H-HIP311GLN,H-HIP435HID",H-HIP311GLN,0.03050763897721151,0.001883474662455128,0.02876434532137088,0.0035152416267943865,4.7724846206427475e-4,0.003970798701298867,FALSE,FALSE,FALSE,FALSE,FALSE,FALSE,FALSE,FALSE,FALSE,FALSE,FALSE,FALSE,FALSE,FALSE,FALSE,FALSE
Holo results with H310/H435 titration,coupled_dhs,1f915e2_c2e06aa,"H-ASP309LEU,H-HIP311HID,H-HIP435HID","H-ASP309LEU,H-HIP310HIE,H-HIP311HID,H-HIP435HID",H-HIP310HIE,-0.13054623833337456,0.05921447982034787,-0.17825392675418023,0.04092454272043749,0.010532812030075143,0.07760242993848239,TRUE,TRUE,FALSE,FALSE,TRUE,FALSE,FALSE,FALSE,TRUE,TRUE,FALSE,FALSE,TRUE,TRUE,FALSE,FALSE
Holo results with H310/H435 titration,coupled_dhs,1f915e2_de21a53,"H-ASP309LEU,H-HIP311HID,H-HIP435HID","H-ASP309LEU,H-HIP311HID,H-HIP435HIE",H-HID435HIE,0.006079095707958505,0.015253819488605212,-0.014008090897036588,0.0014746384142173632,0.0011839371155160645,0.0029459938482570046,FALSE,FALSE,FALSE,FALSE,FALSE,FALSE,FALSE,FALSE,FALSE,FALSE,FALSE,FALSE,FALSE,FALSE,FALSE,FALSE
Holo results with H310/H435 titration,coupled_dhs,20dd2bc_13806ae,"H-ASP309LEU,H-HIP310HIE,H-HIP435HID","H-ASP309LEU,H-HIP310HIE,H-HIP311GLN,H-HIP435HID",H-HIP311GLN,0.0015007790142051482,-0.007999175577058808,-0.008980846453108707,0.004178813055365771,6.464149008886836e-4,0.002760133287764776,FALSE,FALSE,FALSE,FALSE,FALSE,FALSE,FALSE,FALSE,FALSE,FALSE,FALSE,FALSE,FALSE,FALSE,FALSE,FALSE
Holo results with H310/H435 titration,coupled_dhs,21a67c2_7c79e0d,"H-ASP309LEU,H-HIP310HID,H-HIP311HIE","H-ASP309LEU,H-HIP310HIE,H-HIP311HIE",H-HID310HIE,0.05107215912439776,0.013865272530854048,0.025654150958108992,0.022463294258373206,0.0038763909774436065,0.03070360628844838,TRUE,FALSE,FALSE,FALSE,FALSE,FALSE,FALSE,FALSE,FALSE,FALSE,FALSE,FALSE,TRUE,FALSE,FALSE,FALSE
Holo results with H310/H435 titration,coupled_dhs,21a67c2_d20bbbb,"H-ASP309LEU,H-HIP310HID,H-HIP311HIE","H-ASP309LEU,H-HIP310HID,H-HIP311HIE,H-HIP435HIE",H-HIP435HIE,0.02998023419012226,-0.0013623826018533346,0.02953656671324613,0.006009037935748496,0.0027681578947368933,0.004879537935748495,FALSE,FALSE,FALSE,FALSE,FALSE,FALSE,FALSE,FALSE,FALSE,FALSE,FALSE,FALSE,FALSE,FALSE,FALSE,FALSE
Holo results with H310/H435 titration,coupled_dhs,23cecd4_a9ac97c,"H-HIP311HIE,H-HIP435HID","H-HIP310HIE,H-HIP311HIE,H-HIP435HID",H-HIP310HIE,-0.24445236238248796,0.011516633713898798,-0.2546253552814848,0.1306117775119618,0.006889501708817548,0.15547115960355448,TRUE,TRUE,TRUE,FALSE,FALSE,FALSE,FALSE,FALSE,TRUE,TRUE,TRUE,FALSE,TRUE,TRUE,TRUE,FALSE
Holo results with H310/H435 titration,coupled_dhs,2791db8_9329751,"H-HIP310HID,H-HIP311HID,H-HIP435HIE","H-ASP309ASH,H-HIP310HID,H-HIP311HID,H-HIP435HIE",H-ASP309ASH,0.12444574399453785,0.13418874732476022,-0.015253819488615419,0.0586810656185919,0.050514796308954266,0.034253037935748465,TRUE,TRUE,FALSE,FALSE,TRUE,TRUE,FALSE,FALSE,FALSE,FALSE,FALSE,FALSE,TRUE,TRUE,FALSE,FALSE
Holo results with H310/H435 titration,coupled_dhs,2791db8_f6a12bd,"H-HIP310HID,H-HIP311HID,H-HIP435HIE","H-ASP309LEU,H-HIP310HID,H-HIP311HID,H-HIP435HIE",H-ASP309LEU,0.3600564608853843,-0.2457559806497528,0.6307103696021248,0.2728780498974708,0.14727477614490767,0.8020063321941213,TRUE,TRUE,TRUE,FALSE,TRUE,TRUE,TRUE,FALSE,TRUE,TRUE,TRUE,TRUE,TRUE,TRUE,TRUE,TRUE
Holo results with H310/H435 titration,coupled_dhs,286e1a5_9df7a55,"H-ASP309ASH,H-HIP311GLN,H-HIP435HIE","H-ASP309ASH,H-HIP310HIE,H-HIP311GLN,H-HIP435HIE",H-HIP310HIE,-0.12672403882841302,0.08694677108504205,-0.1906727436076081,0.03977225700615187,0.02014589405331501,0.11432516951469578,TRUE,TRUE,FALSE,FALSE,TRUE,FALSE,FALSE,FALSE,TRUE,TRUE,FALSE,FALSE,TRUE,TRUE,FALSE,FALSE
Holo results with H310/H435 titration,coupled_dhs,2b4e979_5ed8a31,"H-ASP309LEU,H-HIP310HID,H-HIP435HIE","H-ASP309LEU,H-HIP310HID,H-HIP311GLN,H-HIP435HIE",H-HIP311GLN,0.043566550692606384,0.0446299938334154,-0.0023071005567453194,0.006654142857142979,0.0086360574162679,0.011030121326042617,FALSE,FALSE,FALSE,FALSE,FALSE,FALSE,FALSE,FALSE,FALSE,FALSE,FALSE,FALSE,FALSE,FALSE,FALSE,FALSE
Holo results with H310/H435 titration,coupled_dhs,2b4e979_d20bbbb,"H-ASP309LEU,H-HIP310HID,H-HIP435HIE","H-ASP309LEU,H-HIP310HID,H-HIP311HIE,H-HIP435HIE",H-HIP311HIE,0.07216694033761516,-0.11377578989679066,0.1796730448874558,0.010595880041011663,0.03547014695830488,0.07105259022556396,TRUE,FALSE,FALSE,FALSE,TRUE,TRUE,FALSE,FALSE,TRUE,TRUE,FALSE,FALSE,TRUE,TRUE,FALSE,FALSE
Holo results with H310/H435 titration,coupled_dhs,2b4e979_f6a12bd,"H-ASP309LEU,H-HIP310HID,H-HIP435HIE","H-ASP309LEU,H-HIP310HID,H-HIP311HID,H-HIP435HIE",H-HIP311HID,-0.046216796360997695,0.02508222642396496,-0.06609988445062025,0.006111918318523567,0.006717173957621316,0.013322898838004107,FALSE,FALSE,FALSE,FALSE,FALSE,FALSE,FALSE,FALSE,TRUE,FALSE,FALSE,FALSE,TRUE,FALSE,FALSE,FALSE
Holo results with H310/H435 titration,coupled_dhs,2d8ef0a_e4be2f9,"H-ASP309ASH,H-HIP311HIE","H-ASP309ASH,H-HIP311HIE,H-HIP435HIE",H-HIP435HIE,-0.0938109898549237,-0.021268981958393392,-0.07806366444168517,0.02378733595352014,0.0021918776486671314,0.016135298359535165,TRUE,FALSE,FALSE,FALSE,FALSE,FALSE,FALSE,FALSE,TRUE,FALSE,FALSE,FALSE,TRUE,FALSE,FALSE,FALSE
Holo results with H310/H435 titration,coupled_dhs,32ab037_b579c78,"H-HIP310HIE,H-HIP311HID","H-HIP310HIE,H-HIP311HID,H-HIP435HIE",H-HIP435HIE,-0.16779201437465796,0.02330175302274137,-0.1994730240817614,0.06318099384825696,0.002418394053315078,0.08417783116883103,TRUE,TRUE,FALSE,FALSE,FALSE,FALSE,FALSE,FALSE,TRUE,TRUE,FALSE,FALSE,TRUE,TRUE,FALSE,FALSE
Holo results with H310/H435 titration,coupled_dhs,32ab037_c92da70,"H-HIP310HIE,H-HIP311HID","H-HIP310HIE,H-HIP311HID,H-HIP435HID",H-HIP435HID,-0.04680514085188009,0.02343559700531033,-0.07315097337377365,0.005739309637730657,0.0026859579630895154,0.013580872522214531,FALSE,FALSE,FALSE,FALSE,FALSE,FALSE,FALSE,FALSE,TRUE,FALSE,FALSE,FALSE,TRUE,FALSE,FALSE,FALSE
Holo results with H310/H435 titration,coupled_dhs,34ba044_1088a04,"H-ASP309LEU,H-HIP310HID","H-ASP309LEU,H-HIP310HIE",H-HID310HIE,-0.022880729232908677,-0.10677673642023608,0.08770946205947969,0.00636913260423787,0.026342346889952146,0.02773764695830485,FALSE,FALSE,FALSE,FALSE,TRUE,TRUE,FALSE,FALSE,TRUE,FALSE,FALSE,FALSE,TRUE,TRUE,FALSE,FALSE
Holo results with H310/H435 titration,coupled_dhs,34ba044_4b45e73,"H-ASP309LEU,H-HIP310HID","H-ASP309LEU,H-HIP310HID,H-HIP311GLN",H-HIP311GLN,0.003375374368947643,0.02256929708501698,-0.014590052275206215,0.005633031100478368,0.001733035201640564,0.010177183526999305,FALSE,FALSE,FALSE,FALSE,FALSE,FALSE,FALSE,FALSE,FALSE,FALSE,FALSE,FALSE,FALSE,FALSE,FALSE,FALSE
Holo results with H310/H435 titration,coupled_dhs,34ba044_a28f9ce,"H-ASP309LEU,H-HIP310HID","H-ASP309LEU,H-HIP310HID,H-HIP435HID",H-HIP435HID,0.068815616137352,0.03420883908020772,0.035345278872167096,0.011086693096377295,0.0030996883116883164,0.0046600717703349104,TRUE,FALSE,FALSE,FALSE,FALSE,FALSE,FALSE,FALSE,FALSE,FALSE,FALSE,FALSE,TRUE,FALSE,FALSE,FALSE
Holo results with H310/H435 titration,coupled_dhs,37053a0_d6db2c2,H-HIP311HID,"H-HIP310HID,H-HIP311HID",H-HIP310HID,-0.454294308831402,0.0592705600390541,-0.4800186320320453,0.4349193007518797,0.007090398838004065,0.50857895898838,TRUE,TRUE,TRUE,FALSE,TRUE,FALSE,FALSE,FALSE,TRUE,TRUE,TRUE,FALSE,TRUE,TRUE,TRUE,FALSE
Holo results with H310/H435 titration,coupled_dhs,3ad9990_23cecd4,H-HIP311HIE,"H-HIP311HIE,H-HIP435HID",H-HIP435HID,0.1461993211327221,0.005925716774803263,0.1474535883898498,0.048353392002734065,0.0010223468899521481,0.04404962406015025,TRUE,TRUE,FALSE,FALSE,FALSE,FALSE,FALSE,FALSE,TRUE,TRUE,FALSE,FALSE,TRUE,TRUE,FALSE,FALSE
Holo results with H310/H435 titration,coupled_dhs,3ad9990_2d8ef0a,H-HIP311HIE,"H-ASP309ASH,H-HIP311HIE",H-ASP309ASH,-0.037709519695515184,0.00986321631186245,-0.04072307566503592,0.005081291182501745,0.001760127819548873,0.005642328776486722,FALSE,FALSE,FALSE,FALSE,FALSE,FALSE,FALSE,FALSE,FALSE,FALSE,FALSE,FALSE,FALSE,FALSE,FALSE,FALSE
Holo results with H310/H435 titration,coupled_dhs,3ad9990_a40799e,H-HIP311HIE,"H-HIP310HIE,H-HIP311HIE",H-HIP310HIE,-0.23643420207338034,0.02660472498912725,-0.2568431946149604,0.129078519138756,0.005631384825700607,0.1518258226247439,TRUE,TRUE,TRUE,FALSE,FALSE,FALSE,FALSE,FALSE,TRUE,TRUE,TRUE,FALSE,TRUE,TRUE,TRUE,FALSE
Holo results with H310/H435 titration,coupled_dhs,3d13d9f_40bc6f6,"H-ASP309ASH,H-HIP310HID,H-HIP435HID","H-ASP309ASH,H-HIP310HID,H-HIP311HIE,H-HIP435HID",H-HIP311HIE,-0.17173156014144092,-0.026861249747075867,-0.15329377452272455,0.06350258065618584,0.009011330143540719,0.06068374094326741,TRUE,TRUE,FALSE,FALSE,FALSE,FALSE,FALSE,FALSE,TRUE,TRUE,FALSE,FALSE,TRUE,TRUE,FALSE,FALSE
Holo results with H310/H435 titration,coupled_dhs,3d13d9f_66c2e05,"H-ASP309ASH,H-HIP310HID,H-HIP435HID","H-ASP309ASH,H-HIP310HID,H-HIP311GLN,H-HIP435HID",H-HIP311GLN,0.02731903023604654,-0.11557464644851405,0.14323483879698623,0.004954143198906281,0.027520894053315145,0.04354065960355423,FALSE,FALSE,FALSE,FALSE,TRUE,TRUE,FALSE,FALSE,TRUE,TRUE,FALSE,FALSE,TRUE,TRUE,FALSE,FALSE
Holo results with H310/H435 titration,coupled_dhs,3d13d9f_fe82979,"H-ASP309ASH,H-HIP310HID,H-HIP435HID","H-ASP309ASH,H-HIP310HID,H-HIP311HID,H-HIP435HID",H-HIP311HID,0.020058469972367432,-0.08285257523924405,0.1022570862013889,0.0026252648667122675,0.015588685919343868,0.023820303827751303,FALSE,FALSE,FALSE,FALSE,TRUE,FALSE,FALSE,FALSE,TRUE,TRUE,FALSE,FALSE,TRUE,TRUE,FALSE,FALSE
Holo results with H310/H435 titration,coupled_dhs,3e79ed0_03260d0,"H-ASP309ASH,H-HIP310HIE,H-HIP311HIE","H-ASP309ASH,H-HIP310HIE,H-HIP311HIE,H-HIP435HID",H-HIP435HID,0.1478710437672078,0.0317533675687788,0.11879055289716443,0.04781259911141497,0.002999737867395752,0.032038330143540635,TRUE,TRUE,FALSE,FALSE,FALSE,FALSE,FALSE,FALSE,TRUE,TRUE,FALSE,FALSE,TRUE,TRUE,FALSE,FALSE
Holo results with H310/H435 titration,coupled_dhs,3e79ed0_81a19ee,"H-ASP309ASH,H-HIP310HIE,H-HIP311HIE","H-ASP309ASH,H-HIP310HIE,H-HIP311HIE,H-HIP435HIE",H-HIP435HIE,0.022709892528829385,-0.03559224547340607,0.06593259869576973,0.0029035116199590027,0.0036782002734108425,0.010360449077238607,FALSE,FALSE,FALSE,FALSE,FALSE,FALSE,FALSE,FALSE,TRUE,FALSE,FALSE,FALSE,TRUE,FALSE,FALSE,FALSE
Holo results with H310/H435 titration,coupled_dhs,404e0bb_0ca3751,WT,H-HIP310HID,H-HIP310HID,-0.23739666470283216,-0.014988515610627268,-0.21524834167254403,0.10840849624060132,0.0018385905673274133,0.0972879326725904,TRUE,TRUE,TRUE,FALSE,FALSE,FALSE,FALSE,FALSE,TRUE,TRUE,TRUE,FALSE,TRUE,TRUE,TRUE,FALSE
Holo results with H310/H435 titration,coupled_dhs,404e0bb_37053a0,WT,H-HIP311HID,H-HIP311HID,-0.07337233845360253,-0.023081563219905947,-0.054213501720470764,0.012521211551606279,0.0018333287764866492,0.007658102870813351,TRUE,FALSE,FALSE,FALSE,FALSE,FALSE,FALSE,FALSE,TRUE,FALSE,FALSE,FALSE,TRUE,FALSE,FALSE,FALSE
Holo results with H310/H435 titration,coupled_dhs,404e0bb_3ad9990,WT,H-HIP311HIE,H-HIP311HIE,0.015882909833162876,0.014672668891253595,0.004014163023319209,0.0015431667805878425,7.950727956254402e-4,0.0012937067669173024,FALSE,FALSE,FALSE,FALSE,FALSE,FALSE,FALSE,FALSE,FALSE,FALSE,FALSE,FALSE,FALSE,FALSE,FALSE,FALSE
Holo results with H310/H435 titration,coupled_dhs,404e0bb_4449935,WT,H-HIP311GLN,H-HIP311GLN,-0.028653054124382044,0.021355347284046276,-0.04881222236353397,0.0025938393711552135,0.0016404111414901011,0.0059518814080657,FALSE,FALSE,FALSE,FALSE,FALSE,FALSE,FALSE,FALSE,FALSE,FALSE,FALSE,FALSE,FALSE,FALSE,FALSE,FALSE
Holo results with H310/H435 titration,coupled_dhs,404e0bb_6d05828,WT,H-HIP435HIE,H-HIP435HIE,-0.07931986134074098,-0.02394552507382891,-0.04977562148913178,0.014389439849624092,0.0028954251537935518,0.006958410116199633,TRUE,FALSE,FALSE,FALSE,FALSE,FALSE,FALSE,FALSE,FALSE,FALSE,FALSE,FALSE,TRUE,FALSE,FALSE,FALSE
Holo results with H310/H435 titration,coupled_dhs,404e0bb_7cbe88e,WT,H-HIP435HID,H-HIP435HID,0.04562765303165196,0.1186716340416536,-0.0632406362352523,0.007103970950102575,0.030124300751879555,0.022117948393711527,FALSE,FALSE,FALSE,FALSE,TRUE,TRUE,FALSE,FALSE,TRUE,FALSE,FALSE,FALSE,TRUE,TRUE,FALSE,FALSE
Holo results with H310/H435 titration,coupled_dhs,404e0bb_bfc6ad4,WT,H-ASP309ASH,H-ASP309ASH,0.059688858868455014,0.030507638977209733,0.022880729232907144,0.009899747436773758,0.006289729323308251,0.0018114203691045815,TRUE,FALSE,FALSE,FALSE,FALSE,FALSE,FALSE,FALSE,FALSE,FALSE,FALSE,FALSE,TRUE,FALSE,FALSE,FALSE
Holo results with H310/H435 titration,coupled_dhs,404e0bb_c0f367a,WT,H-HIP310HIE,H-HIP310HIE,-0.21382347309144528,0.07049279259139844,-0.29522257530296175,0.10780500102529032,0.01773504511278202,0.2050198318523581,TRUE,TRUE,TRUE,FALSE,TRUE,FALSE,FALSE,FALSE,TRUE,TRUE,TRUE,FALSE,TRUE,TRUE,TRUE,FALSE
Holo results with H310/H435 titration,coupled_dhs,404e0bb_f2b151c,WT,H-ASP309LEU,H-ASP309LEU,-0.060573045372608866,-0.018935147489439228,-0.045761458465817334,0.009397425837320575,0.0022855669856459335,0.005270023923444994,TRUE,FALSE,FALSE,FALSE,FALSE,FALSE,FALSE,FALSE,FALSE,FALSE,FALSE,FALSE,TRUE,FALSE,FALSE,FALSE
Holo results with H310/H435 titration,coupled_dhs,404e0bb_f4d432c,WT,H-ASN434SER,H-ASN434SER,-0.04542985369432432,-0.005720182308227163,-0.040626005904640924,0.005946320574162712,3.316770334928352e-4,0.004335241626794269,FALSE,FALSE,FALSE,FALSE,FALSE,FALSE,FALSE,FALSE,FALSE,FALSE,FALSE,FALSE,FALSE,FALSE,FALSE,FALSE
Holo results with H310/H435 titration,coupled_dhs,427600b_9600041,"H-HIP310HIE,H-HIP311GLN","H-ASP309ASH,H-HIP310HIE,H-HIP311GLN",H-ASP309ASH,0.048223353983279524,-5.215362011013994e-4,0.05138128669845965,0.00990432501708819,4.887460697197589e-4,0.010694364661654191,FALSE,FALSE,FALSE,FALSE,FALSE,FALSE,FALSE,FALSE,TRUE,FALSE,FALSE,FALSE,TRUE,FALSE,FALSE,FALSE
Holo results with H310/H435 titration,coupled_dhs,4449935_942363b,H-HIP311GLN,"H-HIP311GLN,H-HIP435HIE",H-HIP435HIE,0.07142647949787456,0.038508595730505364,0.03813454872151336,0.011162079972658903,0.003641463773069062,0.004268377648667087,TRUE,FALSE,FALSE,FALSE,FALSE,FALSE,FALSE,FALSE,FALSE,FALSE,FALSE,FALSE,TRUE,FALSE,FALSE,FALSE
Holo results with H310/H435 titration,coupled_dhs,4449935_e141bd4,H-HIP311GLN,"H-ASP309LEU,H-HIP311GLN",H-ASP309LEU,-0.07372679419492499,0.009450104359368999,-0.08452838037272487,0.012398892002734089,7.57200615174297e-4,0.01628746411483253,TRUE,FALSE,FALSE,FALSE,FALSE,FALSE,FALSE,FALSE,TRUE,FALSE,FALSE,FALSE,TRUE,FALSE,FALSE,FALSE
Holo results with H310/H435 titration,coupled_dhs,4a17802_5ed8a31,"H-HIP310HID,H-HIP311GLN,H-HIP435HIE","H-ASP309LEU,H-HIP310HID,H-HIP311GLN,H-HIP435HIE",H-ASP309LEU,0.09978540248795897,0.020800662939007876,0.07626909744302572,0.02226323786739574,0.004403963431305543,0.02339972214627475,TRUE,FALSE,FALSE,FALSE,FALSE,FALSE,FALSE,FALSE,TRUE,FALSE,FALSE,FALSE,TRUE,FALSE,FALSE,FALSE
Holo results with H310/H435 titration,coupled_dhs,4a17802_b0beb93,"H-HIP310HID,H-HIP311GLN,H-HIP435HIE","H-ASP309ASH,H-HIP310HID,H-HIP311GLN,H-HIP435HIE",H-ASP309ASH,0.08135370393922778,0.03924428426631958,0.035712743682157794,0.014037918660287125,0.00747410628844838,0.007260457963089583,TRUE,FALSE,FALSE,FALSE,FALSE,FALSE,FALSE,FALSE,FALSE,FALSE,FALSE,FALSE,TRUE,FALSE,FALSE,FALSE
Holo results with H310/H435 titration,coupled_dhs,4b45e73_5ed8a31,"H-ASP309LEU,H-HIP310HID,H-HIP311GLN","H-ASP309LEU,H-HIP310HID,H-HIP311GLN,H-HIP435HIE",H-HIP435HIE,-0.0335584028749359,0.0714271653477789,-0.10278150526288166,0.0030862887901572183,0.013194869446343158,0.024702875256322646,FALSE,FALSE,FALSE,FALSE,TRUE,FALSE,FALSE,FALSE,TRUE,TRUE,FALSE,FALSE,TRUE,TRUE,FALSE,FALSE
Holo results with H310/H435 titration,coupled_dhs,5134ed6_2b4e979,"H-HIP310HID,H-HIP435HIE","H-ASP309LEU,H-HIP310HID,H-HIP435HIE",H-ASP309LEU,0.2078850568879766,0.033558402874930435,0.16906316599870755,0.09892064319890632,0.007667619617224916,0.06359793028024603,TRUE,TRUE,TRUE,FALSE,FALSE,FALSE,FALSE,FALSE,TRUE,TRUE,FALSE,FALSE,TRUE,TRUE,TRUE,FALSE
Holo results with H310/H435 titration,coupled_dhs,5134ed6_7b711a0,"H-HIP310HID,H-HIP435HIE","H-ASP309ASH,H-HIP310HID,H-HIP435HIE",H-ASP309ASH,0.05940515256395634,0.04166897031033584,0.017311182356221345,0.007567259398496211,0.005236877648667129,0.003628922761449066,TRUE,FALSE,FALSE,FALSE,FALSE,FALSE,FALSE,FALSE,FALSE,FALSE,FALSE,FALSE,TRUE,FALSE,FALSE,FALSE
Holo results with H310/H435 titration,coupled_dhs,5134ed6_fc2ca80,"H-HIP310HID,H-HIP435HIE","H-HIP310HID,H-HIP311HIE,H-HIP435HIE",H-HIP311HIE,0.12632069264001206,0.1808440176573193,-0.04786432287193659,0.037708601503759355,0.06956453554340379,0.006117325017088185,TRUE,TRUE,FALSE,FALSE,TRUE,TRUE,FALSE,FALSE,FALSE,FALSE,FALSE,FALSE,TRUE,TRUE,FALSE,FALSE
Holo results with H310/H435 titration,coupled_dhs,5605d59_81a19ee,"H-ASP309ASH,H-HIP310HID,H-HIP311HIE,H-HIP435HIE","H-ASP309ASH,H-HIP310HIE,H-HIP311HIE,H-HIP435HIE",H-HID310HIE,-0.08638053081615418,-0.006446989098054832,-0.07707193004768963,0.01707227204374573,0.0023994227614490757,0.0209972006151743,TRUE,FALSE,FALSE,FALSE,FALSE,FALSE,FALSE,FALSE,TRUE,FALSE,FALSE,FALSE,TRUE,FALSE,FALSE,FALSE
Holo results with H310/H435 titration,coupled_dhs,5683b07_6e02202,"H-HIP310HIE,H-HIP435HIE","H-HIP310HIE,H-HIP311HIE,H-HIP435HIE",H-HIP311HIE,-0.023352546991323685,0.056657043814818855,-0.07890412395282648,0.005334390977443516,0.006864721120984287,0.016223341421736034,FALSE,FALSE,FALSE,FALSE,TRUE,FALSE,FALSE,FALSE,TRUE,FALSE,FALSE,FALSE,TRUE,FALSE,FALSE,FALSE
Holo results with H310/H435 titration,coupled_dhs,5683b07_bc9cf32,"H-HIP310HIE,H-HIP435HIE","H-ASP309ASH,H-HIP310HIE,H-HIP435HIE",H-ASP309ASH,0.05429548110615423,-0.016706564201805784,0.07260253120298651,0.010987150375939801,7.651889952153112e-4,0.01526031305536561,TRUE,FALSE,FALSE,FALSE,FALSE,FALSE,FALSE,FALSE,TRUE,FALSE,FALSE,FALSE,TRUE,FALSE,FALSE,FALSE
Holo results with H310/H435 titration,coupled_dhs,5683b07_c913512,"H-HIP310HIE,H-HIP435HIE","H-ASP309LEU,H-HIP310HIE,H-HIP435HIE",H-ASP309LEU,0.06659623889429878,-0.04576145846581533,0.11004541202493745,0.011538677033492829,0.004653703007518798,0.029475669514695844,TRUE,FALSE,FALSE,FALSE,FALSE,FALSE,FALSE,FALSE,TRUE,TRUE,FALSE,FALSE,TRUE,TRUE,FALSE,FALSE
Holo results with H310/H435 titration,coupled_dhs,5683b07_fb6af6b,"H-HIP310HIE,H-HIP435HIE","H-HIP310HIE,H-HIP311GLN,H-HIP435HIE",H-HIP311GLN,-0.005084606496171813,0.009914982667586525,-0.011621957705605257,5.537593984962061e-4,5.205618591934472e-4,9.858513328775786e-4,FALSE,FALSE,FALSE,FALSE,FALSE,FALSE,FALSE,FALSE,FALSE,FALSE,FALSE,FALSE,FALSE,FALSE,FALSE,FALSE
Holo results with H310/H435 titration,coupled_dhs,589f577_3259f73,"H-ASP309ASH,H-HIP311HID,H-HIP435HID","H-ASP309ASH,H-HIP311HID,H-HIP435HIE",H-HID435HIE,-0.0770317884174562,-0.015945147564843158,-0.07892719385526104,0.02264079425837319,0.006530118250170884,0.01582941490088858,TRUE,FALSE,FALSE,FALSE,FALSE,FALSE,FALSE,FALSE,TRUE,FALSE,FALSE,FALSE,TRUE,FALSE,FALSE,FALSE
Holo results with H310/H435 titration,coupled_dhs,589f577_fe82979,"H-ASP309ASH,H-HIP311HID,H-HIP435HID","H-ASP309ASH,H-HIP310HID,H-HIP311HID,H-HIP435HID",H-HIP310HID,-0.23835962291569188,-0.15032335458559856,-0.08825249018817213,0.12540969856459316,0.05576057518797002,0.025010115857826344,TRUE,TRUE,TRUE,FALSE,TRUE,TRUE,FALSE,FALSE,TRUE,FALSE,FALSE,FALSE,TRUE,TRUE,TRUE,FALSE
Holo results with H310/H435 titration,coupled_dhs,5ec6a60_1cf4924,"H-HIP310HIE,H-HIP435HID","H-ASP309ASH,H-HIP310HIE,H-HIP435HID",H-ASP309ASH,0.009386965839141148,-0.010297047222352026,0.02088032282227008,0.0014154036226930865,0.0011485369104579635,0.0035056958304852948,FALSE,FALSE,FALSE,FALSE,FALSE,FALSE,FALSE,FALSE,FALSE,FALSE,FALSE,FALSE,FALSE,FALSE,FALSE,FALSE
Holo results with H310/H435 titration,coupled_dhs,5ec6a60_c92da70,"H-HIP310HIE,H-HIP435HID","H-HIP310HIE,H-HIP311HID,H-HIP435HID",H-HIP311HID,-0.11523594782314484,-0.031157031654715596,-0.07352649151477206,0.028118485304169456,0.003012831168831199,0.01706950888585085,TRUE,TRUE,FALSE,FALSE,FALSE,FALSE,FALSE,FALSE,TRUE,FALSE,FALSE,FALSE,TRUE,TRUE,FALSE,FALSE
Holo results with H310/H435 titration,coupled_dhs,5fd3cc2_66c2e05,"H-ASP309ASH,H-HIP310HID,H-HIP311GLN","H-ASP309ASH,H-HIP310HID,H-HIP311GLN,H-HIP435HID",H-HIP435HID,0.12267057630696561,-0.001694868832068713,0.12616718492269954,0.03325758065618586,1.874938482570156e-4,0.03462291490088853,TRUE,TRUE,FALSE,FALSE,FALSE,FALSE,FALSE,FALSE,TRUE,TRUE,FALSE,FALSE,TRUE,TRUE,FALSE,FALSE
Holo results with H310/H435 titration,coupled_dhs,66c2e05_815c104,"H-ASP309ASH,H-HIP310HID,H-HIP311GLN,H-HIP435HID","H-ASP309ASH,H-HIP310HIE,H-HIP311GLN,H-HIP435HID",H-HID310HIE,0.03190501684644628,0.04696654191813782,-0.02192570749101249,0.003617410799726591,0.005931530416951471,0.0044907077922077925,FALSE,FALSE,FALSE,FALSE,FALSE,FALSE,FALSE,FALSE,FALSE,FALSE,FALSE,FALSE,FALSE,FALSE,FALSE,FALSE
Holo results with H310/H435 titration,coupled_dhs,6d05828_7761dd5,H-HIP435HIE,"H-ASP309LEU,H-HIP435HIE",H-ASP309LEU,0.0535105383890887,0.035844019466580876,0.01789522301324285,0.006611632604237849,0.0035033581681476354,0.002286432672590558,TRUE,FALSE,FALSE,FALSE,FALSE,FALSE,FALSE,FALSE,FALSE,FALSE,FALSE,FALSE,TRUE,FALSE,FALSE,FALSE
Holo results with H310/H435 titration,coupled_dhs,6e02202_8c0f0e4,"H-HIP310HIE,H-HIP311HIE,H-HIP435HIE","H-ASP309LEU,H-HIP310HIE,H-HIP311HIE,H-HIP435HIE",H-ASP309LEU,0.18903840580521508,-0.04610167845931185,0.228296339225293,0.07558991866028703,0.006436470950102551,0.11494008578263845,TRUE,TRUE,FALSE,FALSE,FALSE,FALSE,FALSE,FALSE,TRUE,TRUE,TRUE,FALSE,TRUE,TRUE,TRUE,FALSE
Holo results with H310/H435 titration,coupled_dhs,6e6fcdd_89e1fbf,"H-HIP310HID,H-HIP311HID,H-HIP435HID","H-ASP309LEU,H-HIP310HID,H-HIP311HID,H-HIP435HID",H-ASP309LEU,0.08975893914317681,-0.027305643821400837,0.08542138913618781,0.024363826384142168,0.006270741626794242,0.03709904647983596,TRUE,FALSE,FALSE,FALSE,FALSE,FALSE,FALSE,FALSE,TRUE,FALSE,FALSE,FALSE,TRUE,FALSE,FALSE,FALSE
Holo results with H310/H435 titration,coupled_dhs,72b240c_8f3b16d,"H-ASP309LEU,H-HIP310HIE,H-HIP311HID","H-ASP309LEU,H-HIP310HIE,H-HIP311HID,H-HIP435HIE",H-HIP435HIE,0.016036123790256023,0.007284962523797407,0.014131244028403787,0.002184422077922096,8.251326042378519e-4,0.0028548086124402213,FALSE,FALSE,FALSE,FALSE,FALSE,FALSE,FALSE,FALSE,FALSE,FALSE,FALSE,FALSE,FALSE,FALSE,FALSE,FALSE
Holo results with H310/H435 titration,coupled_dhs,7761dd5_af836a1,"H-ASP309LEU,H-HIP435HIE","H-ASP309LEU,H-HIP311GLN,H-HIP435HIE",H-HIP311GLN,-0.008300455020424173,-0.007203192536290073,8.554290803399105e-4,8.29413533834623e-4,2.613725222146533e-4,8.493048530417344e-4,FALSE,FALSE,FALSE,FALSE,FALSE,FALSE,FALSE,FALSE,FALSE,FALSE,FALSE,FALSE,FALSE,FALSE,FALSE,FALSE
Holo results with H310/H435 titration,coupled_dhs,7761dd5_c913512,"H-ASP309LEU,H-HIP435HIE","H-ASP309LEU,H-HIP310HIE,H-HIP435HIE",H-HIP310HIE,-0.1030310994869854,0.05219955839167295,-0.1503781928782666,0.024108826384142135,0.0066295068352699785,0.05043612132604228,TRUE,TRUE,FALSE,FALSE,TRUE,FALSE,FALSE,FALSE,TRUE,TRUE,FALSE,FALSE,TRUE,TRUE,FALSE,FALSE
Holo results with H310/H435 titration,coupled_dhs,7761dd5_de21a53,"H-ASP309LEU,H-HIP435HIE","H-ASP309LEU,H-HIP311HID,H-HIP435HIE",H-HIP311HID,-0.022489348338133368,-0.013363817731797761,-0.016385284120997788,0.004992563909774442,0.0011291332877648717,0.0023916934381407982,FALSE,FALSE,FALSE,FALSE,FALSE,FALSE,FALSE,FALSE,FALSE,FALSE,FALSE,FALSE,FALSE,FALSE,FALSE,FALSE
Holo results with H310/H435 titration,coupled_dhs,7b711a0_9329751,"H-ASP309ASH,H-HIP310HID,H-HIP435HIE","H-ASP309ASH,H-HIP310HID,H-HIP311HID,H-HIP435HIE",H-HIP311HID,0.056751623548751635,-0.044177998037581656,0.10004711017526459,0.007423875256322572,0.0054284709501025525,0.02307896172248801,TRUE,FALSE,FALSE,FALSE,FALSE,FALSE,FALSE,FALSE,TRUE,TRUE,FALSE,FALSE,TRUE,TRUE,FALSE,FALSE
Holo results with H310/H435 titration,coupled_dhs,7b711a0_b0beb93,"H-ASP309ASH,H-HIP310HID,H-HIP435HIE","H-ASP309ASH,H-HIP310HID,H-HIP311GLN,H-HIP435HIE",H-HIP311GLN,0.026400841422586918,-0.08703649943498053,0.09902271151352116,0.0020579866712234557,0.019098083732057333,0.0274709938482568,FALSE,FALSE,FALSE,FALSE,TRUE,FALSE,FALSE,FALSE,TRUE,FALSE,FALSE,FALSE,TRUE,FALSE,FALSE,FALSE
Holo results with H310/H435 titration,coupled_dhs,7c79e0d_8c0f0e4,"H-ASP309LEU,H-HIP310HIE,H-HIP311HIE","H-ASP309LEU,H-HIP310HIE,H-HIP311HIE,H-HIP435HIE",H-HIP435HIE,0.08135370393922725,-0.030813204271454068,0.11153296208022503,0.0163013431305537,0.0025218646616541763,0.030761805536568928,TRUE,FALSE,FALSE,FALSE,FALSE,FALSE,FALSE,FALSE,TRUE,TRUE,FALSE,FALSE,TRUE,TRUE,FALSE,FALSE
Holo results with H310/H435 titration,coupled_dhs,7cbe88e_1a49e26,H-HIP435HID,"H-HIP311HID,H-HIP435HID",H-HIP311HID,-0.03813454872151892,-0.006101527795442309,-0.032549070540612665,0.0033176589200273553,5.67437115516091e-4,0.0032332330827067497,FALSE,FALSE,FALSE,FALSE,FALSE,FALSE,FALSE,FALSE,FALSE,FALSE,FALSE,FALSE,FALSE,FALSE,FALSE,FALSE
Holo results with H310/H435 titration,coupled_dhs,7cbe88e_879b2ac,H-HIP435HID,"H-HIP311GLN,H-HIP435HID",H-HIP311GLN,-0.10169212992402643,0.027789795742930577,-0.12688404392794803,0.02625368591934389,0.0019549589883800273,0.04037636944634308,TRUE,TRUE,FALSE,FALSE,FALSE,FALSE,FALSE,FALSE,TRUE,TRUE,FALSE,FALSE,TRUE,TRUE,FALSE,FALSE
Holo results with H310/H435 titration,coupled_dhs,7cbe88e_f4b91fc,H-HIP435HID,"H-ASP309LEU,H-HIP435HID",H-ASP309LEU,0.028506600291608605,-0.05796451405670028,0.09056581453234659,0.005223906015037559,0.007880984278879028,0.023209615857826316,FALSE,FALSE,FALSE,FALSE,TRUE,FALSE,FALSE,FALSE,TRUE,FALSE,FALSE,FALSE,TRUE,FALSE,FALSE,FALSE
Holo results with H310/H435 titration,coupled_dhs,7d51d46_6e02202,"H-HIP311HIE,H-HIP435HIE","H-HIP310HIE,H-HIP311HIE,H-HIP435HIE",H-HIP310HIE,-0.36064387505201956,-0.06491552816748777,-0.2952703629579988,0.2740333612440192,0.012145384483937111,0.19328076486671245,TRUE,TRUE,TRUE,FALSE,TRUE,FALSE,FALSE,FALSE,TRUE,TRUE,TRUE,FALSE,TRUE,TRUE,TRUE,FALSE
Holo results with H310/H435 titration,coupled_dhs,7d51d46_fc2ca80,"H-HIP311HIE,H-HIP435HIE","H-HIP310HID,H-HIP311HIE,H-HIP435HIE",H-HIP310HID,-0.20180674187065295,-0.022955502857852104,-0.17541892411897336,0.09183401161995897,0.0074622296650717354,0.07976820061517435,TRUE,TRUE,TRUE,FALSE,FALSE,FALSE,FALSE,FALSE,TRUE,TRUE,FALSE,FALSE,TRUE,TRUE,TRUE,FALSE
Holo results with H310/H435 titration,coupled_dhs,8795733_21a67c2,"H-ASP309LEU,H-HIP311HIE","H-ASP309LEU,H-HIP310HID,H-HIP311HIE",H-HIP310HID,-0.14247951681749413,-0.02097400179683213,-0.13394584600310916,0.09123272214627473,0.0032929220779220987,0.06572351606288442,TRUE,TRUE,FALSE,FALSE,FALSE,FALSE,FALSE,FALSE,TRUE,TRUE,FALSE,FALSE,TRUE,TRUE,FALSE,FALSE
Holo results with H310/H435 titration,coupled_dhs,879b2ac_3f87758,"H-HIP311GLN,H-HIP435HID","H-ASP309ASH,H-HIP311GLN,H-HIP435HID",H-ASP309ASH,-0.008580273462339902,0.015253819488596883,-0.019588367573101274,0.0012198814080656292,0.0016957235133287791,0.00222511961722489,FALSE,FALSE,FALSE,FALSE,FALSE,FALSE,FALSE,FALSE,FALSE,FALSE,FALSE,FALSE,FALSE,FALSE,FALSE,FALSE
Holo results with H310/H435 titration,coupled_dhs,879b2ac_8d0a725,"H-HIP311GLN,H-HIP435HID","H-HIP310HID,H-HIP311GLN,H-HIP435HID",H-HIP310HID,-0.005753056919192739,-0.05529509564619299,0.04726223748001619,0.0019263988380041196,0.007400475393028041,0.00744459330143536,FALSE,FALSE,FALSE,FALSE,TRUE,FALSE,FALSE,FALSE,FALSE,FALSE,FALSE,FALSE,TRUE,FALSE,FALSE,FALSE
Holo results with H310/H435 titration,coupled_dhs,89e1fbf_c2e06aa,"H-ASP309LEU,H-HIP310HID,H-HIP311HID,H-HIP435HID","H-ASP309LEU,H-HIP310HIE,H-HIP311HID,H-HIP435HID",H-HID310HIE,0.050748284067859604,0.0909187460420825,-0.032445120081609935,0.010368606971975391,0.02417816199589884,0.016459961722488037,TRUE,FALSE,FALSE,FALSE,TRUE,FALSE,FALSE,FALSE,FALSE,FALSE,FALSE,FALSE,TRUE,FALSE,FALSE,FALSE
Holo results with H310/H435 titration,coupled_dhs,8d0a725_987a585,"H-HIP310HID,H-HIP311GLN,H-HIP435HID","H-HIP310HIE,H-HIP311GLN,H-HIP435HID",H-HID310HIE,0.13325083211979954,0.13165850433874612,-0.004867355127727701,0.03767288858509911,0.038080409090909095,0.0031312785372522257,TRUE,TRUE,FALSE,FALSE,TRUE,TRUE,FALSE,FALSE,FALSE,FALSE,FALSE,FALSE,TRUE,TRUE,FALSE,FALSE
Holo results with H310/H435 titration,coupled_dhs,8fc5314_25e3b79,"H-ASP309ASH,H-HIP310HIE,H-HIP311HID","H-ASP309ASH,H-HIP310HIE,H-HIP311HID,H-HIP435HID",H-HIP435HID,-0.05866853649463827,0.004835241823540483,-0.06699238435139748,0.011530934039644532,9.123151059466941e-4,0.013962252221462747,TRUE,FALSE,FALSE,FALSE,FALSE,FALSE,FALSE,FALSE,TRUE,FALSE,FALSE,FALSE,TRUE,FALSE,FALSE,FALSE
Holo results with H310/H435 titration,coupled_dhs,942363b_286e1a5,"H-HIP311GLN,H-HIP435HIE","H-ASP309ASH,H-HIP311GLN,H-HIP435HIE",H-ASP309ASH,0.09083902249062076,0.030973431600289224,0.06474583163369824,0.04723991831852367,0.002280699589883804,0.037723877648667206,TRUE,FALSE,FALSE,FALSE,FALSE,FALSE,FALSE,FALSE,TRUE,FALSE,FALSE,FALSE,TRUE,FALSE,FALSE,FALSE
Holo results with H310/H435 titration,coupled_dhs,942363b_4a17802,"H-HIP311GLN,H-HIP435HIE","H-HIP310HID,H-HIP311GLN,H-HIP435HIE",H-HIP310HID,-0.06375767963547031,-0.03157243481813525,-0.04376331259102515,0.01772317429938482,0.006418616883116958,0.0127882248803827,TRUE,FALSE,FALSE,FALSE,FALSE,FALSE,FALSE,FALSE,FALSE,FALSE,FALSE,FALSE,TRUE,FALSE,FALSE,FALSE
Holo results with H310/H435 titration,coupled_dhs,9600041_9df7a55,"H-ASP309ASH,H-HIP310HIE,H-HIP311GLN","H-ASP309ASH,H-HIP310HIE,H-HIP311GLN,H-HIP435HIE",H-HIP435HIE,-0.04305739043916331,-0.07408998037322473,0.0368414806901491,0.005685644565960406,0.01282038448393718,0.004601699589883782,FALSE,FALSE,FALSE,FALSE,TRUE,FALSE,FALSE,FALSE,FALSE,FALSE,FALSE,FALSE,TRUE,FALSE,FALSE,FALSE
Holo results with H310/H435 titration,coupled_dhs,987a585_13806ae,"H-HIP310HIE,H-HIP311GLN,H-HIP435HID","H-ASP309LEU,H-HIP310HIE,H-HIP311GLN,H-HIP435HID",H-ASP309LEU,0.11440364616453898,-0.015253819488607576,0.1427363857178894,0.029812193096377285,0.001608568010936437,0.036458138414217384,TRUE,TRUE,FALSE,FALSE,FALSE,FALSE,FALSE,FALSE,TRUE,TRUE,FALSE,FALSE,TRUE,TRUE,FALSE,FALSE
Holo results with H310/H435 titration,coupled_dhs,9b49228_4b45e73,"H-HIP310HID,H-HIP311GLN","H-ASP309LEU,H-HIP310HID,H-HIP311GLN",H-ASP309LEU,0.0922399768221209,0.0235740846642079,0.06524687480816735,0.02350056801093638,0.0016275488721804504,0.0165025191387559,TRUE,FALSE,FALSE,FALSE,FALSE,FALSE,FALSE,FALSE,TRUE,FALSE,FALSE,FALSE,TRUE,FALSE,FALSE,FALSE
Holo results with H310/H435 titration,coupled_dhs,9b5713b_d398ba9,"H-ASP309LEU,H-HIP310HIE,H-HIP311GLN","H-ASP309LEU,H-HIP310HIE,H-HIP311GLN,H-HIP435HIE",H-HIP435HIE,-0.06101527795438712,-0.02520656825517522,-0.0406768519696004,0.013679331852358234,0.0016520953520163981,0.010298762474367775,TRUE,FALSE,FALSE,FALSE,FALSE,FALSE,FALSE,FALSE,FALSE,FALSE,FALSE,FALSE,TRUE,FALSE,FALSE,FALSE
Holo results with H310/H435 titration,coupled_dhs,9b5c214_89e1fbf,"H-ASP309LEU,H-HIP310HID,H-HIP311HID","H-ASP309LEU,H-HIP310HID,H-HIP311HID,H-HIP435HID",H-HIP435HID,0.12111760342900132,0.003300534041393227,0.10882897442944436,0.031722023581681545,0.004967403964456734,0.028909620642515493,TRUE,TRUE,FALSE,FALSE,FALSE,FALSE,FALSE,FALSE,TRUE,TRUE,FALSE,FALSE,TRUE,TRUE,FALSE,FALSE
Holo results with H310/H435 titration,coupled_dhs,a28f9ce_20dd2bc,"H-ASP309LEU,H-HIP310HID,H-HIP435HID","H-ASP309LEU,H-HIP310HIE,H-HIP435HID",H-HID310HIE,-0.07671357106832732,0.035184825081088444,-0.11777643514035253,0.015191733082706757,0.003701054340396449,0.029191355092276137,TRUE,FALSE,FALSE,FALSE,FALSE,FALSE,FALSE,FALSE,TRUE,TRUE,FALSE,FALSE,TRUE,TRUE,FALSE,FALSE
Holo results with H310/H435 titration,coupled_dhs,a28f9ce_89e1fbf,"H-ASP309LEU,H-HIP310HID,H-HIP435HID","H-ASP309LEU,H-HIP310HID,H-HIP311HID,H-HIP435HID",H-HIP311HID,0.009229853487172406,0.03318827343145811,-0.02202118861093065,0.007476973000683586,0.00549595146958307,0.005311121667805881,FALSE,FALSE,FALSE,FALSE,FALSE,FALSE,FALSE,FALSE,FALSE,FALSE,FALSE,FALSE,FALSE,FALSE,FALSE,FALSE
Holo results with H310/H435 titration,coupled_dhs,a28f9ce_a62b9d8,"H-ASP309LEU,H-HIP310HID,H-HIP435HID","H-ASP309LEU,H-HIP310HID,H-HIP311HIE,H-HIP435HID",H-HIP311HIE,0.04025386154925989,-0.21267311921848928,0.24189686659570026,0.005243462747778565,0.09927758373205717,0.1405392378673959,FALSE,FALSE,FALSE,FALSE,TRUE,TRUE,TRUE,FALSE,TRUE,TRUE,TRUE,FALSE,TRUE,TRUE,TRUE,FALSE
Holo results with H310/H435 titration,coupled_dhs,a28f9ce_ea9ff26,"H-ASP309LEU,H-HIP310HID,H-HIP435HID","H-ASP309LEU,H-HIP310HID,H-HIP311GLN,H-HIP435HID",H-HIP311GLN,0.04268484063675774,0.072108964855225,-0.030382607669782024,0.005415805536568771,0.012924642173616033,0.0027433585099112547,FALSE,FALSE,FALSE,FALSE,TRUE,FALSE,FALSE,FALSE,FALSE,FALSE,FALSE,FALSE,TRUE,FALSE,FALSE,FALSE
Holo results with H310/H435 titration,coupled_dhs,a40799e_3e79ed0,"H-HIP310HIE,H-HIP311HIE","H-ASP309ASH,H-HIP310HIE,H-HIP311HIE",H-ASP309ASH,0.1819017974016155,0.09888213341520358,0.08336432357534562,0.07527157142857134,0.022407155160628838,0.022410820574162632,TRUE,TRUE,FALSE,FALSE,TRUE,FALSE,FALSE,FALSE,TRUE,FALSE,FALSE,FALSE,TRUE,TRUE,FALSE,FALSE
Holo results with H310/H435 titration,coupled_dhs,a55737b_3d13d9f,"H-HIP310HID,H-HIP435HID","H-ASP309ASH,H-HIP310HID,H-HIP435HID",H-ASP309ASH,0.043737209464497745,-0.018449340187924934,0.059476969039891324,0.009667602529049898,0.0039755256322624635,0.010458809637730668,FALSE,FALSE,FALSE,FALSE,FALSE,FALSE,FALSE,FALSE,TRUE,FALSE,FALSE,FALSE,TRUE,FALSE,FALSE,FALSE
Holo results with H310/H435 titration,coupled_dhs,a55737b_5ec6a60,"H-HIP310HID,H-HIP435HID","H-HIP310HIE,H-HIP435HID",H-HID310HIE,0.04203880013823939,0.050846064962017365,0.0027449276663805006,0.01940416951469584,0.007160832535885169,0.020243339371155175,FALSE,FALSE,FALSE,FALSE,TRUE,FALSE,FALSE,FALSE,FALSE,FALSE,FALSE,FALSE,TRUE,FALSE,FALSE,FALSE
Holo results with H310/H435 titration,coupled_dhs,a55737b_6e6fcdd,"H-HIP310HID,H-HIP435HID","H-HIP310HID,H-HIP311HID,H-HIP435HID",H-HIP311HID,-0.10982750031796154,-0.04816378370769615,-0.05749516576474202,0.02556242993848276,0.01576309569377998,0.01577180553656873,TRUE,TRUE,FALSE,FALSE,FALSE,FALSE,FALSE,FALSE,TRUE,FALSE,FALSE,FALSE,TRUE,TRUE,FALSE,FALSE
Holo results with H310/H435 titration,coupled_dhs,a55737b_8d0a725,"H-HIP310HID,H-HIP435HID","H-HIP310HID,H-HIP311GLN,H-HIP435HID",H-HIP311GLN,-0.009340303886860114,-0.07626909744304704,0.03885027045704126,0.006245272385509131,0.02630574094326703,0.026213579972658625,FALSE,FALSE,FALSE,FALSE,TRUE,FALSE,FALSE,FALSE,FALSE,FALSE,FALSE,FALSE,TRUE,FALSE,FALSE,FALSE
Holo results with H310/H435 titration,coupled_dhs,a62b9d8_9c93095,"H-ASP309LEU,H-HIP310HID,H-HIP311HIE,H-HIP435HID","H-ASP309LEU,H-HIP310HIE,H-HIP311HIE,H-HIP435HID",H-HID310HIE,NA,NA,NA,NA,NA,NA,NA,NA,NA,NA,NA,NA,NA,NA,NA,NA,NA,NA,NA,NA,NA,NA
Holo results with H310/H435 titration,coupled_dhs,a85bf7f_1cf4924,"H-ASP309ASH,H-HIP435HID","H-ASP309ASH,H-HIP310HIE,H-HIP435HID",H-HIP310HIE,-0.20222350600774447,-0.060252586979991,-0.15486715800144985,0.08964647368421066,0.012948745727956248,0.05212937730690362,TRUE,TRUE,TRUE,FALSE,TRUE,FALSE,FALSE,FALSE,TRUE,TRUE,FALSE,FALSE,TRUE,TRUE,TRUE,FALSE
Holo results with H310/H435 titration,coupled_dhs,a85bf7f_3f87758,"H-ASP309ASH,H-HIP435HID","H-ASP309ASH,H-HIP311GLN,H-HIP435HID",H-HIP311GLN,-0.0665125960168753,0.009352726772011972,-0.07828842202166425,0.010661348940533008,5.048526999316376e-4,0.013982327067668983,TRUE,FALSE,FALSE,FALSE,FALSE,FALSE,FALSE,FALSE,TRUE,FALSE,FALSE,FALSE,TRUE,FALSE,FALSE,FALSE
Holo results with H310/H435 titration,coupled_dhs,a85bf7f_589f577,"H-ASP309ASH,H-HIP435HID","H-ASP309ASH,H-HIP311HID,H-HIP435HID",H-HIP311HID,-0.022945364061249623,-0.012203055590892874,-0.010030701298195263,0.002334104579630828,6.468660287081327e-4,0.0026472529049896562,FALSE,FALSE,FALSE,FALSE,FALSE,FALSE,FALSE,FALSE,FALSE,FALSE,FALSE,FALSE,FALSE,FALSE,FALSE,FALSE
Holo results with H310/H435 titration,coupled_dhs,a85bf7f_c3a9abb,"H-ASP309ASH,H-HIP435HID","H-ASP309ASH,H-HIP435HIE",H-HID435HIE,-0.09039145229923476,0.02317993876903043,-0.11007081773534316,0.019353925153793576,0.0015442672590567329,0.029783308270676687,TRUE,FALSE,FALSE,FALSE,FALSE,FALSE,FALSE,FALSE,TRUE,TRUE,FALSE,FALSE,TRUE,TRUE,FALSE,FALSE
Holo results with H310/H435 titration,coupled_dhs,a9a5d77_a40799e,"H-HIP310HID,H-HIP311HIE","H-HIP310HIE,H-HIP311HIE",H-HID310HIE,0.031582064754681796,0.010951460145665101,0.027586858271344203,0.02590855434039645,0.0013908007518797008,0.03118616712235134,FALSE,FALSE,FALSE,FALSE,FALSE,FALSE,FALSE,FALSE,FALSE,FALSE,FALSE,FALSE,FALSE,FALSE,FALSE,FALSE
Holo results with H310/H435 titration,coupled_dhs,a9a5d77_b4179f1,"H-HIP310HID,H-HIP311HIE","H-HIP310HID,H-HIP311HIE,H-HIP435HID",H-HIP435HID,0.008084707448042922,0.03763501690152497,-0.028771317113158335,8.640430622009417e-4,0.004203394053315051,0.004501317498291114,FALSE,FALSE,FALSE,FALSE,FALSE,FALSE,FALSE,FALSE,FALSE,FALSE,FALSE,FALSE,FALSE,FALSE,FALSE,FALSE
Holo results with H310/H435 titration,coupled_dhs,a9a5d77_ba37300,"H-HIP310HID,H-HIP311HIE","H-ASP309ASH,H-HIP310HID,H-HIP311HIE",H-ASP309ASH,0.13728437539744565,-0.0228807292329083,0.1695693259214054,0.053493906356800944,0.0022474747095010228,0.07352501606288425,TRUE,TRUE,FALSE,FALSE,FALSE,FALSE,FALSE,FALSE,TRUE,TRUE,FALSE,FALSE,TRUE,TRUE,FALSE,FALSE
Holo results with H310/H435 titration,coupled_dhs,a9ac97c_03260d0,"H-HIP310HIE,H-HIP311HIE,H-HIP435HID","H-ASP309ASH,H-HIP310HIE,H-HIP311HIE,H-HIP435HID",H-ASP309ASH,0.08152081654497581,0.13935328424762575,-0.04219319152661987,0.015902835953520194,0.046148027341079985,0.01228783014354066,TRUE,FALSE,FALSE,FALSE,TRUE,TRUE,FALSE,FALSE,FALSE,FALSE,FALSE,FALSE,TRUE,TRUE,FALSE,FALSE
Holo results with H310/H435 titration,coupled_dhs,a9ac97c_9c93095,"H-HIP310HIE,H-HIP311HIE,H-HIP435HID","H-ASP309LEU,H-HIP310HIE,H-HIP311HIE,H-HIP435HID",H-ASP309LEU,0.08786863234979529,0.05742614395710195,0.03544887624106073,0.019826801093643192,0.015655794258373212,0.01936000922761447,TRUE,FALSE,FALSE,FALSE,TRUE,FALSE,FALSE,FALSE,FALSE,FALSE,FALSE,FALSE,TRUE,FALSE,FALSE,FALSE
Holo results with H310/H435 titration,coupled_dhs,af836a1_5ed8a31,"H-ASP309LEU,H-HIP311GLN,H-HIP435HIE","H-ASP309LEU,H-HIP310HID,H-HIP311GLN,H-HIP435HIE",H-HIP310HID,-0.19142313311466547,-0.0962983867352325,-0.09750480692716276,0.0782493526999317,0.020751612098427907,0.020860305536568743,TRUE,TRUE,FALSE,FALSE,TRUE,FALSE,FALSE,FALSE,TRUE,FALSE,FALSE,FALSE,TRUE,TRUE,FALSE,FALSE
Holo results with H310/H435 titration,coupled_dhs,b0beb93_9df7a55,"H-ASP309ASH,H-HIP310HID,H-HIP311GLN,H-HIP435HIE","H-ASP309ASH,H-HIP310HIE,H-HIP311GLN,H-HIP435HIE",H-HID310HIE,0.010451691131081377,0.22637929418825603,-0.20088168008822022,0.020940181476418324,0.1111701958304853,0.11589951674641148,FALSE,FALSE,FALSE,FALSE,TRUE,TRUE,TRUE,FALSE,TRUE,TRUE,TRUE,FALSE,TRUE,TRUE,TRUE,FALSE
Holo results with H310/H435 titration,coupled_dhs,b4179f1_40bc6f6,"H-HIP310HID,H-HIP311HIE,H-HIP435HID","H-ASP309ASH,H-HIP310HID,H-HIP311HIE,H-HIP435HID",H-ASP309ASH,0.24458773177621868,0.0071084907639875445,0.23204932669060607,0.13801363841421743,0.008594075187969945,0.16029948051948079,TRUE,TRUE,TRUE,FALSE,FALSE,FALSE,FALSE,FALSE,TRUE,TRUE,TRUE,FALSE,TRUE,TRUE,TRUE,FALSE
Holo results with H310/H435 titration,coupled_dhs,b4179f1_a9ac97c,"H-HIP310HID,H-HIP311HIE,H-HIP435HID","H-HIP310HIE,H-HIP311HIE,H-HIP435HID",H-HID310HIE,0.10802738559873754,0.1372843753974463,-0.03743284240512523,0.03050026486671223,0.04307356869446344,0.006538703349282307,TRUE,TRUE,FALSE,FALSE,TRUE,TRUE,FALSE,FALSE,FALSE,FALSE,FALSE,FALSE,TRUE,TRUE,FALSE,FALSE
Holo results with H310/H435 titration,coupled_dhs,b579c78_507e934,"H-HIP310HIE,H-HIP311HID,H-HIP435HIE","H-ASP309ASH,H-HIP310HIE,H-HIP311HID,H-HIP435HIE",H-ASP309ASH,0.17741727918926287,-0.11821710103668785,0.29047409244206146,0.10859433937115495,0.0430485991114149,0.27750163328776456,TRUE,TRUE,FALSE,FALSE,TRUE,TRUE,FALSE,FALSE,TRUE,TRUE,TRUE,FALSE,TRUE,TRUE,TRUE,FALSE
Holo results with H310/H435 titration,coupled_dhs,bc9cf32_507e934,"H-ASP309ASH,H-HIP310HIE,H-HIP435HIE","H-ASP309ASH,H-HIP310HIE,H-HIP311HID,H-HIP435HIE",H-HIP311HID,-0.07574572592391403,-0.03296793244311452,-0.05212877250992257,0.014890300068352635,0.003627279904306228,0.007166752221462758,TRUE,FALSE,FALSE,FALSE,FALSE,FALSE,FALSE,FALSE,TRUE,FALSE,FALSE,FALSE,TRUE,FALSE,FALSE,FALSE
Holo results with H310/H435 titration,coupled_dhs,bc9cf32_81a19ee,"H-ASP309ASH,H-HIP310HIE,H-HIP435HIE","H-ASP309ASH,H-HIP310HIE,H-HIP311HIE,H-HIP435HIE",H-HIP311HIE,0.05520941439990468,-5.127696381759998e-4,0.05939883754787635,0.007889598086124328,5.01825017088148e-4,0.00851218147641825,TRUE,FALSE,FALSE,FALSE,FALSE,FALSE,FALSE,FALSE,TRUE,FALSE,FALSE,FALSE,TRUE,FALSE,FALSE,FALSE
Holo results with H310/H435 titration,coupled_dhs,be6a7b8_2791db8,"H-HIP311HID,H-HIP435HIE","H-HIP310HID,H-HIP311HID,H-HIP435HIE",H-HIP310HID,-0.2839943060992153,-0.05932288990226067,-0.2211803825847747,0.17172860150375974,0.009263142857142904,0.1132453383458649,TRUE,TRUE,TRUE,FALSE,TRUE,FALSE,FALSE,FALSE,TRUE,TRUE,TRUE,FALSE,TRUE,TRUE,TRUE,FALSE
Holo results with H310/H435 titration,coupled_dhs,be6a7b8_3259f73,"H-HIP311HID,H-HIP435HIE","H-ASP309ASH,H-HIP311HID,H-HIP435HIE",H-ASP309ASH,-0.042594537609345035,-0.10054361259395621,0.060099682546942035,0.007349941216678068,0.022426772043745713,0.011384390977443608,FALSE,FALSE,FALSE,FALSE,TRUE,TRUE,FALSE,FALSE,TRUE,FALSE,FALSE,FALSE,TRUE,TRUE,FALSE,FALSE
Holo results with H310/H435 titration,coupled_dhs,be6a7b8_b579c78,"H-HIP311HID,H-HIP435HIE","H-HIP310HIE,H-HIP311HID,H-HIP435HIE",H-HIP310HIE,-0.1251710481564971,-0.025233050580675657,-0.08704255504545366,0.03602217669172921,0.01619551537935752,0.025876985304169455,TRUE,TRUE,FALSE,FALSE,FALSE,FALSE,FALSE,FALSE,TRUE,FALSE,FALSE,FALSE,TRUE,TRUE,FALSE,FALSE
Holo results with H310/H435 titration,coupled_dhs,be6a7b8_de21a53,"H-HIP311HID,H-HIP435HIE","H-ASP309LEU,H-HIP311HID,H-HIP435HIE",H-ASP309LEU,0.054011232505901965,-0.033332420363989215,0.08830875764544824,0.006929011619959013,0.00511224846206427,0.01940496992481208,TRUE,FALSE,FALSE,FALSE,FALSE,FALSE,FALSE,FALSE,TRUE,FALSE,FALSE,FALSE,TRUE,FALSE,FALSE,FALSE
Holo results with H310/H435 titration,coupled_dhs,bfc6ad4_f23925a,H-ASP309ASH,"H-ASP309ASH,H-HIP310HID",H-HIP310HID,-0.24507803311692308,0.06402883741435586,-0.30281346050731284,0.14995107279562564,0.00933532262474366,0.23123801161995913,TRUE,TRUE,TRUE,FALSE,TRUE,FALSE,FALSE,FALSE,TRUE,TRUE,TRUE,FALSE,TRUE,TRUE,TRUE,FALSE
Holo results with H310/H435 titration,coupled_dhs,c0166cb_2d8ef0a,"H-ASP309ASH,H-HIP311GLN","H-ASP309ASH,H-HIP311HIE",H-GLN311HIE,-0.002395953554542236,-0.056248459364230965,0.052812547388967776,0.002406036910457967,0.008016388585099073,0.010655451469582999,FALSE,FALSE,FALSE,FALSE,TRUE,FALSE,FALSE,FALSE,TRUE,FALSE,FALSE,FALSE,TRUE,FALSE,FALSE,FALSE
Holo results with H310/H435 titration,coupled_dhs,c0166cb_3f87758,"H-ASP309ASH,H-HIP311GLN","H-ASP309ASH,H-HIP311GLN,H-HIP435HID",H-HIP435HID,-0.021120673138067654,-0.05173684640700415,0.067391538520225,0.005749898838004115,0.009297015379357449,0.009284443609022518,FALSE,FALSE,FALSE,FALSE,TRUE,FALSE,FALSE,FALSE,TRUE,FALSE,FALSE,FALSE,TRUE,FALSE,FALSE,FALSE
Holo results with H310/H435 titration,coupled_dhs,c0166cb_5fd3cc2,"H-ASP309ASH,H-HIP311GLN","H-ASP309ASH,H-HIP310HID,H-HIP311GLN",H-HIP310HID,-0.06037942616505571,0.06759374458023451,-0.11315883129718073,0.010894822624743542,0.009862197197539266,0.0355332385509224,TRUE,FALSE,FALSE,FALSE,TRUE,FALSE,FALSE,FALSE,TRUE,TRUE,FALSE,FALSE,TRUE,TRUE,FALSE,FALSE
Holo results with H310/H435 titration,coupled_dhs,c0166cb_9600041,"H-ASP309ASH,H-HIP311GLN","H-ASP309ASH,H-HIP310HIE,H-HIP311GLN",H-HIP310HIE,0.013545282359504371,-0.07054891513479863,0.09553707995494813,0.003568905331510591,0.01576471975393018,0.024639688311688206,FALSE,FALSE,FALSE,FALSE,TRUE,FALSE,FALSE,FALSE,TRUE,FALSE,FALSE,FALSE,TRUE,FALSE,FALSE,FALSE
Holo results with H310/H435 titration,coupled_dhs,c0231f1_8c0f0e4,"H-ASP309LEU,H-HIP311HIE,H-HIP435HIE","H-ASP309LEU,H-HIP310HIE,H-HIP311HIE,H-HIP435HIE",H-HIP310HIE,-0.09950217147577706,-0.13728437539744423,0.02704213989523636,0.024585215311004747,0.047863932672590564,0.01835958817498285,TRUE,FALSE,FALSE,FALSE,TRUE,TRUE,FALSE,FALSE,FALSE,FALSE,FALSE,FALSE,TRUE,TRUE,FALSE,FALSE
Holo results with H310/H435 titration,coupled_dhs,c0231f1_d20bbbb,"H-ASP309LEU,H-HIP311HIE,H-HIP435HIE","H-ASP309LEU,H-HIP310HID,H-HIP311HIE,H-HIP435HIE",H-HIP310HID,-0.19994992037256734,-0.17156309752600646,-0.025810222343508497,0.08820672693096361,0.06669966848940528,0.0045392077922077655,TRUE,TRUE,FALSE,FALSE,TRUE,TRUE,FALSE,FALSE,FALSE,FALSE,FALSE,FALSE,TRUE,TRUE,FALSE,FALSE
Holo results with H310/H435 titration,coupled_dhs,c0f367a_1088a04,H-HIP310HIE,"H-ASP309LEU,H-HIP310HIE",H-ASP309LEU,0.036777119837912015,0.05871062479255467,-0.024460589108511475,0.00396001161995898,0.006707245727956255,0.0029825519480519438,FALSE,FALSE,FALSE,FALSE,TRUE,FALSE,FALSE,FALSE,FALSE,FALSE,FALSE,FALSE,TRUE,FALSE,FALSE,FALSE
Holo results with H310/H435 titration,coupled_dhs,c0f367a_427600b,H-HIP310HIE,"H-HIP310HIE,H-HIP311GLN",H-HIP311GLN,-0.006370538953096223,0.009455364297125988,-0.013558950656540069,3.6840533151063435e-4,4.5406698564592744e-4,8.165751879699654e-4,FALSE,FALSE,FALSE,FALSE,FALSE,FALSE,FALSE,FALSE,FALSE,FALSE,FALSE,FALSE,FALSE,FALSE,FALSE,FALSE
Holo results with H310/H435 titration,coupled_dhs,c0f367a_5ec6a60,H-HIP310HIE,"H-HIP310HIE,H-HIP435HID",H-HIP435HID,0.06935790943426158,0.011521649142073112,0.05611437337034271,0.01117991490088861,0.0010016708817498384,0.007302997607655618,TRUE,FALSE,FALSE,FALSE,FALSE,FALSE,FALSE,FALSE,TRUE,FALSE,FALSE,FALSE,TRUE,FALSE,FALSE,FALSE
Holo results with H310/H435 titration,coupled_dhs,c3a9abb_286e1a5,"H-ASP309ASH,H-HIP435HIE","H-ASP309ASH,H-HIP311GLN,H-HIP435HIE",H-HIP311GLN,0.03404730734572005,-0.015124549831849108,0.053455270927190976,0.0038276220095694326,0.0014128752563226004,0.009203403964456604,FALSE,FALSE,FALSE,FALSE,FALSE,FALSE,FALSE,FALSE,TRUE,FALSE,FALSE,FALSE,TRUE,FALSE,FALSE,FALSE
Holo results with H310/H435 titration,coupled_dhs,c3a9abb_7b711a0,"H-ASP309ASH,H-HIP435HIE","H-ASP309ASH,H-HIP310HID,H-HIP435HIE",H-HIP310HID,-0.17796122736705144,-0.07689505950327251,-0.10260300862789877,0.06894104511278189,0.0139699138755981,0.025236880041011496,TRUE,TRUE,FALSE,FALSE,TRUE,FALSE,FALSE,FALSE,TRUE,TRUE,FALSE,FALSE,TRUE,TRUE,FALSE,FALSE
Holo results with H310/H435 titration,coupled_dhs,c3a9abb_bc9cf32,"H-ASP309ASH,H-HIP435HIE","H-ASP309ASH,H-HIP310HIE,H-HIP435HIE",H-HIP310HIE,-0.11137266220055628,0.04960958110953197,-0.15821887813251412,0.032796209842788616,0.007777116883116804,0.07082656561859144,TRUE,TRUE,FALSE,FALSE,FALSE,FALSE,FALSE,FALSE,TRUE,TRUE,FALSE,FALSE,TRUE,TRUE,FALSE,FALSE
Holo results with H310/H435 titration,coupled_dhs,c8c39e4_8fc5314,"H-ASP309ASH,H-HIP310HIE","H-ASP309ASH,H-HIP310HIE,H-HIP311HID",H-HIP311HID,-0.0415638218655036,0.019678404949241925,-0.06246920955055789,0.005910927887901562,0.0010635331510594741,0.011631575187969942,FALSE,FALSE,FALSE,FALSE,FALSE,FALSE,FALSE,FALSE,TRUE,FALSE,FALSE,FALSE,TRUE,FALSE,FALSE,FALSE
Holo results with H310/H435 titration,coupled_dhs,c8c39e4_9600041,"H-ASP309ASH,H-HIP310HIE","H-ASP309ASH,H-HIP310HIE,H-HIP311GLN",H-HIP311GLN,0.04866694789221584,-0.006428318572364127,0.05084606496201774,0.00878067429938472,7.413513328776842e-4,0.01185454647983579,FALSE,FALSE,FALSE,FALSE,FALSE,FALSE,FALSE,FALSE,TRUE,FALSE,FALSE,FALSE,TRUE,FALSE,FALSE,FALSE
Holo results with H310/H435 titration,coupled_dhs,c8c39e4_bc9cf32,"H-ASP309ASH,H-HIP310HIE","H-ASP309ASH,H-HIP310HIE,H-HIP435HIE",H-HIP435HIE,0.026892388620240924,0.011342583722294745,0.01823194615066625,0.007550064251537882,4.2617703349281775e-4,0.007303832194121652,FALSE,FALSE,FALSE,FALSE,FALSE,FALSE,FALSE,FALSE,FALSE,FALSE,FALSE,FALSE,FALSE,FALSE,FALSE,FALSE
Holo results with H310/H435 titration,coupled_dhs,c92da70_25e3b79,"H-HIP310HIE,H-HIP311HID,H-HIP435HID","H-ASP309ASH,H-HIP310HIE,H-HIP311HID,H-HIP435HID",H-ASP309ASH,0.3385034868748804,0.004172289608805637,0.3352679876690014,0.24685352016404644,0.004325556732740952,0.25765421736158584,TRUE,TRUE,TRUE,FALSE,FALSE,FALSE,FALSE,FALSE,TRUE,TRUE,TRUE,FALSE,TRUE,TRUE,TRUE,FALSE
Holo results with H310/H435 titration,coupled_dhs,c92da70_c2e06aa,"H-HIP310HIE,H-HIP311HID,H-HIP435HID","H-ASP309LEU,H-HIP310HIE,H-HIP311HID,H-HIP435HID",H-ASP309LEU,0.24952946220039088,-0.0638865851522763,0.2760841138146971,0.14291831510594677,0.05456270984278869,0.18935173410799735,TRUE,TRUE,TRUE,FALSE,TRUE,FALSE,FALSE,FALSE,TRUE,TRUE,TRUE,FALSE,TRUE,TRUE,TRUE,FALSE
Holo results with H310/H435 titration,coupled_dhs,cc7228c_9329751,"H-ASP309ASH,H-HIP310HID,H-HIP311HID","H-ASP309ASH,H-HIP310HID,H-HIP311HID,H-HIP435HIE",H-HIP435HIE,-0.028835673778011543,0.0026918504979892544,-0.03581331532107442,0.002790580656185905,0.0013851555023923624,0.003758956254272073,FALSE,FALSE,FALSE,FALSE,FALSE,FALSE,FALSE,FALSE,FALSE,FALSE,FALSE,FALSE,FALSE,FALSE,FALSE,FALSE
Holo results with H310/H435 titration,coupled_dhs,d6db2c2_32ab037,"H-HIP310HID,H-HIP311HID","H-HIP310HIE,H-HIP311HID",H-HID310HIE,0.135377647961371,0.09152291693163139,0.06101527795442072,0.04256598257006153,0.019912240943267257,0.021275958988380056,TRUE,TRUE,FALSE,FALSE,TRUE,FALSE,FALSE,FALSE,TRUE,FALSE,FALSE,FALSE,TRUE,TRUE,FALSE,FALSE
Holo results with H310/H435 titration,coupled_dhs,d6db2c2_9b5c214,"H-HIP310HID,H-HIP311HID","H-ASP309LEU,H-HIP310HID,H-HIP311HID",H-ASP309LEU,0.24073190518326487,0.03050763897721151,0.2070393037275582,0.12467993403964461,0.0035521120984279043,0.10026303793574837,TRUE,TRUE,TRUE,FALSE,FALSE,FALSE,FALSE,FALSE,TRUE,TRUE,TRUE,FALSE,TRUE,TRUE,TRUE,FALSE
Holo results with H310/H435 titration,coupled_dhs,de21a53_8f3b16d,"H-ASP309LEU,H-HIP311HID,H-HIP435HIE","H-ASP309LEU,H-HIP310HIE,H-HIP311HID,H-HIP435HIE",H-HIP310HIE,-0.034321093849362064,-0.13479291821430556,0.08078168570840548,0.0050764354066985505,0.036768267259056665,0.03744513328776487,FALSE,FALSE,FALSE,FALSE,TRUE,TRUE,FALSE,FALSE,TRUE,FALSE,FALSE,FALSE,TRUE,TRUE,FALSE,FALSE
Holo results with H310/H435 titration,coupled_dhs,e141bd4_0e4f49c,"H-ASP309LEU,H-HIP311GLN","H-ASP309LEU,H-HIP311GLN,H-HIP435HID",H-HIP435HID,NA,NA,NA,NA,NA,NA,NA,NA,NA,NA,NA,NA,NA,NA,NA,NA,NA,NA,NA,NA,NA,NA
Holo results with H310/H435 titration,coupled_dhs,e141bd4_9b5713b,"H-ASP309LEU,H-HIP311GLN","H-ASP309LEU,H-HIP310HIE,H-HIP311GLN",H-HIP310HIE,0.02408497813989957,-0.021355347284048077,0.04146521042875939,0.0022418701298701294,0.0016079220779221014,0.006244541695146995,FALSE,FALSE,FALSE,FALSE,FALSE,FALSE,FALSE,FALSE,FALSE,FALSE,FALSE,FALSE,FALSE,FALSE,FALSE,FALSE
Holo results with H310/H435 titration,coupled_dhs,e141bd4_af836a1,"H-ASP309LEU,H-HIP311GLN","H-ASP309LEU,H-HIP311GLN,H-HIP435HIE",H-HIP435HIE,-0.06864218769872601,0.07345918332670388,-0.14067411306158173,0.010506992822966561,0.01264848530416956,0.04526096377306926,TRUE,FALSE,FALSE,FALSE,TRUE,FALSE,FALSE,FALSE,TRUE,TRUE,FALSE,FALSE,TRUE,TRUE,FALSE,FALSE
Holo results with H310/H435 titration,coupled_dhs,f23925a_5fd3cc2,"H-ASP309ASH,H-HIP310HID","H-ASP309ASH,H-HIP310HID,H-HIP311GLN",H-HIP311GLN,-0.002763791788653388,0.055930671458213344,-0.05944975437532742,0.0047125427204375145,0.00884701161995887,0.0087170895420367,FALSE,FALSE,FALSE,FALSE,TRUE,FALSE,FALSE,FALSE,TRUE,FALSE,FALSE,FALSE,TRUE,FALSE,FALSE,FALSE
Holo results with H310/H435 titration,coupled_dhs,f23925a_ba37300,"H-ASP309ASH,H-HIP310HID","H-ASP309ASH,H-HIP310HID,H-HIP311HIE",H-HIP311HIE,-0.11186134291644229,-0.07245564257086833,-0.03706635407945194,0.023802035201640436,0.015339691045796343,0.006858004101162003,TRUE,TRUE,FALSE,FALSE,TRUE,FALSE,FALSE,FALSE,FALSE,FALSE,FALSE,FALSE,TRUE,TRUE,FALSE,FALSE
Holo results with H310/H435 titration,coupled_dhs,f23925a_c8c39e4,"H-ASP309ASH,H-HIP310HID","H-ASP309ASH,H-HIP310HIE",H-HID310HIE,0.00973819031528293,-0.007436117755702186,0.017992848583285266,0.00123591079972659,0.002288444634313058,0.0016635041011619964,FALSE,FALSE,FALSE,FALSE,FALSE,FALSE,FALSE,FALSE,FALSE,FALSE,FALSE,FALSE,FALSE,FALSE,FALSE,FALSE
Holo results with H310/H435 titration,coupled_dhs,f23925a_cc7228c,"H-ASP309ASH,H-HIP310HID","H-ASP309ASH,H-HIP310HID,H-HIP311HID",H-HIP311HID,0.04728684041467428,-0.08805902875609423,0.1555889587837626,0.013622377648667089,0.017780112098427867,0.05350749043062197,FALSE,FALSE,FALSE,FALSE,TRUE,FALSE,FALSE,FALSE,TRUE,TRUE,FALSE,FALSE,TRUE,TRUE,FALSE,FALSE
Holo results with H310/H435 titration,coupled_dhs,f2b151c_8795733,H-ASP309LEU,"H-ASP309LEU,H-HIP311HIE",H-HIP311HIE,0.012919832058494408,0.020905312237024,-0.005899447280850055,0.0021984853041695724,0.0021400618591933995,8.956326042378897e-4,FALSE,FALSE,FALSE,FALSE,FALSE,FALSE,FALSE,FALSE,FALSE,FALSE,FALSE,FALSE,FALSE,FALSE,FALSE,FALSE
Holo results with H310/H435 titration,coupled_dhs,f4b91fc_12ceb75,"H-ASP309LEU,H-HIP435HID","H-ASP309LEU,H-HIP311HIE,H-HIP435HID",H-HIP311HIE,-0.005084606496201918,0.05948989600555528,-0.07064322638432503,0.002159680451127839,0.007593975393027958,0.011921219753930196,FALSE,FALSE,FALSE,FALSE,TRUE,FALSE,FALSE,FALSE,TRUE,FALSE,FALSE,FALSE,TRUE,FALSE,FALSE,FALSE
Holo results with H310/H435 titration,coupled_dhs,f4b91fc_1f915e2,"H-ASP309LEU,H-HIP435HID","H-ASP309LEU,H-HIP311HID,H-HIP435HID",H-HIP311HID,0.0055048506123504684,0.04022705985648878,-0.03414447067633511,0.0016796483253588871,0.0048289015721121676,0.0040306958304853245,FALSE,FALSE,FALSE,FALSE,FALSE,FALSE,FALSE,FALSE,FALSE,FALSE,FALSE,FALSE,FALSE,FALSE,FALSE,FALSE
Holo results with H310/H435 titration,coupled_dhs,f6a12bd_8f3b16d,"H-ASP309LEU,H-HIP310HID,H-HIP311HID,H-HIP435HIE","H-ASP309LEU,H-HIP310HIE,H-HIP311HID,H-HIP435HIE",H-HID310HIE,0.002179117069800981,0.03852456115161934,-0.030507638977210677,0.007331530416951469,0.006405466165413535,0.00603634620642515,FALSE,FALSE,FALSE,FALSE,FALSE,FALSE,FALSE,FALSE,FALSE,FALSE,FALSE,FALSE,FALSE,FALSE,FALSE,FALSE
Holo results with H310/H435 titration,coupled_dhs,fb6af6b_9df7a55,"H-HIP310HIE,H-HIP311GLN,H-HIP435HIE","H-ASP309ASH,H-HIP310HIE,H-HIP311GLN,H-HIP435HIE",H-ASP309ASH,0.17796122736706096,0.04635389564806569,0.12623615442656536,0.0736327775119618,0.008880037935748458,0.034727272385509315,TRUE,TRUE,FALSE,FALSE,FALSE,FALSE,FALSE,FALSE,TRUE,TRUE,FALSE,FALSE,TRUE,TRUE,FALSE,FALSE
Holo results with H310/H435 titration,coupled_dhs,fb6af6b_d398ba9,"H-HIP310HIE,H-HIP311GLN,H-HIP435HIE","H-ASP309LEU,H-HIP310HIE,H-HIP311GLN,H-HIP435HIE",H-ASP309LEU,0.10137311503769042,-0.05903392825701387,0.1609409454491717,0.022553604579630945,0.007854996240601535,0.05391695420369125,TRUE,TRUE,FALSE,FALSE,TRUE,FALSE,FALSE,FALSE,TRUE,TRUE,FALSE,FALSE,TRUE,TRUE,FALSE,FALSE
Holo results with H310/H435 titration,coupled_dhs,fc2ca80_5605d59,"H-HIP310HID,H-HIP311HIE,H-HIP435HIE","H-ASP309ASH,H-HIP310HID,H-HIP311HIE,H-HIP435HIE",H-ASP309ASH,-0.06225297821994348,0.0070402243793565135,-0.055572437818713516,0.011794279562542694,0.006214568694463413,0.029840367737525537,TRUE,FALSE,FALSE,FALSE,FALSE,FALSE,FALSE,FALSE,TRUE,FALSE,FALSE,FALSE,TRUE,FALSE,FALSE,FALSE
Holo results with H310/H435 titration,coupled_dhs,fd24075_2d8ef0a,"H-ASP309ASH,H-HIP311HID","H-ASP309ASH,H-HIP311HIE",H-HID311HIE,-0.06975492833011104,0.00806308922314344,-0.07812368229585348,0.011150805878332195,3.257532467532473e-4,0.013813355092276148,TRUE,FALSE,FALSE,FALSE,FALSE,FALSE,FALSE,FALSE,TRUE,FALSE,FALSE,FALSE,TRUE,FALSE,FALSE,FALSE
Holo results with H310/H435 titration,coupled_dhs,fd24075_3259f73,"H-ASP309ASH,H-HIP311HID","H-ASP309ASH,H-HIP311HID,H-HIP435HIE",H-HIP435HIE,-0.01097321639461634,-0.0017327495409859774,-0.011931742596026678,0.002112497265891982,6.802409432672539e-4,0.0013233438140806764,FALSE,FALSE,FALSE,FALSE,FALSE,FALSE,FALSE,FALSE,FALSE,FALSE,FALSE,FALSE,FALSE,FALSE,FALSE,FALSE
Holo results with H310/H435 titration,coupled_dhs,fd24075_8fc5314,"H-ASP309ASH,H-HIP311HID","H-ASP309ASH,H-HIP310HIE,H-HIP311HID",H-HIP310HIE,-0.09152291693163357,-0.012626307175596103,-0.08049165858498578,0.020594422077922076,0.002225624060150371,0.020204489747094944,TRUE,FALSE,FALSE,FALSE,FALSE,FALSE,FALSE,FALSE,TRUE,FALSE,FALSE,FALSE,TRUE,FALSE,FALSE,FALSE
Holo results with H310/H435 titration,coupled_dhs,fd24075_cc7228c,"H-ASP309ASH,H-HIP311HID","H-ASP309ASH,H-HIP310HID,H-HIP311HID",H-HIP310HID,-0.08237062523847119,0.020788708535019622,-0.11754132641262371,0.025216963773069066,0.003051313055365657,0.03927740909090905,TRUE,FALSE,FALSE,FALSE,FALSE,FALSE,FALSE,FALSE,TRUE,TRUE,FALSE,FALSE,TRUE,TRUE,FALSE,FALSE
Holo results with H310/H435 titration,coupled_dhs,fe82979_25e3b79,"H-ASP309ASH,H-HIP310HID,H-HIP311HID,H-HIP435HID","H-ASP309ASH,H-HIP310HIE,H-HIP311HID,H-HIP435HID",H-HID310HIE,0.08542138913618916,-0.024760751802931934,0.11262403389086839,0.02096277477785373,0.008299353725222145,0.05101265550239235,TRUE,FALSE,FALSE,FALSE,FALSE,FALSE,FALSE,FALSE,TRUE,TRUE,FALSE,FALSE,TRUE,TRUE,FALSE,FALSE
Holo results with H310/H435 titration,coupled_dhs,ff2a9c8_8795733,"H-ASP309LEU,H-HIP311HID","H-ASP309LEU,H-HIP311HIE",H-HID311HIE,0.04401473612927076,-0.007040224379356251,0.04576145846581554,0.007401892344497608,7.952385509227614e-4,0.006413121326042377,FALSE,FALSE,FALSE,FALSE,FALSE,FALSE,FALSE,FALSE,FALSE,FALSE,FALSE,FALSE,FALSE,FALSE,FALSE,FALSE
Holo results with H310/H435 titration,coupled_dhs,ff2a9c8_9b5c214,"H-ASP309LEU,H-HIP311HID","H-ASP309LEU,H-HIP310HID,H-HIP311HID",H-HIP310HID,-0.2665869091036162,-0.01815304708434652,-0.24914571831388668,0.1557584326725908,0.0010391948051948075,0.137150174299385,TRUE,TRUE,TRUE,FALSE,FALSE,FALSE,FALSE,FALSE,TRUE,TRUE,TRUE,FALSE,TRUE,TRUE,TRUE,FALSE
Holo results with H310/H435 titration,coupled_h435,0ca3751_1445a62,H-HIP310HID,"H-HIP310HID,H-HIP435TYR",H-HIP435TYR,0.03100021023153106,-0.022880729232908674,0.06515667120624177,0.0058234637730690325,0.0029194661654135677,0.011843257006151752,FALSE,FALSE,FALSE,FALSE,FALSE,FALSE,FALSE,FALSE,TRUE,FALSE,FALSE,FALSE,TRUE,FALSE,FALSE,FALSE
Holo results with H310/H435 titration,coupled_h435,0ca3751_1f3fce3,H-HIP310HID,"H-HIP310HID,H-HIP435LYN",H-HIP435LYN,-0.035540361733654754,-0.009457368082934854,-0.030507638977209255,0.004010986671223523,0.0018892535885167367,0.0070868383458646865,FALSE,FALSE,FALSE,FALSE,FALSE,FALSE,FALSE,FALSE,FALSE,FALSE,FALSE,FALSE,FALSE,FALSE,FALSE,FALSE
Holo results with H310/H435 titration,coupled_h435,0ca3751_5134ed6,H-HIP310HID,"H-HIP310HID,H-HIP435HIE",H-HIP435HIE,-0.17415725870105841,0.014471057699057996,-0.18591555495392093,0.06884543643198911,0.0031411141490088968,0.09430925222146294,TRUE,TRUE,FALSE,FALSE,FALSE,FALSE,FALSE,FALSE,TRUE,TRUE,FALSE,FALSE,TRUE,TRUE,FALSE,FALSE
Holo results with H310/H435 titration,coupled_h435,0ca3751_698db61,H-HIP310HID,"H-HIP310HID,H-HIP435LYS",H-HIP435LYS,-0.06489935236124131,0.006434928492195338,-0.08498423129658866,0.025779624060150403,9.92437115516053e-4,0.028103095010252908,TRUE,FALSE,FALSE,FALSE,FALSE,FALSE,FALSE,FALSE,TRUE,FALSE,FALSE,FALSE,TRUE,FALSE,FALSE,FALSE
Holo results with H310/H435 titration,coupled_h435,0ca3751_a55737b,H-HIP310HID,"H-HIP310HID,H-HIP435HID",H-HIP435HID,-0.054724540377598135,0.027100606733157374,-0.08313331621289695,0.0069538550922761296,0.0027141948051948054,0.015825674641148285,TRUE,FALSE,FALSE,FALSE,FALSE,FALSE,FALSE,FALSE,TRUE,FALSE,FALSE,FALSE,TRUE,FALSE,FALSE,FALSE
Holo results with H310/H435 titration,coupled_h435,0ca3751_c0f367a,H-HIP310HID,H-HIP310HIE,H-HID310HIE,-0.022425790756931525,0.15292442941797496,-0.17466853461185894,0.004134722146274782,0.05026086773752563,0.06871516678058787,FALSE,FALSE,FALSE,FALSE,TRUE,TRUE,FALSE,FALSE,TRUE,TRUE,FALSE,FALSE,TRUE,TRUE,FALSE,FALSE
Holo results with H310/H435 titration,coupled_h435,1445a62_0421476,"H-HIP310HID,H-HIP435TYR","H-HIP310HIE,H-HIP435TYR",H-HID310HIE,-0.0267880889998088,-0.09914982667593192,0.053154392499098015,0.004322365686944635,0.017492497265892002,0.00793136124401914,FALSE,FALSE,FALSE,FALSE,TRUE,FALSE,FALSE,FALSE,TRUE,FALSE,FALSE,FALSE,TRUE,FALSE,FALSE,FALSE
Holo results with H310/H435 titration,coupled_h435,26f9bd5_0421476,H-HIP435TYR,"H-HIP310HIE,H-HIP435TYR",H-HIP310HIE,-0.10074152957909299,0.0036648044573435326,-0.10459761935043542,0.023420958988380043,0.0017925943267259486,0.025385274436090212,TRUE,TRUE,FALSE,FALSE,FALSE,FALSE,FALSE,FALSE,TRUE,TRUE,FALSE,FALSE,TRUE,TRUE,FALSE,FALSE
Holo results with H310/H435 titration,coupled_h435,26f9bd5_1445a62,H-HIP435TYR,"H-HIP310HID,H-HIP435TYR",H-HIP310HID,-0.14872474001390357,-0.07140174231529559,-0.06864218769869582,0.060115576213260365,0.011325488038277463,0.03295604272043755,TRUE,TRUE,FALSE,FALSE,TRUE,FALSE,FALSE,FALSE,TRUE,FALSE,FALSE,FALSE,TRUE,TRUE,FALSE,FALSE
Holo results with H310/H435 titration,coupled_h435,404e0bb_0ca3751,WT,H-HIP310HID,H-HIP310HID,-0.14444470489749572,-0.07126215925967455,-0.07616167617900121,0.0788366910457963,0.013881974709501128,0.03117719104579623,TRUE,TRUE,FALSE,FALSE,TRUE,FALSE,FALSE,FALSE,TRUE,FALSE,FALSE,FALSE,TRUE,TRUE,FALSE,FALSE
Holo results with H310/H435 titration,coupled_h435,404e0bb_26f9bd5,WT,H-HIP435TYR,H-HIP435TYR,0.0633081326393069,-0.024787456668979854,0.08716468279202892,0.012687832194121632,0.0015294063568010888,0.021192063226247386,TRUE,FALSE,FALSE,FALSE,FALSE,FALSE,FALSE,FALSE,TRUE,FALSE,FALSE,FALSE,TRUE,FALSE,FALSE,FALSE
Holo results with H310/H435 titration,coupled_h435,404e0bb_6d05828,WT,H-HIP435HIE,H-HIP435HIE,-0.023815025676583536,-0.037536129649269445,0.020338425984808124,0.004392039302802461,0.004188484278879008,0.004904992822966592,FALSE,FALSE,FALSE,FALSE,FALSE,FALSE,FALSE,FALSE,FALSE,FALSE,FALSE,FALSE,FALSE,FALSE,FALSE,FALSE
Holo results with H310/H435 titration,coupled_h435,404e0bb_7a582e6,WT,H-HIP435LYN,H-HIP435LYN,-0.04091884052066586,-0.012853192582502938,-0.031681009707103254,0.005234542720437434,0.0010539938482569946,0.004340272385509242,FALSE,FALSE,FALSE,FALSE,FALSE,FALSE,FALSE,FALSE,FALSE,FALSE,FALSE,FALSE,FALSE,FALSE,FALSE,FALSE
Holo results with H310/H435 titration,coupled_h435,404e0bb_7cbe88e,WT,H-HIP435HID,H-HIP435HID,0.04628807842435127,-0.03275452511692549,0.07626909744302662,0.004777193096377335,0.002388752904989743,0.013251832535885199,FALSE,FALSE,FALSE,FALSE,FALSE,FALSE,FALSE,FALSE,TRUE,FALSE,FALSE,FALSE,TRUE,FALSE,FALSE,FALSE
Holo results with H310/H435 titration,coupled_h435,404e0bb_855cd03,WT,H-HIP435LYS,H-HIP435LYS,-0.0020706966259099987,0.011679640216275825,-0.013693078486592765,2.8400102529049234e-4,0.001357585782638434,0.001254726930963799,FALSE,FALSE,FALSE,FALSE,FALSE,FALSE,FALSE,FALSE,FALSE,FALSE,FALSE,FALSE,FALSE,FALSE,FALSE,FALSE
Holo results with H310/H435 titration,coupled_h435,404e0bb_c0f367a,WT,H-HIP310HIE,H-HIP310HIE,-0.10710481348139254,0,-0.10234705581933039,0.024624717361585925,0.005073817498291198,0.029073436431989123,TRUE,TRUE,FALSE,FALSE,FALSE,FALSE,FALSE,FALSE,TRUE,TRUE,FALSE,FALSE,TRUE,TRUE,FALSE,FALSE
Holo results with H310/H435 titration,coupled_h435,5134ed6_1f3fce3,"H-HIP310HID,H-HIP435HIE","H-HIP310HID,H-HIP435LYN",H-HIE435LYN,0.03421680868286538,0.046496689021886584,-0.013867108626004428,0.006809106971975402,0.00642712440191388,0.006114051948051954,FALSE,FALSE,FALSE,FALSE,FALSE,FALSE,FALSE,FALSE,FALSE,FALSE,FALSE,FALSE,FALSE,FALSE,FALSE,FALSE
Holo results with H310/H435 titration,coupled_h435,5683b07_356850c,"H-HIP310HIE,H-HIP435HIE","H-HIP310HIE,H-HIP435LYN",H-HIE435LYN,-0.04288337931702203,-0.003813454872151356,-0.03241436641328586,0.00648677443609022,0.0010051684894053317,0.006014194805194822,FALSE,FALSE,FALSE,FALSE,FALSE,FALSE,FALSE,FALSE,FALSE,FALSE,FALSE,FALSE,FALSE,FALSE,FALSE,FALSE
Holo results with H310/H435 titration,coupled_h435,698db61_c2bcd7a,"H-HIP310HID,H-HIP435LYS","H-HIP310HIE,H-HIP435LYS",H-HID310HIE,-0.06040512517487656,0.061015277954420584,-0.11403138033178145,0.011252805878332184,0.009339528024606978,0.03190742207792207,TRUE,FALSE,FALSE,FALSE,TRUE,FALSE,FALSE,FALSE,TRUE,TRUE,FALSE,FALSE,TRUE,TRUE,FALSE,FALSE
Holo results with H310/H435 titration,coupled_h435,6d05828_5134ed6,H-HIP435HIE,"H-HIP310HID,H-HIP435HIE",H-HIP310HID,-0.2857541618139207,0.05373576368501555,-0.3673800338059242,0.21386637969924763,0.007433563226247435,0.29068995796308883,TRUE,TRUE,TRUE,FALSE,TRUE,FALSE,FALSE,FALSE,TRUE,TRUE,TRUE,FALSE,TRUE,TRUE,TRUE,FALSE
Holo results with H310/H435 titration,coupled_h435,6d05828_5683b07,H-HIP435HIE,"H-HIP310HIE,H-HIP435HIE",H-HIP310HIE,-0.060896107489649534,-0.025506386685864503,-0.034144470676335095,0.009298339712918584,0.004236638414217402,0.008390918318523562,TRUE,FALSE,FALSE,FALSE,FALSE,FALSE,FALSE,FALSE,FALSE,FALSE,FALSE,FALSE,TRUE,FALSE,FALSE,FALSE
Holo results with H310/H435 titration,coupled_h435,6d05828_7a582e6,H-HIP435HIE,H-HIP435LYN,H-HIE435LYN,0.039752378061213456,0.007626909744302466,0.03716045970525733,0.004572595693779902,6.367699931647318e-4,0.0044122987012986895,FALSE,FALSE,FALSE,FALSE,FALSE,FALSE,FALSE,FALSE,FALSE,FALSE,FALSE,FALSE,FALSE,FALSE,FALSE,FALSE
Holo results with H310/H435 titration,coupled_h435,7a582e6_1f3fce3,H-HIP435LYN,"H-HIP310HID,H-HIP435LYN",H-HIP310HID,-0.07788310766077022,-0.055523902938523564,-0.021403015469949695,0.017444023581681595,0.007210655160628809,0.008059157894736962,TRUE,FALSE,FALSE,FALSE,TRUE,FALSE,FALSE,FALSE,FALSE,FALSE,FALSE,FALSE,TRUE,FALSE,FALSE,FALSE
Holo results with H310/H435 titration,coupled_h435,7a582e6_356850c,H-HIP435LYN,"H-HIP310HIE,H-HIP435LYN",H-HIP310HIE,-0.017322728338785696,-0.07310937769181272,0.040676851969601524,0.003110549897470946,0.010979260765550202,0.006602009227614514,FALSE,FALSE,FALSE,FALSE,TRUE,FALSE,FALSE,FALSE,FALSE,FALSE,FALSE,FALSE,TRUE,FALSE,FALSE,FALSE
Holo results with H310/H435 titration,coupled_h435,7a582e6_855cd03,H-HIP435LYN,H-HIP435LYS,H-LYN435LYS,-0.012796717754766467,-0.061244775464825325,0.046778379765055264,9.240830485304583e-4,0.0087619149008887,0.006011927887901624,FALSE,FALSE,FALSE,FALSE,TRUE,FALSE,FALSE,FALSE,FALSE,FALSE,FALSE,FALSE,TRUE,FALSE,FALSE,FALSE
Holo results with H310/H435 titration,coupled_h435,7cbe88e_26f9bd5,H-HIP435HID,H-HIP435TYR,H-HID435TYR,-0.008147195060193034,-0.0193215046855666,0.018002007622699833,0.0010831045796308961,0.0019609565960355436,0.002038278537252223,FALSE,FALSE,FALSE,FALSE,FALSE,FALSE,FALSE,FALSE,FALSE,FALSE,FALSE,FALSE,FALSE,FALSE,FALSE,FALSE
Holo results with H310/H435 titration,coupled_h435,7cbe88e_5ec6a60,H-HIP435HID,"H-HIP310HIE,H-HIP435HID",H-HIP310HIE,-0.13087466347311785,-0.06781705418837494,-0.06911164710533275,0.0387152963089543,0.017651226589200236,0.022577151742993847,TRUE,TRUE,FALSE,FALSE,TRUE,FALSE,FALSE,FALSE,TRUE,FALSE,FALSE,FALSE,TRUE,TRUE,FALSE,FALSE
Holo results with H310/H435 titration,coupled_h435,7cbe88e_a55737b,H-HIP435HID,"H-HIP310HID,H-HIP435HID",H-HIP310HID,-0.24524598618217933,-0.08027234231460172,-0.1702724741804454,0.12935252358168142,0.013597944634313078,0.07156122590567324,TRUE,TRUE,TRUE,FALSE,TRUE,FALSE,FALSE,FALSE,TRUE,TRUE,FALSE,FALSE,TRUE,TRUE,TRUE,FALSE
Holo results with H310/H435 titration,coupled_h435,855cd03_698db61,H-HIP435LYS,"H-HIP310HID,H-HIP435LYS",H-HIP310HID,-0.19228449088207852,0.03225791269211662,-0.20304745899041404,0.08027871052631586,0.01418075222146263,0.10171596274777825,TRUE,TRUE,FALSE,FALSE,FALSE,FALSE,FALSE,FALSE,TRUE,TRUE,TRUE,FALSE,TRUE,TRUE,TRUE,FALSE
Holo results with H310/H435 titration,coupled_h435,855cd03_c2bcd7a,H-HIP435LYS,"H-HIP310HIE,H-HIP435LYS",H-HIP310HIE,-0.13850772093341857,-0.05756035302751326,-0.0631448696362667,0.04874944463431305,0.008579906015037506,0.02699657997265898,TRUE,TRUE,FALSE,FALSE,TRUE,FALSE,FALSE,FALSE,TRUE,FALSE,FALSE,FALSE,TRUE,TRUE,FALSE,FALSE
Holo results with H310/H435 titration,coupled_h435,a55737b_5ec6a60,"H-HIP310HID,H-HIP435HID","H-HIP310HIE,H-HIP435HID",H-HID310HIE,0.05475318363804607,-0.03617764424764576,0.0936257813377525,0.016599779220779223,0.003314980519480516,0.03146868352699931,TRUE,FALSE,FALSE,FALSE,FALSE,FALSE,FALSE,FALSE,TRUE,FALSE,FALSE,FALSE,TRUE,FALSE,FALSE,FALSE
Holo results with H310/H435 titration,coupled_h435,c0f367a_0421476,H-HIP310HIE,"H-HIP310HIE,H-HIP435TYR",H-HIP435TYR,-0.024640270691462764,-0.038535965023843294,0.01525381948860456,0.0034277737525632295,0.004742583048530486,0.001574674299384861,FALSE,FALSE,FALSE,FALSE,FALSE,FALSE,FALSE,FALSE,FALSE,FALSE,FALSE,FALSE,FALSE,FALSE,FALSE,FALSE
Holo results with H310/H435 titration,coupled_h435,c0f367a_356850c,H-HIP310HIE,"H-HIP310HIE,H-HIP435LYN",H-HIP435LYN,-0.0660998844506309,-0.01687410753550892,-0.048680916591382586,0.00967495146958306,0.001098282296650705,0.006292195488721862,TRUE,FALSE,FALSE,FALSE,FALSE,FALSE,FALSE,FALSE,FALSE,FALSE,FALSE,FALSE,TRUE,FALSE,FALSE,FALSE
Holo results with H310/H435 titration,coupled_h435,c0f367a_5683b07,H-HIP310HIE,"H-HIP310HIE,H-HIP435HIE",H-HIP435HIE,-0.0330268303775988,0.00748805504852676,-0.042556456872614376,0.005434644565960319,4.1667429938481107e-4,0.006732944634312931,FALSE,FALSE,FALSE,FALSE,FALSE,FALSE,FALSE,FALSE,FALSE,FALSE,FALSE,FALSE,FALSE,FALSE,FALSE,FALSE
Holo results with H310/H435 titration,coupled_h435,c0f367a_5ec6a60,H-HIP310HIE,"H-HIP310HIE,H-HIP435HID",H-HIP435HID,-0.04941574304765208,0.0038134548721496693,-0.05564531088955328,0.013279535543404034,5.320488721804468e-4,0.013083291182501833,FALSE,FALSE,FALSE,FALSE,FALSE,FALSE,FALSE,FALSE,TRUE,FALSE,FALSE,FALSE,TRUE,FALSE,FALSE,FALSE
Holo results with H310/H435 titration,coupled_h435,c0f367a_c2bcd7a,H-HIP310HIE,"H-HIP310HIE,H-HIP435LYS",H-HIP435LYS,-0.02112067313806884,-0.06810547923523545,0.045761458465816474,0.0017687904989747085,0.012588762474367762,0.00891814217361588,FALSE,FALSE,FALSE,FALSE,TRUE,FALSE,FALSE,FALSE,FALSE,FALSE,FALSE,FALSE,TRUE,FALSE,FALSE,FALSE
Holo results with H310/H435 titration,coupled_i253m,0ca3751_5134ed6,H-HIP310HID,"H-HIP310HID,H-HIP435HIE",H-HIP435HIE,-0.10187204676928588,-0.045761458465813545,-0.056761157185936134,0.026857815105946713,0.0048090680109364676,0.019272783321941264,TRUE,TRUE,FALSE,FALSE,FALSE,FALSE,FALSE,FALSE,TRUE,FALSE,FALSE,FALSE,TRUE,TRUE,FALSE,FALSE
Holo results with H310/H435 titration,coupled_i253m,0ca3751_638c218,H-HIP310HID,"H-ILE253MET,H-HIP310HID",H-ILE253MET,-0.0555179598919688,0.015955237192362907,-0.07355596749446,0.020975877648667124,0.0016695153793574856,0.03366692036910459,TRUE,FALSE,FALSE,FALSE,FALSE,FALSE,FALSE,FALSE,TRUE,FALSE,FALSE,FALSE,TRUE,FALSE,FALSE,FALSE
Holo results with H310/H435 titration,coupled_i253m,0ca3751_a55737b,H-HIP310HID,"H-HIP310HID,H-HIP435HID",H-HIP435HID,-0.06101527795442116,-0.010654561794312772,-0.05387519223634924,0.010378852699931714,9.85122009569378e-4,0.0066928311688311355,TRUE,FALSE,FALSE,FALSE,FALSE,FALSE,FALSE,FALSE,TRUE,FALSE,FALSE,FALSE,TRUE,FALSE,FALSE,FALSE
Holo results with H310/H435 titration,coupled_i253m,0ca3751_c0f367a,H-HIP310HID,H-HIP310HIE,H-HID310HIE,-0.07290002891098982,0.14236898189364838,-0.22052554689965848,0.012286049897470954,0.05734468831168831,0.12007440772385511,TRUE,FALSE,FALSE,FALSE,TRUE,TRUE,FALSE,FALSE,TRUE,TRUE,TRUE,FALSE,TRUE,TRUE,TRUE,FALSE
Holo results with H310/H435 titration,coupled_i253m,1cb9200_638c218,H-ILE253MET,"H-ILE253MET,H-HIP310HID",H-HIP310HID,-0.04004127615758776,-0.010328106945416474,-0.03475175724111611,0.004893659603554324,0.003282158920027363,0.009450832194121673,FALSE,FALSE,FALSE,FALSE,FALSE,FALSE,FALSE,FALSE,FALSE,FALSE,FALSE,FALSE,FALSE,FALSE,FALSE,FALSE
Holo results with H310/H435 titration,coupled_i253m,1cb9200_7ea73d7,H-ILE253MET,"H-ILE253MET,H-HIP435HID",H-HIP435HID,0.05447792674501535,-0.008536968127351548,0.06677348616593107,0.008050963773069048,0.0014780105946684983,0.013494076213260466,TRUE,FALSE,FALSE,FALSE,FALSE,FALSE,FALSE,FALSE,TRUE,FALSE,FALSE,FALSE,TRUE,FALSE,FALSE,FALSE
Holo results with H310/H435 titration,coupled_i253m,1cb9200_c9820e5,H-ILE253MET,"H-ILE253MET,H-HIP310HIE",H-HIP310HIE,-0.3207784897851328,0.13200978700091098,-0.45298923294225685,0.21506493028024604,0.038261461722488045,0.43256461688311687,TRUE,TRUE,TRUE,FALSE,TRUE,TRUE,FALSE,FALSE,TRUE,TRUE,TRUE,FALSE,TRUE,TRUE,TRUE,FALSE
Holo results with H310/H435 titration,coupled_i253m,1cb9200_d95737a,H-ILE253MET,"H-ILE253MET,H-HIP435HIE",H-HIP435HIE,0.026798846131810883,0.0330499422253098,-0.007990095922602166,0.0039579340396445626,0.002608951469583013,0.001877369446343149,FALSE,FALSE,FALSE,FALSE,FALSE,FALSE,FALSE,FALSE,FALSE,FALSE,FALSE,FALSE,FALSE,FALSE,FALSE,FALSE
Holo results with H310/H435 titration,coupled_i253m,404e0bb_0ca3751,WT,H-HIP310HID,H-HIP310HID,-0.19415127255103745,0.02796533572910938,-0.20754656460200854,0.07846683219412151,0.004251506835269987,0.1016767942583729,TRUE,TRUE,FALSE,FALSE,FALSE,FALSE,FALSE,FALSE,TRUE,TRUE,TRUE,FALSE,TRUE,TRUE,TRUE,FALSE
Holo results with H310/H435 titration,coupled_i253m,404e0bb_1cb9200,WT,H-ILE253MET,H-ILE253MET,-0.04565250261232518,0.015117624671738297,-0.05698930856927018,0.007200677033492808,8.42398838004101e-4,0.010601353383458625,FALSE,FALSE,FALSE,FALSE,FALSE,FALSE,FALSE,FALSE,TRUE,FALSE,FALSE,FALSE,TRUE,FALSE,FALSE,FALSE
Holo results with H310/H435 titration,coupled_i253m,404e0bb_6d05828,WT,H-HIP435HIE,H-HIP435HIE,-0.02231921781090229,0.029077593400153628,-0.0438373971439573,0.0014930352016404654,0.00296900922761451,0.004883922077922152,FALSE,FALSE,FALSE,FALSE,FALSE,FALSE,FALSE,FALSE,FALSE,FALSE,FALSE,FALSE,FALSE,FALSE,FALSE,FALSE
Holo results with H310/H435 titration,coupled_i253m,404e0bb_7cbe88e,WT,H-HIP435HID,H-HIP435HID,0.03638478535237856,0.020615088397100505,0.018996654826079373,0.004162396445659588,0.004010384825700624,0.005417508885850922,FALSE,FALSE,FALSE,FALSE,FALSE,FALSE,FALSE,FALSE,FALSE,FALSE,FALSE,FALSE,FALSE,FALSE,FALSE,FALSE
Holo results with H310/H435 titration,coupled_i253m,404e0bb_c0f367a,WT,H-HIP310HIE,H-HIP310HIE,-0.16077623521884066,0.025724359029290756,-0.18304583386326972,0.06426748974709502,0.0027148988380040913,0.08333197095010254,TRUE,TRUE,FALSE,FALSE,FALSE,FALSE,FALSE,FALSE,TRUE,TRUE,FALSE,FALSE,TRUE,TRUE,FALSE,FALSE
Holo results with H310/H435 titration,coupled_i253m,5134ed6_5683b07,"H-HIP310HID,H-HIP435HIE","H-HIP310HIE,H-HIP435HIE",H-HID310HIE,0.0923474477147991,-0.06694731886665618,0.15506569886368587,0.021976204374572792,0.009734430280246068,0.059281910799726584,TRUE,FALSE,FALSE,FALSE,TRUE,FALSE,FALSE,FALSE,TRUE,TRUE,FALSE,FALSE,TRUE,TRUE,FALSE,FALSE
Holo results with H310/H435 titration,coupled_i253m,5134ed6_e7bcab4,"H-HIP310HID,H-HIP435HIE","H-ILE253MET,H-HIP310HID,H-HIP435HIE",H-ILE253MET,0.05286174825158292,-0.024373656246685794,0.07698702360943324,0.007650315105946681,0.001747542378673958,0.01335396172248804,TRUE,FALSE,FALSE,FALSE,FALSE,FALSE,FALSE,FALSE,TRUE,FALSE,FALSE,FALSE,TRUE,FALSE,FALSE,FALSE
Holo results with H310/H435 titration,coupled_i253m,5683b07_a6ad7f9,"H-HIP310HIE,H-HIP435HIE","H-ILE253MET,H-HIP310HIE,H-HIP435HIE",H-ILE253MET,-0.0685444068045657,-0.005380922246402853,-0.061015277954421104,0.016606264183185254,0.0020540953520164097,0.014744430280246074,TRUE,FALSE,FALSE,FALSE,FALSE,FALSE,FALSE,FALSE,TRUE,FALSE,FALSE,FALSE,TRUE,FALSE,FALSE,FALSE
Holo results with H310/H435 titration,coupled_i253m,5ec6a60_cd808b4,"H-HIP310HIE,H-HIP435HID","H-ILE253MET,H-HIP310HIE,H-HIP435HID",H-ILE253MET,0.007206451899424501,-0.0030507638977214178,0.016807449251334226,0.003825444634313067,2.751431989063583e-4,0.004315895762132623,FALSE,FALSE,FALSE,FALSE,FALSE,FALSE,FALSE,FALSE,FALSE,FALSE,FALSE,FALSE,FALSE,FALSE,FALSE,FALSE
Holo results with H310/H435 titration,coupled_i253m,638c218_bc501e8,"H-ILE253MET,H-HIP310HID","H-ILE253MET,H-HIP310HID,H-HIP435HID",H-HIP435HID,-0.09188589975820777,0.07016756964758479,-0.16588528693858348,0.018069291182501685,0.012987358168147643,0.05911041866028708,TRUE,FALSE,FALSE,FALSE,TRUE,FALSE,FALSE,FALSE,TRUE,TRUE,FALSE,FALSE,TRUE,TRUE,FALSE,FALSE
Holo results with H310/H435 titration,coupled_i253m,638c218_c9820e5,"H-ILE253MET,H-HIP310HID","H-ILE253MET,H-HIP310HIE",H-HID310HIE,0.005084606496201665,0.06693037017833549,-0.0781144375567697,0.0010060943267259032,0.016609733082706763,0.01613953041695147,FALSE,FALSE,FALSE,FALSE,TRUE,FALSE,FALSE,FALSE,TRUE,FALSE,FALSE,FALSE,TRUE,FALSE,FALSE,FALSE
Holo results with H310/H435 titration,coupled_i253m,638c218_e7bcab4,"H-ILE253MET,H-HIP310HID","H-ILE253MET,H-HIP310HID,H-HIP435HIE",H-HIP435HIE,-0.08559087601939504,-0.0799485035984597,-0.0010994636124917181,0.016266911141490068,0.01545127956254267,0.001965601503759473,TRUE,FALSE,FALSE,FALSE,TRUE,FALSE,FALSE,FALSE,FALSE,FALSE,FALSE,FALSE,TRUE,FALSE,FALSE,FALSE
Holo results with H310/H435 titration,coupled_i253m,6d05828_5134ed6,H-HIP435HIE,"H-HIP310HID,H-HIP435HIE",H-HIP310HID,-0.17847069686717693,-0.04146095908553621,-0.15939470970668496,0.08800635850991123,0.005357906356801069,0.057670751196172446,TRUE,TRUE,FALSE,FALSE,FALSE,FALSE,FALSE,FALSE,TRUE,TRUE,FALSE,FALSE,TRUE,TRUE,FALSE,FALSE
Holo results with H310/H435 titration,coupled_i253m,6d05828_5683b07,H-HIP435HIE,"H-HIP310HIE,H-HIP435HIE",H-HIP310HIE,0.025690643349229346,0.020263652359857512,0.0033330026481462336,0.0019230454545454173,0.005602888585099092,0.004780457963089624,FALSE,FALSE,FALSE,FALSE,FALSE,FALSE,FALSE,FALSE,FALSE,FALSE,FALSE,FALSE,FALSE,FALSE,FALSE,FALSE
Holo results with H310/H435 titration,coupled_i253m,6d05828_d95737a,H-HIP435HIE,"H-ILE253MET,H-HIP435HIE",H-ILE253MET,0.10918523423422608,-0.02581415605763915,0.13728437539744615,0.026699906356801122,0.0016730164046479862,0.039854304853041735,TRUE,TRUE,FALSE,FALSE,FALSE,FALSE,FALSE,FALSE,TRUE,TRUE,FALSE,FALSE,TRUE,TRUE,FALSE,FALSE
Holo results with H310/H435 titration,coupled_i253m,7cbe88e_5ec6a60,H-HIP435HID,"H-HIP310HIE,H-HIP435HID",H-HIP310HIE,-0.1444381873568584,0.05168701272861212,-0.17236816022123785,0.039100907723855036,0.00863618352699932,0.07252138380041007,TRUE,TRUE,FALSE,FALSE,TRUE,FALSE,FALSE,FALSE,TRUE,TRUE,FALSE,FALSE,TRUE,TRUE,FALSE,FALSE
Holo results with H310/H435 titration,coupled_i253m,7cbe88e_6d05828,H-HIP435HID,H-HIP435HIE,H-HID435HIE,-0.08008255231517736,-0.022880729232907786,-0.051481640774042055,0.017211095352016408,0.002337925153793575,0.007954931647300075,TRUE,FALSE,FALSE,FALSE,FALSE,FALSE,FALSE,FALSE,TRUE,FALSE,FALSE,FALSE,TRUE,FALSE,FALSE,FALSE
Holo results with H310/H435 titration,coupled_i253m,7cbe88e_7ea73d7,H-HIP435HID,"H-ILE253MET,H-HIP435HID",H-ILE253MET,-0.2749555204912654,0.005509358242222014,-0.27783846903934095,0.164409035543404,2.7676794258373093e-4,0.16990793745727958,TRUE,TRUE,TRUE,FALSE,FALSE,FALSE,FALSE,FALSE,TRUE,TRUE,TRUE,FALSE,TRUE,TRUE,TRUE,FALSE
Holo results with H310/H435 titration,coupled_i253m,7cbe88e_a55737b,H-HIP435HID,"H-HIP310HID,H-HIP435HID",H-HIP310HID,-0.25931493130629285,-0.125168711480716,-0.12837742485689868,0.14736695796308943,0.03451295659603572,0.04848574846206406,TRUE,TRUE,TRUE,FALSE,TRUE,TRUE,FALSE,FALSE,TRUE,TRUE,FALSE,FALSE,TRUE,TRUE,TRUE,FALSE
Holo results with H310/H435 titration,coupled_i253m,7ea73d7_bc501e8,"H-ILE253MET,H-HIP435HID","H-ILE253MET,H-HIP310HID,H-HIP435HID",H-HIP310HID,-0.30334131919954566,-0.11052295747620691,-0.19663343358102442,0.20969628673957597,0.0318432737525633,0.08555610457963057,TRUE,TRUE,TRUE,FALSE,TRUE,TRUE,FALSE,FALSE,TRUE,TRUE,FALSE,FALSE,TRUE,TRUE,TRUE,FALSE
Holo results with H310/H435 titration,coupled_i253m,7ea73d7_cd808b4,"H-ILE253MET,H-HIP435HID","H-ILE253MET,H-HIP310HIE,H-HIP435HID",H-HIP310HIE,-0.17923237899111327,-0.07626909744302449,-0.09152291693163486,0.09158499384825715,0.01547403759398498,0.0481758058783323,TRUE,TRUE,FALSE,FALSE,TRUE,FALSE,FALSE,FALSE,TRUE,FALSE,FALSE,FALSE,TRUE,TRUE,FALSE,FALSE
Holo results with H310/H435 titration,coupled_i253m,7ea73d7_d95737a,"H-ILE253MET,H-HIP435HID","H-ILE253MET,H-HIP435HIE",H-HID435HIE,-0.15712644693857708,-0.024538753090364896,-0.12502417139321245,0.05397009569377993,0.003774238550922761,0.03263659022556393,TRUE,TRUE,FALSE,FALSE,FALSE,FALSE,FALSE,FALSE,TRUE,TRUE,FALSE,FALSE,TRUE,TRUE,FALSE,FALSE
Holo results with H310/H435 titration,coupled_i253m,a55737b_5ec6a60,"H-HIP310HID,H-HIP435HID","H-HIP310HIE,H-HIP435HID",H-HID310HIE,-0.013350048219097318,-0.16558632270644424,0.15899096194603426,0.007114185235816815,0.06266658817498293,0.06469388482570063,FALSE,FALSE,FALSE,FALSE,TRUE,TRUE,FALSE,FALSE,TRUE,TRUE,FALSE,FALSE,TRUE,TRUE,FALSE,FALSE
Holo results with H310/H435 titration,coupled_i253m,a55737b_bc501e8,"H-HIP310HID,H-HIP435HID","H-ILE253MET,H-HIP310HID,H-HIP435HID",H-ILE253MET,0.1283703498014761,0.01186408182447016,0.12167039628202708,0.035677746069719754,0.0010720656185919369,0.02964315721120986,TRUE,TRUE,FALSE,FALSE,FALSE,FALSE,FALSE,FALSE,TRUE,TRUE,FALSE,FALSE,TRUE,TRUE,FALSE,FALSE
Holo results with H310/H435 titration,coupled_i253m,bc501e8_cd808b4,"H-ILE253MET,H-HIP310HID,H-HIP435HID","H-ILE253MET,H-HIP310HIE,H-HIP435HID",H-HID310HIE,-0.03426331423008673,0.05245825726569105,-0.08981437980253115,0.00880365892002734,0.007413098086124404,0.026200986671223513,FALSE,FALSE,FALSE,FALSE,TRUE,FALSE,FALSE,FALSE,TRUE,FALSE,FALSE,FALSE,TRUE,FALSE,FALSE,FALSE
Holo results with H310/H435 titration,coupled_i253m,c0f367a_5683b07,H-HIP310HIE,"H-HIP310HIE,H-HIP435HIE",H-HIP435HIE,-0.023656570051725674,-0.047032610089864785,0.02465126185211957,0.007573392344497616,0.005328484278879025,0.010223989063567987,FALSE,FALSE,FALSE,FALSE,FALSE,FALSE,FALSE,FALSE,FALSE,FALSE,FALSE,FALSE,FALSE,FALSE,FALSE,FALSE
Holo results with H310/H435 titration,coupled_i253m,c0f367a_5ec6a60,H-HIP310HIE,"H-HIP310HIE,H-HIP435HID",H-HIP435HID,-0.015677863891378315,-0.019067274360756573,0.004724380456031527,0.004084048872180478,0.0010288814080656153,0.003632043062200963,FALSE,FALSE,FALSE,FALSE,FALSE,FALSE,FALSE,FALSE,FALSE,FALSE,FALSE,FALSE,FALSE,FALSE,FALSE,FALSE
Holo results with H310/H435 titration,coupled_i253m,c0f367a_c9820e5,H-HIP310HIE,"H-ILE253MET,H-HIP310HIE",H-ILE253MET,0.12584401078099314,0.0050846064961989085,0.11989856858031755,0.03466306185919343,1.364220779220816e-4,0.032121087833219354,TRUE,TRUE,FALSE,FALSE,FALSE,FALSE,FALSE,FALSE,TRUE,TRUE,FALSE,FALSE,TRUE,TRUE,FALSE,FALSE
Holo results with H310/H435 titration,coupled_i253m,c9820e5_a6ad7f9,"H-ILE253MET,H-HIP310HIE","H-ILE253MET,H-HIP310HIE,H-HIP435HIE",H-HIP435HIE,-0.1139786171385401,-0.019033823002219927,-0.09419339692870851,0.02874789883800411,0.0014725153793574933,0.022020858509911177,TRUE,TRUE,FALSE,FALSE,FALSE,FALSE,FALSE,FALSE,TRUE,FALSE,FALSE,FALSE,TRUE,TRUE,FALSE,FALSE
Holo results with H310/H435 titration,coupled_i253m,c9820e5_cd808b4,"H-ILE253MET,H-HIP310HIE","H-ILE253MET,H-HIP310HIE,H-HIP435HID",H-HIP435HID,-0.012530813313554589,0.04344679989615073,-0.05382854502111021,0.0015279579630895549,0.005262195830485245,0.008807035201640412,FALSE,FALSE,FALSE,FALSE,FALSE,FALSE,FALSE,FALSE,TRUE,FALSE,FALSE,FALSE,TRUE,FALSE,FALSE,FALSE
Holo results with H310/H435 titration,coupled_i253m,d95737a_a6ad7f9,"H-ILE253MET,H-HIP435HIE","H-ILE253MET,H-HIP310HIE,H-HIP435HIE",H-HIP310HIE,-0.32880455342104153,-0.06101527795441937,-0.2741815384540279,0.2071951069719756,0.012054451469582965,0.1514084090909094,TRUE,TRUE,TRUE,FALSE,TRUE,FALSE,FALSE,FALSE,TRUE,TRUE,TRUE,FALSE,TRUE,TRUE,TRUE,FALSE
Holo results with H310/H435 titration,coupled_i253m,d95737a_e7bcab4,"H-ILE253MET,H-HIP435HIE","H-ILE253MET,H-HIP310HID,H-HIP435HIE",H-HIP310HID,-0.18177074678526828,-0.16779201437466318,-0.003813454872151443,0.07538232706766919,0.06786164695830493,0.0025322747778536705,TRUE,TRUE,FALSE,FALSE,TRUE,TRUE,FALSE,FALSE,FALSE,FALSE,FALSE,FALSE,TRUE,TRUE,FALSE,FALSE
Holo results with H310/H435 titration,coupled_i253m,e7bcab4_a6ad7f9,"H-ILE253MET,H-HIP310HID,H-HIP435HIE","H-ILE253MET,H-HIP310HIE,H-HIP435HIE",H-HID310HIE,0.36211869015197695,0.00891356321742684,0.3304994222531128,0.27048957826384135,0.006991458988380046,0.28665745625427197,TRUE,TRUE,TRUE,FALSE,FALSE,FALSE,FALSE,FALSE,TRUE,TRUE,TRUE,FALSE,TRUE,TRUE,TRUE,FALSE
Holo results with H310/H435 titration,coupled_l251n_l309d,0ca3751_4155157,H-HIP310HID,"H-LEU251ASN,H-HIP310HID",H-LEU251ASN,-0.143791875688083,0.07267996344570879,-0.21462424588339163,0.04442737525632264,0.012029725905673248,0.09868340362269305,TRUE,TRUE,FALSE,FALSE,TRUE,FALSE,FALSE,FALSE,TRUE,TRUE,TRUE,FALSE,TRUE,TRUE,TRUE,FALSE
Holo results with H310/H435 titration,coupled_l251n_l309d,0ca3751_5134ed6,H-HIP310HID,"H-HIP310HID,H-HIP435HIE",H-HIP435HIE,NA,NA,NA,NA,NA,NA,NA,NA,NA,NA,NA,NA,NA,NA,NA,NA,NA,NA,NA,NA,NA,NA
Holo results with H310/H435 titration,coupled_l251n_l309d,0ca3751_81ebcdd,H-HIP310HID,"H-LEU309ASH,H-HIP310HID",H-LEU309ASH,-0.2440611118176837,-0.05605511986896648,-0.18317733230713418,0.1364391476418319,0.012692834586466209,0.07676450102529046,TRUE,TRUE,TRUE,FALSE,TRUE,FALSE,FALSE,FALSE,TRUE,TRUE,FALSE,FALSE,TRUE,TRUE,TRUE,FALSE
Holo results with H310/H435 titration,coupled_l251n_l309d,0ca3751_a55737b,H-HIP310HID,"H-HIP310HID,H-HIP435HID",H-HIP435HID,-0.052001198779110754,0.005084606496201173,-0.05971983096936141,0.006332072795625444,3.29061859193431e-4,0.008371831852358128,TRUE,FALSE,FALSE,FALSE,FALSE,FALSE,FALSE,FALSE,TRUE,FALSE,FALSE,FALSE,TRUE,FALSE,FALSE,FALSE
Holo results with H310/H435 titration,coupled_l251n_l309d,0ca3751_c0f367a,H-HIP310HID,H-HIP310HIE,H-HID310HIE,0.24569753689692014,0.0016948688320675084,0.2401819077235979,0.11672487764866717,0.0012448393711551602,0.12349238380041021,TRUE,TRUE,TRUE,FALSE,FALSE,FALSE,FALSE,FALSE,TRUE,TRUE,TRUE,FALSE,TRUE,TRUE,TRUE,FALSE
Holo results with H310/H435 titration,coupled_l251n_l309d,0ca3751_e971039,H-HIP310HID,"H-LEU309ASP,H-HIP310HID",H-LEU309ASP,-0.08135370393923078,-0.04497869667627606,-0.03571936063581432,0.017165753246753592,0.006522473684210735,0.006969200615174451,TRUE,FALSE,FALSE,FALSE,FALSE,FALSE,FALSE,FALSE,FALSE,FALSE,FALSE,FALSE,TRUE,FALSE,FALSE,FALSE
Holo results with H310/H435 titration,coupled_l251n_l309d,0daae05_8e821f1,"H-LEU251ASN,H-HIP310HIE,H-HIP435HID","H-LEU251ASN,H-HIP310HIE,H-HIP435HIE",H-HID435HIE,0.02745687507948858,0.05593067145821911,-0.04180359506414377,0.00630531681476418,0.00753265174299385,0.010395738550922759,FALSE,FALSE,FALSE,FALSE,TRUE,FALSE,FALSE,FALSE,FALSE,FALSE,FALSE,FALSE,TRUE,FALSE,FALSE,FALSE
Holo results with H310/H435 titration,coupled_l251n_l309d,19c3a11_4e34379,"H-LEU251ASN,H-HIP435HIE","H-LEU251ASN,H-HIP310HID,H-HIP435HIE",H-HIP310HID,-0.13664879958542142,-0.05563157695844245,-0.09064256330964864,0.04626388482570076,0.0073873872180450955,0.025702678058783443,TRUE,TRUE,FALSE,FALSE,TRUE,FALSE,FALSE,FALSE,TRUE,FALSE,FALSE,FALSE,TRUE,TRUE,FALSE,FALSE
Holo results with H310/H435 titration,coupled_l251n_l309d,19c3a11_8e821f1,"H-LEU251ASN,H-HIP435HIE","H-LEU251ASN,H-HIP310HIE,H-HIP435HIE",H-HIP310HIE,NA,NA,NA,NA,NA,NA,NA,NA,NA,NA,NA,NA,NA,NA,NA,NA,NA,NA,NA,NA,NA,NA
Holo results with H310/H435 titration,coupled_l251n_l309d,2147f67_c26b15d,"H-LEU309ASH,H-HIP310HID,H-HIP435HIE","H-LEU309ASH,H-HIP310HIE,H-HIP435HIE",H-HID310HIE,-0.06222456819645303,0.03767528077223748,-0.11422803966074546,0.01259022180451128,0.006382506835269997,0.02673065721120984,TRUE,FALSE,FALSE,FALSE,FALSE,FALSE,FALSE,FALSE,TRUE,TRUE,FALSE,FALSE,TRUE,TRUE,FALSE,FALSE
Holo results with H310/H435 titration,coupled_l251n_l309d,2657233_10e5ce2,"H-LEU309ASP,H-HIP310HIE,H-HIP435HID","H-LEU309ASP,H-HIP310HIE,H-HIP435HIE",H-HID435HIE,-0.04298803674061477,0.027965335729109555,-0.060117994455091195,0.006173223513328779,0.0027765160628844842,0.013254616883116887,FALSE,FALSE,FALSE,FALSE,FALSE,FALSE,FALSE,FALSE,TRUE,FALSE,FALSE,FALSE,TRUE,FALSE,FALSE,FALSE
Holo results with H310/H435 titration,coupled_l251n_l309d,3a607ac_3abb709,H-LEU309ASH,"H-LEU309ASH,H-HIP435HIE",H-HIP435HIE,NA,NA,NA,NA,NA,NA,NA,NA,NA,NA,NA,NA,NA,NA,NA,NA,NA,NA,NA,NA,NA,NA
Holo results with H310/H435 titration,coupled_l251n_l309d,3a607ac_4685c9e,H-LEU309ASH,"H-LEU309ASH,H-HIP435HID",H-HIP435HID,NA,NA,NA,NA,NA,NA,NA,NA,NA,NA,NA,NA,NA,NA,NA,NA,NA,NA,NA,NA,NA,NA
Holo results with H310/H435 titration,coupled_l251n_l309d,3a607ac_81ebcdd,H-LEU309ASH,"H-LEU309ASH,H-HIP310HID",H-HIP310HID,-0.17573726469959172,-0.04170415001680768,-0.1340009445453021,0.06815217395762126,0.004680346206425186,0.04161122727272721,TRUE,TRUE,FALSE,FALSE,FALSE,FALSE,FALSE,FALSE,TRUE,TRUE,FALSE,FALSE,TRUE,TRUE,FALSE,FALSE
Holo results with H310/H435 titration,coupled_l251n_l309d,3a607ac_9fe2e2f,H-LEU309ASH,"H-LEU309ASH,H-HIP310HIE",H-HIP310HIE,-0.047940575535620755,0.003134740430350666,-0.04138475723239998,0.005212568010936439,0.0015214904306219703,0.0050005632262473945,FALSE,FALSE,FALSE,FALSE,FALSE,FALSE,FALSE,FALSE,FALSE,FALSE,FALSE,FALSE,FALSE,FALSE,FALSE,FALSE
Holo results with H310/H435 titration,coupled_l251n_l309d,3a607ac_d91d13e,H-LEU309ASH,H-LEU309ASP,H-ASH309ASP,NA,NA,NA,NA,NA,NA,NA,NA,NA,NA,NA,NA,NA,NA,NA,NA,NA,NA,NA,NA,NA,NA
Holo results with H310/H435 titration,coupled_l251n_l309d,3abb709_2147f67,"H-LEU309ASH,H-HIP435HIE","H-LEU309ASH,H-HIP310HID,H-HIP435HIE",H-HIP310HID,-0.1488005630932306,0.0874232740765794,-0.23121642731180275,0.05144930553656866,0.014637247436773693,0.11764653691045775,TRUE,TRUE,FALSE,FALSE,TRUE,FALSE,FALSE,FALSE,TRUE,TRUE,TRUE,FALSE,TRUE,TRUE,TRUE,FALSE
Holo results with H310/H435 titration,coupled_l251n_l309d,3abb709_c26b15d,"H-LEU309ASH,H-HIP435HIE","H-LEU309ASH,H-HIP310HIE,H-HIP435HIE",H-HIP310HIE,NA,NA,NA,NA,NA,NA,NA,NA,NA,NA,NA,NA,NA,NA,NA,NA,NA,NA,NA,NA,NA,NA
Holo results with H310/H435 titration,coupled_l251n_l309d,404e0bb_0ca3751,WT,H-HIP310HID,H-HIP310HID,-0.03849425559228341,0.026128451788857254,-0.06777637779152618,0.005108699589883801,0.004837509227614483,0.018025734107997227,FALSE,FALSE,FALSE,FALSE,FALSE,FALSE,FALSE,FALSE,TRUE,FALSE,FALSE,FALSE,TRUE,FALSE,FALSE,FALSE
Holo results with H310/H435 titration,coupled_l251n_l309d,404e0bb_3a607ac,WT,H-LEU309ASH,H-LEU309ASH,0.033396318613090656,0.02067193243240589,0.009841173863616048,0.0027432987012986835,0.001702636363636332,6.863537252221074e-4,FALSE,FALSE,FALSE,FALSE,FALSE,FALSE,FALSE,FALSE,FALSE,FALSE,FALSE,FALSE,FALSE,FALSE,FALSE,FALSE
Holo results with H310/H435 titration,coupled_l251n_l309d,404e0bb_4dcadc2,WT,H-LEU251ASN,H-LEU251ASN,-0.06306286273261945,0.021409284486954096,-0.08738945186041816,0.009744076555023906,0.002779948393711572,0.020477828776486746,TRUE,FALSE,FALSE,FALSE,FALSE,FALSE,FALSE,FALSE,TRUE,FALSE,FALSE,FALSE,TRUE,FALSE,FALSE,FALSE
Holo results with H310/H435 titration,coupled_l251n_l309d,404e0bb_6d05828,WT,H-HIP435HIE,H-HIP435HIE,-0.06482873282657257,0.0274568750794904,-0.08881386045973072,0.00985806151742993,0.0021624565960355747,0.01892531681476419,TRUE,FALSE,FALSE,FALSE,FALSE,FALSE,FALSE,FALSE,TRUE,FALSE,FALSE,FALSE,TRUE,FALSE,FALSE,FALSE
Holo results with H310/H435 titration,coupled_l251n_l309d,404e0bb_7cbe88e,WT,H-HIP435HID,H-HIP435HID,-0.002127060384244612,-0.011740818636683734,0.004512588265373039,3.8943267259056787e-4,0.002023971291866006,0.002847112098427889,FALSE,FALSE,FALSE,FALSE,FALSE,FALSE,FALSE,FALSE,FALSE,FALSE,FALSE,FALSE,FALSE,FALSE,FALSE,FALSE
Holo results with H310/H435 titration,coupled_l251n_l309d,404e0bb_c0f367a,WT,H-HIP310HIE,H-HIP310HIE,-0.20167244232768133,0.0016719651992005442,-0.20754189697058972,0.09014004272043738,0.0013763321941216693,0.09677502631578927,TRUE,TRUE,TRUE,FALSE,FALSE,FALSE,FALSE,FALSE,TRUE,TRUE,TRUE,FALSE,TRUE,TRUE,TRUE,FALSE
Holo results with H310/H435 titration,coupled_l251n_l309d,404e0bb_d91d13e,WT,H-LEU309ASP,H-LEU309ASP,0.029172199225051633,0.038889762333448895,-0.014080448758707462,0.0022592624743677557,0.005482392002734183,0.0027545727956254217,FALSE,FALSE,FALSE,FALSE,FALSE,FALSE,FALSE,FALSE,FALSE,FALSE,FALSE,FALSE,FALSE,FALSE,FALSE,FALSE
Holo results with H310/H435 titration,coupled_l251n_l309d,4155157_4e34379,"H-LEU251ASN,H-HIP310HID","H-LEU251ASN,H-HIP310HID,H-HIP435HIE",H-HIP435HIE,-0.14930019378965415,0.0040858445058765454,-0.14805177738940262,0.0488326739576214,7.563851674641201e-4,0.050738929938482606,TRUE,TRUE,FALSE,FALSE,FALSE,FALSE,FALSE,FALSE,TRUE,TRUE,FALSE,FALSE,TRUE,TRUE,FALSE,FALSE
Holo results with H310/H435 titration,coupled_l251n_l309d,4155157_5374b0c,"H-LEU251ASN,H-HIP310HID","H-LEU251ASN,H-HIP310HIE",H-HID310HIE,-0.07754024906707635,0.22142256772282526,-0.3021994915980372,0.013631659603554341,0.11027124743677376,0.19244996035543405,TRUE,FALSE,FALSE,FALSE,TRUE,TRUE,TRUE,FALSE,TRUE,TRUE,TRUE,FALSE,TRUE,TRUE,TRUE,FALSE
Holo results with H310/H435 titration,coupled_l251n_l309d,4155157_7a62803,"H-LEU251ASN,H-HIP310HID","H-LEU251ASN,H-HIP310HID,H-HIP435HID",H-HIP435HID,0.03405003945893918,-0.003987152609598475,0.03898198313755573,0.003365724880382745,2.749039644565965e-4,0.004506327409432597,FALSE,FALSE,FALSE,FALSE,FALSE,FALSE,FALSE,FALSE,FALSE,FALSE,FALSE,FALSE,FALSE,FALSE,FALSE,FALSE
Holo results with H310/H435 titration,coupled_l251n_l309d,44a50ff_f1b40dc,"H-LEU309ASP,H-HIP310HID,H-HIP435HID","H-LEU309ASP,H-HIP310HID,H-HIP435HIE",H-HID435HIE,-0.13230392681023917,-0.003990078045177225,-0.12855188419861277,0.04912014798359534,0.0019017194121667797,0.056417118250170865,TRUE,TRUE,FALSE,FALSE,FALSE,FALSE,FALSE,FALSE,TRUE,TRUE,FALSE,FALSE,TRUE,TRUE,FALSE,FALSE
Holo results with H310/H435 titration,coupled_l251n_l309d,4685c9e_2dfe68f,"H-LEU309ASH,H-HIP435HID","H-LEU309ASH,H-HIP310HIE,H-HIP435HID",H-HIP310HIE,-0.09355694402236578,0.0036948140539048444,-0.08811784108801973,0.02732014080656194,0.003982106288448443,0.027493827409432656,TRUE,FALSE,FALSE,FALSE,FALSE,FALSE,FALSE,FALSE,TRUE,FALSE,FALSE,FALSE,TRUE,FALSE,FALSE,FALSE
Holo results with H310/H435 titration,coupled_l251n_l309d,4685c9e_3abb709,"H-LEU309ASH,H-HIP435HID","H-LEU309ASH,H-HIP435HIE",H-HID435HIE,-0.1178357555494752,-0.007380880397712197,-0.11199514835054872,0.02953654647983597,4.553345864661653e-4,0.026532069036226943,TRUE,TRUE,FALSE,FALSE,FALSE,FALSE,FALSE,FALSE,TRUE,TRUE,FALSE,FALSE,TRUE,TRUE,FALSE,FALSE
Holo results with H310/H435 titration,coupled_l251n_l309d,4685c9e_82ca077,"H-LEU309ASH,H-HIP435HID","H-LEU309ASH,H-HIP310HID,H-HIP435HID",H-HIP310HID,-0.12126786493441051,0.05382854502110864,-0.17360299322745837,0.03273187012986992,0.007773699589883731,0.06840800683526949,TRUE,TRUE,FALSE,FALSE,TRUE,FALSE,FALSE,FALSE,TRUE,TRUE,FALSE,FALSE,TRUE,TRUE,FALSE,FALSE
Holo results with H310/H435 titration,coupled_l251n_l309d,494372c_10e5ce2,"H-LEU309ASP,H-HIP310HIE","H-LEU309ASP,H-HIP310HIE,H-HIP435HIE",H-HIP435HIE,0.019593894319289235,0,0.017432936558406276,0.0016381384142173854,4.3838858509911147e-4,0.0018725905673274278,FALSE,FALSE,FALSE,FALSE,FALSE,FALSE,FALSE,FALSE,FALSE,FALSE,FALSE,FALSE,FALSE,FALSE,FALSE,FALSE
Holo results with H310/H435 titration,coupled_l251n_l309d,494372c_2657233,"H-LEU309ASP,H-HIP310HIE","H-LEU309ASP,H-HIP310HIE,H-HIP435HID",H-HIP435HID,-0.060023094032105595,-0.028328521907409983,-0.03050763897721083,0.007920989747095111,0.0022009897470950395,0.002826571428571458,TRUE,FALSE,FALSE,FALSE,FALSE,FALSE,FALSE,FALSE,FALSE,FALSE,FALSE,FALSE,TRUE,FALSE,FALSE,FALSE
Holo results with H310/H435 titration,coupled_l251n_l309d,4dcadc2_19c3a11,H-LEU251ASN,"H-LEU251ASN,H-HIP435HIE",H-HIP435HIE,-0.06714140868452267,-0.03189434983980961,-0.03684162701159391,0.011509651742993815,0.00303312406015038,0.005707824675324686,TRUE,FALSE,FALSE,FALSE,FALSE,FALSE,FALSE,FALSE,FALSE,FALSE,FALSE,FALSE,TRUE,FALSE,FALSE,FALSE
Holo results with H310/H435 titration,coupled_l251n_l309d,4dcadc2_4155157,H-LEU251ASN,"H-LEU251ASN,H-HIP310HID",H-HIP310HID,-0.1138669377010482,0.00311367948315429,-0.11694594941264044,0.04347226999316462,0.0018638174982911722,0.050204515379357294,TRUE,TRUE,FALSE,FALSE,FALSE,FALSE,FALSE,FALSE,TRUE,TRUE,FALSE,FALSE,TRUE,TRUE,FALSE,FALSE
Holo results with H310/H435 titration,coupled_l251n_l309d,4dcadc2_5374b0c,H-LEU251ASN,"H-LEU251ASN,H-HIP310HIE",H-HIP310HIE,-0.10115073255217064,0.03220250780927886,-0.13027628185958107,0.030741914900888564,0.003931030416951483,0.055279778537252244,TRUE,TRUE,FALSE,FALSE,FALSE,FALSE,FALSE,FALSE,TRUE,TRUE,FALSE,FALSE,TRUE,TRUE,FALSE,FALSE
Holo results with H310/H435 titration,coupled_l251n_l309d,4dcadc2_c76d2f7,H-LEU251ASN,"H-LEU251ASN,H-HIP435HID",H-HIP435HID,-0.05220844756387035,-0.01577535568970625,-0.036259079112259035,0.008143144565960329,6.915953520164138e-4,0.005758982570061495,TRUE,FALSE,FALSE,FALSE,FALSE,FALSE,FALSE,FALSE,FALSE,FALSE,FALSE,FALSE,TRUE,FALSE,FALSE,FALSE
Holo results with H310/H435 titration,coupled_l251n_l309d,5134ed6_2147f67,"H-HIP310HID,H-HIP435HIE","H-LEU309ASH,H-HIP310HID,H-HIP435HIE",H-LEU309ASH,-0.2533884473410467,0.06064609130882644,-0.30585915156164944,0.14714271462747772,0.010850076213260377,0.23471659193438107,TRUE,TRUE,TRUE,FALSE,TRUE,FALSE,FALSE,FALSE,TRUE,TRUE,TRUE,FALSE,TRUE,TRUE,TRUE,FALSE
Holo results with H310/H435 titration,coupled_l251n_l309d,5134ed6_4e34379,"H-HIP310HID,H-HIP435HIE","H-LEU251ASN,H-HIP310HID,H-HIP435HIE",H-LEU251ASN,-0.0159358802336907,0.10279888853295163,-0.11484854923295534,0.0013184446343130589,0.022719525632262417,0.030718457963089408,FALSE,FALSE,FALSE,FALSE,TRUE,TRUE,FALSE,FALSE,TRUE,TRUE,FALSE,FALSE,TRUE,TRUE,FALSE,FALSE
Holo results with H310/H435 titration,coupled_l251n_l309d,5134ed6_5683b07,"H-HIP310HID,H-HIP435HIE","H-HIP310HIE,H-HIP435HIE",H-HID310HIE,0.2299402752983402,0.05673885628024698,0.17917588336337537,0.13367693745727957,0.006332774777853731,0.10091941387559808,TRUE,TRUE,TRUE,FALSE,TRUE,FALSE,FALSE,FALSE,TRUE,TRUE,FALSE,FALSE,TRUE,TRUE,TRUE,FALSE
Holo results with H310/H435 titration,coupled_l251n_l309d,5134ed6_f1b40dc,"H-HIP310HID,H-HIP435HIE","H-LEU309ASP,H-HIP310HID,H-HIP435HIE",H-LEU309ASP,-0.18813044035946114,-0.09133224418802566,-0.09152291693163464,0.08372748906356813,0.022138700273410673,0.024659365686944986,TRUE,TRUE,FALSE,FALSE,TRUE,FALSE,FALSE,FALSE,TRUE,FALSE,FALSE,FALSE,TRUE,TRUE,FALSE,FALSE
Holo results with H310/H435 titration,coupled_l251n_l309d,5374b0c_0daae05,"H-LEU251ASN,H-HIP310HIE","H-LEU251ASN,H-HIP310HIE,H-HIP435HID",H-HIP435HID,-0.08193527657768217,-0.03987567948199732,-0.040512225487314285,0.015586749829118271,0.00423489200273413,0.005129903622693099,TRUE,FALSE,FALSE,FALSE,FALSE,FALSE,FALSE,FALSE,FALSE,FALSE,FALSE,FALSE,TRUE,FALSE,FALSE,FALSE
Holo results with H310/H435 titration,coupled_l251n_l309d,5374b0c_8e821f1,"H-LEU251ASN,H-HIP310HIE","H-LEU251ASN,H-HIP310HIE,H-HIP435HIE",H-HIP435HIE,-0.10768299275456165,-0.05702812534482045,-0.04935059246313897,0.024910484962406172,0.007461395762132535,0.006421474709501159,TRUE,TRUE,FALSE,FALSE,TRUE,FALSE,FALSE,FALSE,FALSE,FALSE,FALSE,FALSE,TRUE,TRUE,FALSE,FALSE
Holo results with H310/H435 titration,coupled_l251n_l309d,5683b07_10e5ce2,"H-HIP310HIE,H-HIP435HIE","H-LEU309ASP,H-HIP310HIE,H-HIP435HIE",H-LEU309ASP,-0.16088082636589934,-0.033670385279907636,-0.12950753732179954,0.05577815516062932,0.0029255567327411297,0.03881622351332836,TRUE,TRUE,FALSE,FALSE,FALSE,FALSE,FALSE,FALSE,TRUE,TRUE,FALSE,FALSE,TRUE,TRUE,FALSE,FALSE
Holo results with H310/H435 titration,coupled_l251n_l309d,5683b07_8e821f1,"H-HIP310HIE,H-HIP435HIE","H-LEU251ASN,H-HIP310HIE,H-HIP435HIE",H-LEU251ASN,0.04957491333798001,-0.028150782252512545,0.07238502303620212,0.005157509227614443,0.0034729938482569557,0.014830298359535012,FALSE,FALSE,FALSE,FALSE,FALSE,FALSE,FALSE,FALSE,TRUE,FALSE,FALSE,FALSE,TRUE,FALSE,FALSE,FALSE
Holo results with H310/H435 titration,coupled_l251n_l309d,5683b07_c26b15d,"H-HIP310HIE,H-HIP435HIE","H-LEU309ASH,H-HIP310HIE,H-HIP435HIE",H-LEU309ASH,0.20147912533382833,-0.06878104239449781,0.2691209581203925,0.10021722180451148,0.011168736158578264,0.17546330382775152,TRUE,TRUE,TRUE,FALSE,TRUE,FALSE,FALSE,FALSE,TRUE,TRUE,TRUE,FALSE,TRUE,TRUE,TRUE,FALSE
Holo results with H310/H435 titration,coupled_l251n_l309d,5ec6a60_0daae05,"H-HIP310HIE,H-HIP435HID","H-LEU251ASN,H-HIP310HIE,H-HIP435HID",H-LEU251ASN,-0.05258330551488502,-0.03566874464354729,-0.030111369037730686,0.011428542720437461,0.0052996326042377894,0.004452078263841392,TRUE,FALSE,FALSE,FALSE,FALSE,FALSE,FALSE,FALSE,FALSE,FALSE,FALSE,FALSE,TRUE,FALSE,FALSE,FALSE
Holo results with H310/H435 titration,coupled_l251n_l309d,5ec6a60_2657233,"H-HIP310HIE,H-HIP435HID","H-LEU309ASP,H-HIP310HIE,H-HIP435HID",H-LEU309ASP,-0.03559224547343094,0.024298637462315188,-0.051527039046330284,0.004468764183185262,0.001774855092276213,0.007538346206425186,FALSE,FALSE,FALSE,FALSE,FALSE,FALSE,FALSE,FALSE,TRUE,FALSE,FALSE,FALSE,TRUE,FALSE,FALSE,FALSE
Holo results with H310/H435 titration,coupled_l251n_l309d,5ec6a60_2dfe68f,"H-HIP310HIE,H-HIP435HID","H-LEU309ASH,H-HIP310HIE,H-HIP435HID",H-LEU309ASH,0.17430918857415156,0.008075551493967763,0.1606328375183034,0.07031816712235148,4.616384142173794e-4,0.06506593643198898,TRUE,TRUE,FALSE,FALSE,FALSE,FALSE,FALSE,FALSE,TRUE,TRUE,FALSE,FALSE,TRUE,TRUE,FALSE,FALSE
Holo results with H310/H435 titration,coupled_l251n_l309d,6d05828_19c3a11,H-HIP435HIE,"H-LEU251ASN,H-HIP435HIE",H-LEU251ASN,-0.05953293185991716,-0.0025127415824245185,-0.0579645140566947,0.01261174846206427,0.002834585782638434,0.018487918660287074,TRUE,FALSE,FALSE,FALSE,FALSE,FALSE,FALSE,FALSE,TRUE,FALSE,FALSE,FALSE,TRUE,FALSE,FALSE,FALSE
Holo results with H310/H435 titration,coupled_l251n_l309d,6d05828_3abb709,H-HIP435HIE,"H-LEU309ASH,H-HIP435HIE",H-LEU309ASH,-0.01321997689012621,0.027204595370982444,-0.043219155217711844,0.009462548872180431,0.002221695488721797,0.018892097744360844,FALSE,FALSE,FALSE,FALSE,FALSE,FALSE,FALSE,FALSE,FALSE,FALSE,FALSE,FALSE,FALSE,FALSE,FALSE,FALSE
Holo results with H310/H435 titration,coupled_l251n_l309d,6d05828_5134ed6,H-HIP435HIE,"H-HIP310HID,H-HIP435HIE",H-HIP310HID,-0.0796588351071615,0.07398859465347599,-0.15136482415615662,0.013376898838004185,0.013285403964456583,0.04929597300068366,TRUE,FALSE,FALSE,FALSE,TRUE,FALSE,FALSE,FALSE,TRUE,TRUE,FALSE,FALSE,TRUE,TRUE,FALSE,FALSE
Holo results with H310/H435 titration,coupled_l251n_l309d,6d05828_5683b07,H-HIP435HIE,"H-HIP310HIE,H-HIP435HIE",H-HIP310HIE,-0.11242015836469338,0.08065600417565214,-0.19746117295985308,0.02814018147641834,0.014195956596035533,0.08093499760765548,TRUE,TRUE,FALSE,FALSE,TRUE,FALSE,FALSE,FALSE,TRUE,TRUE,FALSE,FALSE,TRUE,TRUE,FALSE,FALSE
Holo results with H310/H435 titration,coupled_l251n_l309d,6d05828_b2e49bf,H-HIP435HIE,"H-LEU309ASP,H-HIP435HIE",H-LEU309ASP,-0.03936872138922541,0.013643694098127946,-0.054495788360349615,0.005492753588516946,0.0020476168831170018,0.011924655160629311,FALSE,FALSE,FALSE,FALSE,FALSE,FALSE,FALSE,FALSE,TRUE,FALSE,FALSE,FALSE,TRUE,FALSE,FALSE,FALSE
Holo results with H310/H435 titration,coupled_l251n_l309d,7a62803_4e34379,"H-LEU251ASN,H-HIP310HID,H-HIP435HID","H-LEU251ASN,H-HIP310HID,H-HIP435HIE",H-HID435HIE,-0.017716675760202846,0.007573199112300022,-0.01525381948860629,0.0419929036226931,9.814210526315782e-4,0.04130832467532467,FALSE,FALSE,FALSE,FALSE,FALSE,FALSE,FALSE,FALSE,FALSE,FALSE,FALSE,FALSE,FALSE,FALSE,FALSE,FALSE
Holo results with H310/H435 titration,coupled_l251n_l309d,7cbe88e_4685c9e,H-HIP435HID,"H-LEU309ASH,H-HIP435HID",H-LEU309ASH,-0.00854213891361851,-0.06666484072797743,0.06267988127162746,6.809371155160676e-4,0.01079777922077924,0.009296624060150426,FALSE,FALSE,FALSE,FALSE,TRUE,FALSE,FALSE,FALSE,TRUE,FALSE,FALSE,FALSE,TRUE,FALSE,FALSE,FALSE
Holo results with H310/H435 titration,coupled_l251n_l309d,7cbe88e_5ec6a60,H-HIP435HID,"H-HIP310HIE,H-HIP435HID",H-HIP310HIE,-0.07561522887952363,-0.023516305044932392,-0.05269501277882027,0.014102616541353356,0.0028281182501708646,0.0084895618591934,TRUE,FALSE,FALSE,FALSE,FALSE,FALSE,FALSE,FALSE,TRUE,FALSE,FALSE,FALSE,TRUE,FALSE,FALSE,FALSE
Holo results with H310/H435 titration,coupled_l251n_l309d,7cbe88e_6d05828,H-HIP435HID,H-HIP435HIE,H-HID435HIE,-0.039282036273540405,0.0012982627049657955,-0.04352372095834085,0.005513738550922765,1.728920027341083e-4,0.005476489063568016,FALSE,FALSE,FALSE,FALSE,FALSE,FALSE,FALSE,FALSE,FALSE,FALSE,FALSE,FALSE,FALSE,FALSE,FALSE,FALSE
Holo results with H310/H435 titration,coupled_l251n_l309d,7cbe88e_a55737b,H-HIP435HID,"H-HIP310HID,H-HIP435HID",H-HIP310HID,-0.299497446533215,0.05442520617074809,-0.33351877096195254,0.17744029118250165,0.007060177033492885,0.24848602563226274,TRUE,TRUE,TRUE,FALSE,TRUE,FALSE,FALSE,FALSE,TRUE,TRUE,TRUE,FALSE,TRUE,TRUE,TRUE,FALSE
Holo results with H310/H435 titration,coupled_l251n_l309d,7cbe88e_c76d2f7,H-HIP435HID,"H-LEU251ASN,H-HIP435HID",H-LEU251ASN,-0.0030507638977208774,-0.06352322575322045,0.04027889264658774,0.0027428198906356803,0.009394711551606347,0.005960948393711553,FALSE,FALSE,FALSE,FALSE,TRUE,FALSE,FALSE,FALSE,FALSE,FALSE,FALSE,FALSE,TRUE,FALSE,FALSE,FALSE
Holo results with H310/H435 titration,coupled_l251n_l309d,7cbe88e_e03b82d,H-HIP435HID,"H-LEU309ASP,H-HIP435HID",H-LEU309ASP,-0.044479534370372345,0.014236898189355753,-0.05647876336908389,0.0052087259056731354,6.630406698564268e-4,0.008168039302802327,FALSE,FALSE,FALSE,FALSE,FALSE,FALSE,FALSE,FALSE,TRUE,FALSE,FALSE,FALSE,TRUE,FALSE,FALSE,FALSE
Holo results with H310/H435 titration,coupled_l251n_l309d,81ebcdd_2147f67,"H-LEU309ASH,H-HIP310HID","H-LEU309ASH,H-HIP310HID,H-HIP435HIE",H-HIP435HIE,-0.18316689592269914,-0.009754229317264464,-0.17215024851426153,0.08272584313055345,7.973872180450982e-4,0.07784020027341075,TRUE,TRUE,FALSE,FALSE,FALSE,FALSE,FALSE,FALSE,TRUE,TRUE,FALSE,FALSE,TRUE,TRUE,FALSE,FALSE
Holo results with H310/H435 titration,coupled_l251n_l309d,81ebcdd_82ca077,"H-LEU309ASH,H-HIP310HID","H-LEU309ASH,H-HIP310HID,H-HIP435HID",H-HIP435HID,-0.006933554313002296,-0.005393047699096902,0.013242083874890679,0.0017099374572795531,0.005036774436090229,0.008424429938482535,FALSE,FALSE,FALSE,FALSE,FALSE,FALSE,FALSE,FALSE,FALSE,FALSE,FALSE,FALSE,FALSE,FALSE,FALSE,FALSE
Holo results with H310/H435 titration,coupled_l251n_l309d,81ebcdd_9fe2e2f,"H-LEU309ASH,H-HIP310HID","H-LEU309ASH,H-HIP310HIE",H-HID310HIE,0.028401159143069635,0.05796451405670012,-0.03184552199253615,0.006380212235133285,0.0074210878332194065,0.005550708133971293,FALSE,FALSE,FALSE,FALSE,TRUE,FALSE,FALSE,FALSE,FALSE,FALSE,FALSE,FALSE,TRUE,FALSE,FALSE,FALSE
Holo results with H310/H435 titration,coupled_l251n_l309d,82ca077_2dfe68f,"H-LEU309ASH,H-HIP310HID,H-HIP435HID","H-LEU309ASH,H-HIP310HIE,H-HIP435HID",H-HID310HIE,0.08676767765785562,-0.04260173871460471,0.1383733238771764,0.020696434039644558,0.015930173274094326,0.06827414764183184,TRUE,FALSE,FALSE,FALSE,FALSE,FALSE,FALSE,FALSE,TRUE,TRUE,FALSE,FALSE,TRUE,TRUE,FALSE,FALSE
Holo results with H310/H435 titration,coupled_l251n_l309d,9fe2e2f_2dfe68f,"H-LEU309ASH,H-HIP310HIE","H-LEU309ASH,H-HIP310HIE,H-HIP435HID",H-HIP435HID,-0.011917046475473824,-0.001764307438062853,-0.006837919081096025,7.827272727272825e-4,7.259627477785337e-4,7.949579630895277e-4,FALSE,FALSE,FALSE,FALSE,FALSE,FALSE,FALSE,FALSE,FALSE,FALSE,FALSE,FALSE,FALSE,FALSE,FALSE,FALSE
Holo results with H310/H435 titration,coupled_l251n_l309d,9fe2e2f_c26b15d,"H-LEU309ASH,H-HIP310HIE","H-LEU309ASH,H-HIP310HIE,H-HIP435HIE",H-HIP435HIE,0.03241436641328163,0.03832235851101225,-0.014329345580205145,0.005266804853041761,0.006098033151059459,0.0039212006151743,FALSE,FALSE,FALSE,FALSE,FALSE,FALSE,FALSE,FALSE,FALSE,FALSE,FALSE,FALSE,FALSE,FALSE,FALSE,FALSE
Holo results with H310/H435 titration,coupled_l251n_l309d,a55737b_44a50ff,"H-HIP310HID,H-HIP435HID","H-LEU309ASP,H-HIP310HID,H-HIP435HID",H-LEU309ASP,-0.13728437539723368,0.04646361841053184,-0.183893268279307,0.043251095693780224,0.006666185235816738,0.0748433359535204,TRUE,TRUE,FALSE,FALSE,FALSE,FALSE,FALSE,FALSE,TRUE,TRUE,FALSE,FALSE,TRUE,TRUE,FALSE,FALSE
Holo results with H310/H435 titration,coupled_l251n_l309d,a55737b_5ec6a60,"H-HIP310HID,H-HIP435HID","H-HIP310HIE,H-HIP435HID",H-HID310HIE,0.07106342888739084,0.06637654686291566,0.030507638977210705,0.023191714627477787,0.012523399521531106,0.01708734381408065,TRUE,FALSE,FALSE,FALSE,TRUE,FALSE,FALSE,FALSE,FALSE,FALSE,FALSE,FALSE,TRUE,FALSE,FALSE,FALSE
Holo results with H310/H435 titration,coupled_l251n_l309d,a55737b_7a62803,"H-HIP310HID,H-HIP435HID","H-LEU251ASN,H-HIP310HID,H-HIP435HID",H-LEU251ASN,0.057735920403298314,-0.1118613429164379,0.15866248957624202,0.010627169514695863,0.02564447846889955,0.06029208817498303,TRUE,FALSE,FALSE,FALSE,TRUE,TRUE,FALSE,FALSE,TRUE,TRUE,FALSE,FALSE,TRUE,TRUE,FALSE,FALSE
Holo results with H310/H435 titration,coupled_l251n_l309d,a55737b_82ca077,"H-HIP310HID,H-HIP435HID","H-LEU309ASH,H-HIP310HID,H-HIP435HID",H-LEU309ASH,-0.028160897517424996,0.015253819488605777,-0.042559463310003987,0.005599429938482534,7.429340396445632e-4,0.009007053656869404,FALSE,FALSE,FALSE,FALSE,FALSE,FALSE,FALSE,FALSE,FALSE,FALSE,FALSE,FALSE,FALSE,FALSE,FALSE,FALSE
Holo results with H310/H435 titration,coupled_l251n_l309d,b2e49bf_10e5ce2,"H-LEU309ASP,H-HIP435HIE","H-LEU309ASP,H-HIP310HIE,H-HIP435HIE",H-HIP310HIE,-0.05318022642372404,-0.02883119263244532,-0.024373656246684212,0.012795106971975409,0.0035080235816814737,0.01334214046479844,TRUE,FALSE,FALSE,FALSE,FALSE,FALSE,FALSE,FALSE,FALSE,FALSE,FALSE,FALSE,TRUE,FALSE,FALSE,FALSE
Holo results with H310/H435 titration,coupled_l251n_l309d,b2e49bf_f1b40dc,"H-LEU309ASP,H-HIP435HIE","H-LEU309ASP,H-HIP310HID,H-HIP435HIE",H-HIP310HID,-0.3190271051914638,0.06516096563740277,-0.3798810268187599,0.21758096274777844,0.010662594326725918,0.3178431954887217,TRUE,TRUE,TRUE,FALSE,TRUE,FALSE,FALSE,FALSE,TRUE,TRUE,TRUE,FALSE,TRUE,TRUE,TRUE,FALSE
Holo results with H310/H435 titration,coupled_l251n_l309d,c0f367a_494372c,H-HIP310HIE,"H-LEU309ASP,H-HIP310HIE",H-LEU309ASP,-0.045761458465817334,-0.047243635261125905,-0.00987289724219327,0.0053761206425155484,0.004477805536568606,0.0012217115516061897,FALSE,FALSE,FALSE,FALSE,FALSE,FALSE,FALSE,FALSE,FALSE,FALSE,FALSE,FALSE,FALSE,FALSE,FALSE,FALSE
Holo results with H310/H435 titration,coupled_l251n_l309d,c0f367a_5374b0c,H-HIP310HIE,"H-LEU251ASN,H-HIP310HIE",H-LEU251ASN,0.10321751187289488,-0.011700507274400147,0.10628262105540132,0.021314609364319836,0.003346703007518809,0.02892610936431992,TRUE,TRUE,FALSE,FALSE,FALSE,FALSE,FALSE,FALSE,TRUE,TRUE,FALSE,FALSE,TRUE,TRUE,FALSE,FALSE
Holo results with H310/H435 titration,coupled_l251n_l309d,c0f367a_5683b07,H-HIP310HIE,"H-HIP310HIE,H-HIP435HIE",H-HIP435HIE,-0.09948896791950387,0.03721444187735866,-0.13209675661385162,0.020612966165413596,0.0038355256322624705,0.04105074743677382,TRUE,FALSE,FALSE,FALSE,FALSE,FALSE,FALSE,FALSE,TRUE,TRUE,FALSE,FALSE,TRUE,TRUE,FALSE,FALSE
Holo results with H310/H435 titration,coupled_l251n_l309d,c0f367a_5ec6a60,H-HIP310HIE,"H-HIP310HIE,H-HIP435HID",H-HIP435HID,-0.08158890663058097,-0.03655468884590458,-0.04844500078325714,0.015421425153793583,0.0031595256322625178,0.005838339712918601,TRUE,FALSE,FALSE,FALSE,FALSE,FALSE,FALSE,FALSE,FALSE,FALSE,FALSE,FALSE,TRUE,FALSE,FALSE,FALSE
Holo results with H310/H435 titration,coupled_l251n_l309d,c0f367a_9fe2e2f,H-HIP310HIE,"H-LEU309ASH,H-HIP310HIE",H-LEU309ASH,0.027965335729109825,0.00564342194445773,0.01785417221409019,0.0026778321941216664,6.651093643198821e-4,0.001743609364319896,FALSE,FALSE,FALSE,FALSE,FALSE,FALSE,FALSE,FALSE,FALSE,FALSE,FALSE,FALSE,FALSE,FALSE,FALSE,FALSE
Holo results with H310/H435 titration,coupled_l251n_l309d,c76d2f7_0daae05,"H-LEU251ASN,H-HIP435HID","H-LEU251ASN,H-HIP310HIE,H-HIP435HID",H-HIP310HIE,-0.16645584220717632,0.09152291693163486,-0.251688021561963,0.062727470950102407,0.027200251196172302,0.16843356903622692,TRUE,TRUE,FALSE,FALSE,TRUE,FALSE,FALSE,FALSE,TRUE,TRUE,TRUE,FALSE,TRUE,TRUE,TRUE,FALSE
Holo results with H310/H435 titration,coupled_l251n_l309d,c76d2f7_19c3a11,"H-LEU251ASN,H-HIP435HID","H-LEU251ASN,H-HIP435HIE",H-HID435HIE,-0.09152291693163106,0.024406111181768327,-0.11440364616453905,0.019241296308954204,0.0021139784688995215,0.0323071910457963,TRUE,FALSE,FALSE,FALSE,FALSE,FALSE,FALSE,FALSE,TRUE,TRUE,FALSE,FALSE,TRUE,TRUE,FALSE,FALSE
Holo results with H310/H435 titration,coupled_l251n_l309d,c76d2f7_7a62803,"H-LEU251ASN,H-HIP435HID","H-LEU251ASN,H-HIP310HID,H-HIP435HID",H-HIP310HID,-0.2770423431443973,-0.13494529701714017,-0.1390851735315178,0.16805235509227628,0.040858302460697236,0.04829497368421055,TRUE,TRUE,TRUE,FALSE,TRUE,TRUE,FALSE,FALSE,TRUE,TRUE,FALSE,FALSE,TRUE,TRUE,TRUE,FALSE
Holo results with H310/H435 titration,coupled_l251n_l309d,d91d13e_494372c,H-LEU309ASP,"H-LEU309ASP,H-HIP310HIE",H-HIP310HIE,NA,NA,NA,NA,NA,NA,NA,NA,NA,NA,NA,NA,NA,NA,NA,NA,NA,NA,NA,NA,NA,NA
Holo results with H310/H435 titration,coupled_l251n_l309d,d91d13e_b2e49bf,H-LEU309ASP,"H-LEU309ASP,H-HIP435HIE",H-HIP435HIE,NA,NA,NA,NA,NA,NA,NA,NA,NA,NA,NA,NA,NA,NA,NA,NA,NA,NA,NA,NA,NA,NA
Holo results with H310/H435 titration,coupled_l251n_l309d,d91d13e_e03b82d,H-LEU309ASP,"H-LEU309ASP,H-HIP435HID",H-HIP435HID,0.04974071572371447,0.030507638977212613,0.0067015861356213395,0.007671896445659635,0.003181699589883839,0.005706664730006872,FALSE,FALSE,FALSE,FALSE,FALSE,FALSE,FALSE,FALSE,FALSE,FALSE,FALSE,FALSE,FALSE,FALSE,FALSE,FALSE
Holo results with H310/H435 titration,coupled_l251n_l309d,d91d13e_e971039,H-LEU309ASP,"H-LEU309ASP,H-HIP310HID",H-HIP310HID,-0.3268675604701117,-0.06626456806183521,-0.24340458295691195,0.21947663568010964,0.014193221120984343,0.12665856561859198,TRUE,TRUE,TRUE,FALSE,TRUE,FALSE,FALSE,FALSE,TRUE,TRUE,TRUE,FALSE,TRUE,TRUE,TRUE,FALSE
Holo results with H310/H435 titration,coupled_l251n_l309d,e03b82d_2657233,"H-LEU309ASP,H-HIP435HID","H-LEU309ASP,H-HIP310HIE,H-HIP435HID",H-HIP310HIE,NA,NA,NA,NA,NA,NA,NA,NA,NA,NA,NA,NA,NA,NA,NA,NA,NA,NA,NA,NA,NA,NA
Holo results with H310/H435 titration,coupled_l251n_l309d,e03b82d_44a50ff,"H-LEU309ASP,H-HIP435HID","H-LEU309ASP,H-HIP310HID,H-HIP435HID",H-HIP310HID,-0.13219976890124285,-0.13922641260085777,0.0027417762721811826,0.04528657826384153,0.04170877204374573,0.002522485304169508,TRUE,TRUE,FALSE,FALSE,TRUE,TRUE,FALSE,FALSE,FALSE,FALSE,FALSE,FALSE,TRUE,TRUE,FALSE,FALSE
Holo results with H310/H435 titration,coupled_l251n_l309d,e03b82d_b2e49bf,"H-LEU309ASP,H-HIP435HID","H-LEU309ASP,H-HIP435HIE",H-HID435HIE,0.003050763897721025,-9.039796448471042e-4,0.00610152779544159,0.0010170068352699916,0.0010410799726589203,0.003793664730006833,FALSE,FALSE,FALSE,FALSE,FALSE,FALSE,FALSE,FALSE,FALSE,FALSE,FALSE,FALSE,FALSE,FALSE,FALSE,FALSE
Holo results with H310/H435 titration,coupled_l251n_l309d,e971039_44a50ff,"H-LEU309ASP,H-HIP310HID","H-LEU309ASP,H-HIP310HID,H-HIP435HID",H-HIP435HID,-0.03660916677265295,0.01760056094839128,-0.05588966656711014,0.004575729665071787,8.324446343130614e-4,0.008195023581681513,FALSE,FALSE,FALSE,FALSE,FALSE,FALSE,FALSE,FALSE,TRUE,FALSE,FALSE,FALSE,TRUE,FALSE,FALSE,FALSE
Holo results with H310/H435 titration,coupled_l251n_l309d,e971039_494372c,"H-LEU309ASP,H-HIP310HID","H-LEU309ASP,H-HIP310HIE",H-HID310HIE,0.0533883682101188,0.05355599260010288,-0.0220555957225594,0.007315410116199588,0.007952072795625422,0.004311894053315103,TRUE,FALSE,FALSE,FALSE,TRUE,FALSE,FALSE,FALSE,FALSE,FALSE,FALSE,FALSE,TRUE,FALSE,FALSE,FALSE
Holo results with H310/H435 titration,coupled_l251n_l309d,e971039_f1b40dc,"H-LEU309ASP,H-HIP310HID","H-LEU309ASP,H-HIP310HID,H-HIP435HIE",H-HIP435HIE,-0.07994053399580094,-0.06471942003334848,-0.01693328042219741,0.01563106185919353,0.009386178058783319,0.0018776216678059018,TRUE,FALSE,FALSE,FALSE,TRUE,FALSE,FALSE,FALSE,FALSE,FALSE,FALSE,FALSE,TRUE,FALSE,FALSE,FALSE
Holo results with H310/H435 titration,coupled_m252h_main,00a57d8_8810714,H-MET252HIE,"H-MET252HIE,H-HIP310HIE",H-HIP310HIE,-0.11494842543199124,0.008673740493521638,-0.12651951240803516,0.037279853725222134,0.0017129364319890738,0.045470406015037615,TRUE,TRUE,FALSE,FALSE,FALSE,FALSE,FALSE,FALSE,TRUE,TRUE,FALSE,FALSE,TRUE,TRUE,FALSE,FALSE
Holo results with H310/H435 titration,coupled_m252h_main,00a57d8_ba31c72,H-MET252HIE,"H-MET252HIE,H-HIP435HIE",H-HIP435HIE,0.05265698869113315,-0.023132911022175996,0.08682832286553527,0.007560729323308218,0.005574377306903614,0.022183730690362193,TRUE,FALSE,FALSE,FALSE,FALSE,FALSE,FALSE,FALSE,TRUE,FALSE,FALSE,FALSE,TRUE,FALSE,FALSE,FALSE
Holo results with H310/H435 titration,coupled_m252h_main,00a57d8_e2765b0,H-MET252HIE,"H-MET252HIE,H-HIP435HID",H-HIP435HID,0.04067685196961689,-0.010619005105527598,0.035174159058858234,0.004943319890635713,0.002700992481203037,0.008117556732741024,FALSE,FALSE,FALSE,FALSE,FALSE,FALSE,FALSE,FALSE,FALSE,FALSE,FALSE,FALSE,FALSE,FALSE,FALSE,FALSE
Holo results with H310/H435 titration,coupled_m252h_main,00a57d8_e3c493d,H-MET252HIE,H-MET252HIP,H-HIE252HIP,-0.04605203376449496,-0.08823287743408939,0.05019445996529279,0.007327224880382757,0.01811044019138756,0.006537760765550204,FALSE,FALSE,FALSE,FALSE,TRUE,FALSE,FALSE,FALSE,TRUE,FALSE,FALSE,FALSE,TRUE,FALSE,FALSE,FALSE
Holo results with H310/H435 titration,coupled_m252h_main,00a57d8_f0eb34c,H-MET252HIE,"H-MET252HIE,H-HIP310HID",H-HIP310HID,-0.18304583386326972,-0.11048266436812292,-0.0508460649620071,0.07292271462747772,0.0373571818181819,0.011266925153793555,TRUE,TRUE,FALSE,FALSE,TRUE,TRUE,FALSE,FALSE,TRUE,FALSE,FALSE,FALSE,TRUE,TRUE,FALSE,FALSE
Holo results with H310/H435 titration,coupled_m252h_main,0920ae9_7335342,"H-MET252HID,H-HIP435HID","H-MET252HID,H-HIP310HIE,H-HIP435HID",H-HIP310HIE,-0.20704913855637125,0.05247830982707021,-0.2743508390879107,0.12050442993848261,0.007125380041011688,0.1818639777853729,TRUE,TRUE,TRUE,FALSE,TRUE,FALSE,FALSE,FALSE,TRUE,TRUE,TRUE,FALSE,TRUE,TRUE,TRUE,FALSE
Holo results with H310/H435 titration,coupled_m252h_main,0920ae9_c33934f,"H-MET252HID,H-HIP435HID","H-MET252HID,H-HIP310HID,H-HIP435HID",H-HIP310HID,-0.3726537816299017,-0.023505676686873395,-0.35628228842462134,0.3099988414217365,0.0027908287764866497,0.2770704627477786,TRUE,TRUE,TRUE,FALSE,FALSE,FALSE,FALSE,FALSE,TRUE,TRUE,TRUE,FALSE,TRUE,TRUE,TRUE,FALSE
Holo results with H310/H435 titration,coupled_m252h_main,0920ae9_e2765b0,"H-MET252HID,H-HIP435HID","H-MET252HIE,H-HIP435HID",H-HID252HIE,-0.10770875617443752,0.05223855378654529,-0.168240656124322,0.02655372214627478,0.006511546479835956,0.057521375256322636,TRUE,TRUE,FALSE,FALSE,TRUE,FALSE,FALSE,FALSE,TRUE,TRUE,FALSE,FALSE,TRUE,TRUE,FALSE,FALSE
Holo results with H310/H435 titration,coupled_m252h_main,0ca3751_5134ed6,H-HIP310HID,"H-HIP310HID,H-HIP435HIE",H-HIP435HIE,-0.031178866043681926,0.015834970085957974,-0.05319229076777915,0.0030546408065618784,0.0014803526999316431,0.007344011619958995,FALSE,FALSE,FALSE,FALSE,FALSE,FALSE,FALSE,FALSE,TRUE,FALSE,FALSE,FALSE,TRUE,FALSE,FALSE,FALSE
Holo results with H310/H435 titration,coupled_m252h_main,0ca3751_66a1a57,H-HIP310HID,"H-MET252HIP,H-HIP310HID",H-MET252HIP,-0.09419233534213703,-0.006158023423190997,-0.07886029113821402,0.02080822214627492,0.002157850991114109,0.016886252221462998,TRUE,FALSE,FALSE,FALSE,FALSE,FALSE,FALSE,FALSE,TRUE,FALSE,FALSE,FALSE,TRUE,FALSE,FALSE,FALSE
Holo results with H310/H435 titration,coupled_m252h_main,0ca3751_86dd0c9,H-HIP310HID,"H-MET252HID,H-HIP310HID",H-MET252HID,-0.08638981041783042,0.006404967814653338,-0.10149631709362911,0.033968467532467524,0.0027249730006835273,0.050314541695146944,TRUE,FALSE,FALSE,FALSE,FALSE,FALSE,FALSE,FALSE,TRUE,TRUE,FALSE,FALSE,TRUE,TRUE,FALSE,FALSE
Holo results with H310/H435 titration,coupled_m252h_main,0ca3751_a55737b,H-HIP310HID,"H-HIP310HID,H-HIP435HID",H-HIP435HID,-0.03115703165471445,-0.005361268908497068,-0.03370224371659948,0.0029833082706766448,0.0030117498291182634,0.006413317498291136,FALSE,FALSE,FALSE,FALSE,FALSE,FALSE,FALSE,FALSE,FALSE,FALSE,FALSE,FALSE,FALSE,FALSE,FALSE,FALSE
Holo results with H310/H435 titration,coupled_m252h_main,0ca3751_c0f367a,H-HIP310HID,H-HIP310HIE,H-HID310HIE,0.03180630470567747,-0.0556913627360833,0.08619850679992128,0.016886501025290504,0.009036712235133285,0.041910305878332194,FALSE,FALSE,FALSE,FALSE,TRUE,FALSE,FALSE,FALSE,TRUE,FALSE,FALSE,FALSE,TRUE,FALSE,FALSE,FALSE
Holo results with H310/H435 titration,coupled_m252h_main,0ca3751_f0eb34c,H-HIP310HID,"H-MET252HIE,H-HIP310HID",H-MET252HIE,0.13897924422951424,-0.015253819488605627,0.1505967996784111,0.05580365892002736,7.604371155160602e-4,0.06557609774436089,TRUE,TRUE,FALSE,FALSE,FALSE,FALSE,FALSE,FALSE,TRUE,TRUE,FALSE,FALSE,TRUE,TRUE,FALSE,FALSE
Holo results with H310/H435 titration,coupled_m252h_main,0d33ae7_d9ed51b,"H-MET252HIE,H-HIP310HID,H-HIP435HIE","H-MET252HIE,H-HIP310HIE,H-HIP435HIE",H-HID310HIE,0.18791172231869324,-0.0915229169316313,0.27903357844531307,0.0782918024606972,0.02062806801093644,0.17044485816814767,TRUE,TRUE,FALSE,FALSE,TRUE,FALSE,FALSE,FALSE,TRUE,TRUE,TRUE,FALSE,TRUE,TRUE,TRUE,FALSE
Holo results with H310/H435 titration,coupled_m252h_main,1c1b1f0_18e82d2,"H-MET252HIP,H-HIP310HIE","H-MET252HIP,H-HIP310HIE,H-HIP435HIE",H-HIP435HIE,0.02693345970488016,-0.03728711430547829,0.06101527795441948,0.0029987631578947214,0.003210306220095705,0.011073964114832547,FALSE,FALSE,FALSE,FALSE,FALSE,FALSE,FALSE,FALSE,TRUE,FALSE,FALSE,FALSE,TRUE,FALSE,FALSE,FALSE
Holo results with H310/H435 titration,coupled_m252h_main,1c1b1f0_4472127,"H-MET252HIP,H-HIP310HIE","H-MET252HIP,H-HIP310HIE,H-HIP435HID",H-HIP435HID,0.06658523325253277,-0.05211721658606597,0.1220305559088418,0.009155463773068992,0.007311798701298746,0.03154807279562545,TRUE,FALSE,FALSE,FALSE,TRUE,FALSE,FALSE,FALSE,TRUE,TRUE,FALSE,FALSE,TRUE,TRUE,FALSE,FALSE
Holo results with H310/H435 titration,coupled_m252h_main,404e0bb_00a57d8,WT,H-MET252HIE,H-MET252HIE,0.005142386115476699,-0.03377631458191164,0.03559224547341246,0.001304621326042376,0.002384796308954202,0.005088510594668481,FALSE,FALSE,FALSE,FALSE,FALSE,FALSE,FALSE,FALSE,FALSE,FALSE,FALSE,FALSE,FALSE,FALSE,FALSE,FALSE
Holo results with H310/H435 titration,coupled_m252h_main,404e0bb_0ca3751,WT,H-HIP310HID,H-HIP310HID,-0.13118284760200483,0.07191086330342594,-0.19256891998272918,0.03846782877648688,0.013042777511961725,0.08954551537935782,TRUE,TRUE,FALSE,FALSE,TRUE,FALSE,FALSE,FALSE,TRUE,TRUE,FALSE,FALSE,TRUE,TRUE,FALSE,FALSE
Holo results with H310/H435 titration,coupled_m252h_main,404e0bb_6d05828,WT,H-HIP435HIE,H-HIP435HIE,0.019967532938000996,-0.07284608044698623,0.1024174039353398,0.0018556141490088925,0.02191937901572114,0.033106774777853704,FALSE,FALSE,FALSE,FALSE,TRUE,FALSE,FALSE,FALSE,TRUE,TRUE,FALSE,FALSE,TRUE,TRUE,FALSE,FALSE
Holo results with H310/H435 titration,coupled_m252h_main,404e0bb_7cbe88e,WT,H-HIP435HID,H-HIP435HID,0.04782819100141999,-0.008105460943944818,0.05783739889429484,0.009306725905673262,0.0017260235816814315,0.01716110252904976,FALSE,FALSE,FALSE,FALSE,FALSE,FALSE,FALSE,FALSE,TRUE,FALSE,FALSE,FALSE,TRUE,FALSE,FALSE,FALSE
Holo results with H310/H435 titration,coupled_m252h_main,404e0bb_7d575ff,WT,H-MET252HID,H-MET252HID,0.030507638977212752,-0.04423607651695507,0.07526857810022494,0.008138541695146963,0.0049533995215311055,0.012978249829118266,FALSE,FALSE,FALSE,FALSE,FALSE,FALSE,FALSE,FALSE,TRUE,FALSE,FALSE,FALSE,TRUE,FALSE,FALSE,FALSE
Holo results with H310/H435 titration,coupled_m252h_main,404e0bb_c0f367a,WT,H-HIP310HIE,H-HIP310HIE,-0.0389940893434909,0.04820250354756288,-0.08135370393923981,0.008115862269309559,0.004474444976076537,0.022930907723854903,FALSE,FALSE,FALSE,FALSE,FALSE,FALSE,FALSE,FALSE,TRUE,FALSE,FALSE,FALSE,TRUE,FALSE,FALSE,FALSE
Holo results with H310/H435 titration,coupled_m252h_main,404e0bb_e3c493d,WT,H-MET252HIP,H-MET252HIP,-0.04729976738034794,-0.06798371536676284,0.02095784308974575,0.006898630895420351,0.011232631578947515,0.002254525632262494,FALSE,FALSE,FALSE,FALSE,TRUE,FALSE,FALSE,FALSE,FALSE,FALSE,FALSE,FALSE,TRUE,FALSE,FALSE,FALSE
Holo results with H310/H435 titration,coupled_m252h_main,4472127_18e82d2,"H-MET252HIP,H-HIP310HIE,H-HIP435HID","H-MET252HIP,H-HIP310HIE,H-HIP435HIE",H-HID435HIE,0.013104967933662864,0.056424741712095286,-0.04038407636771983,0.0044351859193438176,0.007481726930963774,0.007865948393711544,FALSE,FALSE,FALSE,FALSE,TRUE,FALSE,FALSE,FALSE,FALSE,FALSE,FALSE,FALSE,TRUE,FALSE,FALSE,FALSE
Holo results with H310/H435 titration,coupled_m252h_main,5134ed6_0d33ae7,"H-HIP310HID,H-HIP435HIE","H-MET252HIE,H-HIP310HID,H-HIP435HIE",H-MET252HIE,-0.010767401991956348,0.04348750944945848,-0.05209323259316088,0.0011019579630895432,0.005674591934381411,0.009350951469583046,FALSE,FALSE,FALSE,FALSE,FALSE,FALSE,FALSE,FALSE,TRUE,FALSE,FALSE,FALSE,TRUE,FALSE,FALSE,FALSE
Holo results with H310/H435 titration,coupled_m252h_main,5134ed6_5683b07,"H-HIP310HID,H-HIP435HIE","H-HIP310HIE,H-HIP435HIE",H-HID310HIE,-0.04741780755169951,0.06077808620972089,-0.09491265459576542,0.02101664832535885,0.00970731989063568,0.0387347002734108,FALSE,FALSE,FALSE,FALSE,TRUE,FALSE,FALSE,FALSE,TRUE,FALSE,FALSE,FALSE,TRUE,FALSE,FALSE,FALSE
Holo results with H310/H435 titration,coupled_m252h_main,5134ed6_84983d2,"H-HIP310HID,H-HIP435HIE","H-MET252HID,H-HIP310HID,H-HIP435HIE",H-MET252HID,0.09019398568830517,0.017796122736706364,0.05130830191621673,0.05923825324675326,0.0028323086124401923,0.06980769104579633,TRUE,FALSE,FALSE,FALSE,FALSE,FALSE,FALSE,FALSE,TRUE,FALSE,FALSE,FALSE,TRUE,FALSE,FALSE,FALSE
Holo results with H310/H435 titration,coupled_m252h_main,5134ed6_ab61347,"H-HIP310HID,H-HIP435HIE","H-MET252HIP,H-HIP310HID,H-HIP435HIE",H-MET252HIP,-0.01612554538463251,-0.10473381416728916,0.09001003811349884,0.004255114490772354,0.027108490088858496,0.02811968899521529,FALSE,FALSE,FALSE,FALSE,TRUE,TRUE,FALSE,FALSE,TRUE,FALSE,FALSE,FALSE,TRUE,TRUE,FALSE,FALSE
Holo results with H310/H435 titration,coupled_m252h_main,5683b07_18e82d2,"H-HIP310HIE,H-HIP435HIE","H-MET252HIP,H-HIP310HIE,H-HIP435HIE",H-MET252HIP,-0.15085493474461653,-0.06247973835079407,-0.07767747566285564,0.05122740635680163,0.008690489747095116,0.02224711825017121,TRUE,TRUE,FALSE,FALSE,TRUE,FALSE,FALSE,FALSE,TRUE,FALSE,FALSE,FALSE,TRUE,TRUE,FALSE,FALSE
Holo results with H310/H435 titration,coupled_m252h_main,5683b07_9e1214b,"H-HIP310HIE,H-HIP435HIE","H-MET252HID,H-HIP310HIE,H-HIP435HIE",H-MET252HID,0.1694337140590003,-0.006610990761183666,0.18662001313559284,0.05926272932330829,0.0013174890635680122,0.06882829357484622,TRUE,TRUE,FALSE,FALSE,FALSE,FALSE,FALSE,FALSE,TRUE,TRUE,FALSE,FALSE,TRUE,TRUE,FALSE,FALSE
Holo results with H310/H435 titration,coupled_m252h_main,5683b07_d9ed51b,"H-HIP310HIE,H-HIP435HIE","H-MET252HIE,H-HIP310HIE,H-HIP435HIE",H-MET252HIE,-0.16609714554258975,0.03559224547341243,-0.17834119116772792,0.04805237901572112,0.0035573325358851642,0.06314222351332877,TRUE,TRUE,FALSE,FALSE,FALSE,FALSE,FALSE,FALSE,TRUE,TRUE,FALSE,FALSE,TRUE,TRUE,FALSE,FALSE
Holo results with H310/H435 titration,coupled_m252h_main,5ec6a60_4472127,"H-HIP310HIE,H-HIP435HID","H-MET252HIP,H-HIP310HIE,H-HIP435HID",H-MET252HIP,-0.12131262974243295,-0.011303995859848627,-0.10303270889597593,0.0325890256322624,0.005414515379357443,0.028472651742994137,TRUE,TRUE,FALSE,FALSE,FALSE,FALSE,FALSE,FALSE,TRUE,TRUE,FALSE,FALSE,TRUE,TRUE,FALSE,FALSE
Holo results with H310/H435 titration,coupled_m252h_main,5ec6a60_7335342,"H-HIP310HIE,H-HIP435HID","H-MET252HID,H-HIP310HIE,H-HIP435HID",H-MET252HID,-0.0010344544250896633,-0.07791936446372286,0.07088324542496027,0.002592127819548872,0.014790437115516067,0.015575001025290497,FALSE,FALSE,FALSE,FALSE,TRUE,FALSE,FALSE,FALSE,TRUE,FALSE,FALSE,FALSE,TRUE,FALSE,FALSE,FALSE
Holo results with H310/H435 titration,coupled_m252h_main,5ec6a60_77c6962,"H-HIP310HIE,H-HIP435HID","H-MET252HIE,H-HIP310HIE,H-HIP435HID",H-MET252HIE,-0.10182974299808897,-0.02374175748188629,-0.07449044452907165,0.0295938814080656,0.0020349077238550925,0.02200460457963089,TRUE,TRUE,FALSE,FALSE,FALSE,FALSE,FALSE,FALSE,TRUE,FALSE,FALSE,FALSE,TRUE,TRUE,FALSE,FALSE
Holo results with H310/H435 titration,coupled_m252h_main,6085581_77c6962,"H-MET252HIE,H-HIP310HID,H-HIP435HID","H-MET252HIE,H-HIP310HIE,H-HIP435HID",H-HID310HIE,0.177457826895491,0.1898404419489605,-0.020637520484583005,0.07220933492822967,0.07543263568010937,0.01391995625427205,TRUE,TRUE,FALSE,FALSE,TRUE,TRUE,FALSE,FALSE,FALSE,FALSE,FALSE,FALSE,TRUE,TRUE,FALSE,FALSE
Holo results with H310/H435 titration,coupled_m252h_main,66a1a57_1c1b1f0,"H-MET252HIP,H-HIP310HID","H-MET252HIP,H-HIP310HIE",H-HID310HIE,-0.11337985377543881,0.08161462453574328,-0.19672558900038378,0.029764604579630895,0.017890045454545454,0.0893109036226931,TRUE,TRUE,FALSE,FALSE,TRUE,FALSE,FALSE,FALSE,TRUE,TRUE,FALSE,FALSE,TRUE,TRUE,FALSE,FALSE
Holo results with H310/H435 titration,coupled_m252h_main,66a1a57_ab61347,"H-MET252HIP,H-HIP310HID","H-MET252HIP,H-HIP310HID,H-HIP435HIE",H-HIP435HIE,0.025423032480994645,-0.04486417496648491,0.06726436600831892,0.0021424101161995716,0.004558984278879053,0.011499238550922804,FALSE,FALSE,FALSE,FALSE,FALSE,FALSE,FALSE,FALSE,TRUE,FALSE,FALSE,FALSE,TRUE,FALSE,FALSE,FALSE
Holo results with H310/H435 titration,coupled_m252h_main,66a1a57_c6b06e9,"H-MET252HIP,H-HIP310HID","H-MET252HIP,H-HIP310HID,H-HIP435HID",H-HIP435HID,-0.022372268583287867,-0.015253819488605767,-0.0093736320808475,0.0015245201640464731,0.0013827761449077395,0.0018944634313055471,FALSE,FALSE,FALSE,FALSE,FALSE,FALSE,FALSE,FALSE,FALSE,FALSE,FALSE,FALSE,FALSE,FALSE,FALSE,FALSE
Holo results with H310/H435 titration,coupled_m252h_main,6d05828_5134ed6,H-HIP435HIE,"H-HIP310HID,H-HIP435HIE",H-HIP310HID,-0.05743438131381792,0.019024902639953684,-0.08313246783584244,0.015564037593985065,0.0017687173615857608,0.020967905331510606,TRUE,FALSE,FALSE,FALSE,FALSE,FALSE,FALSE,FALSE,TRUE,FALSE,FALSE,FALSE,TRUE,FALSE,FALSE,FALSE
Holo results with H310/H435 titration,coupled_m252h_main,6d05828_5683b07,H-HIP435HIE,"H-HIP310HIE,H-HIP435HIE",H-HIP310HIE,-0.04302882235422055,-0.11357424226799459,0.08817252443681198,0.013541285714285554,0.02576356801093645,0.021682677033492786,FALSE,FALSE,FALSE,FALSE,TRUE,TRUE,FALSE,FALSE,TRUE,FALSE,FALSE,FALSE,TRUE,TRUE,FALSE,FALSE
Holo results with H310/H435 titration,coupled_m252h_main,6d05828_8d5bcc5,H-HIP435HIE,"H-MET252HIP,H-HIP435HIE",H-MET252HIP,-7.626909744339018e-4,-0.015986049686790092,0.015253819488594023,4.171408065618039e-4,9.673250170882105e-4,0.0016768947368420593,FALSE,FALSE,FALSE,FALSE,FALSE,FALSE,FALSE,FALSE,FALSE,FALSE,FALSE,FALSE,FALSE,FALSE,FALSE,FALSE
Holo results with H310/H435 titration,coupled_m252h_main,6d05828_ba31c72,H-HIP435HIE,"H-MET252HIE,H-HIP435HIE",H-MET252HIE,-0.008051938770300554,0.0152538194886042,-0.017137294151070345,0.005839905331510597,0.0017447218045112804,0.009300691045796314,FALSE,FALSE,FALSE,FALSE,FALSE,FALSE,FALSE,FALSE,FALSE,FALSE,FALSE,FALSE,FALSE,FALSE,FALSE,FALSE
Holo results with H310/H435 titration,coupled_m252h_main,6d05828_e46d34e,H-HIP435HIE,"H-MET252HID,H-HIP435HIE",H-MET252HID,-0.156224393199622,0.022230687530730014,-0.17749899041286027,0.06183393643198905,0.0013326667805878365,0.076993511619959,TRUE,TRUE,FALSE,FALSE,FALSE,FALSE,FALSE,FALSE,TRUE,TRUE,FALSE,FALSE,TRUE,TRUE,FALSE,FALSE
Holo results with H310/H435 titration,coupled_m252h_main,7335342_9e1214b,"H-MET252HID,H-HIP310HIE,H-HIP435HID","H-MET252HID,H-HIP310HIE,H-HIP435HIE",H-HID435HIE,-0.10845619735383039,-0.0037556752528762807,-0.11059019129238816,0.036376095352016406,0.0021893311688311688,0.035329669514695836,TRUE,TRUE,FALSE,FALSE,FALSE,FALSE,FALSE,FALSE,TRUE,TRUE,FALSE,FALSE,TRUE,TRUE,FALSE,FALSE
Holo results with H310/H435 titration,coupled_m252h_main,7cbe88e_0920ae9,H-HIP435HID,"H-MET252HID,H-HIP435HID",H-MET252HID,-0.0633543563347266,-0.017525664944354844,-0.04851011749704161,0.014707375256322616,0.0013361332877648636,0.010779633287764859,TRUE,FALSE,FALSE,FALSE,FALSE,FALSE,FALSE,FALSE,FALSE,FALSE,FALSE,FALSE,TRUE,FALSE,FALSE,FALSE
Holo results with H310/H435 titration,coupled_m252h_main,7cbe88e_5ec6a60,H-HIP435HID,"H-HIP310HIE,H-HIP435HID",H-HIP310HIE,-0.16016510463035336,0.008898061368354422,-0.16339863318553802,0.05635005434039646,0.0010736695146958413,0.059369905331510694,TRUE,TRUE,FALSE,FALSE,FALSE,FALSE,FALSE,FALSE,TRUE,TRUE,FALSE,FALSE,TRUE,TRUE,FALSE,FALSE
Holo results with H310/H435 titration,coupled_m252h_main,7cbe88e_6d05828,H-HIP435HID,H-HIP435HIE,H-HID435HIE,-0.10429835028710954,-0.015917029031588044,-0.09152291693162071,0.024145516404647974,0.0010811910457963108,0.018629579972658915,TRUE,TRUE,FALSE,FALSE,FALSE,FALSE,FALSE,FALSE,TRUE,FALSE,FALSE,FALSE,TRUE,TRUE,FALSE,FALSE
Holo results with H310/H435 titration,coupled_m252h_main,7cbe88e_a55737b,H-HIP435HID,"H-HIP310HID,H-HIP435HID",H-HIP310HID,-0.28245789111898223,0.03774629360942143,-0.32880455342104703,0.18318876042378696,0.005013943609022504,0.23774391079972657,TRUE,TRUE,TRUE,FALSE,FALSE,FALSE,FALSE,FALSE,TRUE,TRUE,TRUE,FALSE,TRUE,TRUE,TRUE,FALSE
Holo results with H310/H435 titration,coupled_m252h_main,7cbe88e_c0b75c4,H-HIP435HID,"H-MET252HIP,H-HIP435HID",H-MET252HIP,-0.01169005511403331,-0.05529509564619706,0.07302813005373096,0.006315809637730682,0.013405332194121692,0.020490281954887394,FALSE,FALSE,FALSE,FALSE,TRUE,FALSE,FALSE,FALSE,TRUE,FALSE,FALSE,FALSE,TRUE,FALSE,FALSE,FALSE
Holo results with H310/H435 titration,coupled_m252h_main,7cbe88e_e2765b0,H-HIP435HID,"H-MET252HIE,H-HIP435HID",H-MET252HIE,0.032020517795342485,0.0349508916994595,-0.004119020166394198,0.0022709589883800414,0.0033103096377306955,5.139326725905703e-4,FALSE,FALSE,FALSE,FALSE,FALSE,FALSE,FALSE,FALSE,FALSE,FALSE,FALSE,FALSE,FALSE,FALSE,FALSE,FALSE
Holo results with H310/H435 titration,coupled_m252h_main,7d575ff_00a57d8,H-MET252HID,H-MET252HIE,H-HID252HIE,0.03307148716809179,0.056978882643589815,-0.021234714713073033,0.007097670881749829,0.009410745727956254,0.0043647867395762195,FALSE,FALSE,FALSE,FALSE,TRUE,FALSE,FALSE,FALSE,FALSE,FALSE,FALSE,FALSE,TRUE,FALSE,FALSE,FALSE
Holo results with H310/H435 titration,coupled_m252h_main,7d575ff_0920ae9,H-MET252HID,"H-MET252HID,H-HIP435HID",H-HIP435HID,0.05105359992104641,-0.05936501093372307,0.10489889879380057,0.007197819890635642,0.007531485304169445,0.027412493848256843,TRUE,FALSE,FALSE,FALSE,TRUE,FALSE,FALSE,FALSE,TRUE,TRUE,FALSE,FALSE,TRUE,TRUE,FALSE,FALSE
Holo results with H310/H435 titration,coupled_m252h_main,7d575ff_86dd0c9,H-MET252HID,"H-MET252HID,H-HIP310HID",H-HIP310HID,-0.23389189882527955,0.016343378023506182,-0.2546533091969191,0.11780268523581687,0.0024648431305536542,0.13314897778537263,TRUE,TRUE,TRUE,FALSE,FALSE,FALSE,FALSE,FALSE,TRUE,TRUE,TRUE,FALSE,TRUE,TRUE,TRUE,FALSE
Holo results with H310/H435 titration,coupled_m252h_main,7d575ff_8f8f363,H-MET252HID,"H-MET252HID,H-HIP310HIE",H-HIP310HIE,-0.008512863906520115,-0.00970697603820482,-0.01383409170071024,0.0012209490772385652,0.004277546479835965,0.005282343130553596,FALSE,FALSE,FALSE,FALSE,FALSE,FALSE,FALSE,FALSE,FALSE,FALSE,FALSE,FALSE,FALSE,FALSE,FALSE,FALSE
Holo results with H310/H435 titration,coupled_m252h_main,7d575ff_e46d34e,H-MET252HID,"H-MET252HID,H-HIP435HIE",H-HIP435HIE,-0.04576145846581067,0.005720182308227165,-0.04745632729788361,0.008917151742993908,0.0013249880382775075,0.006805120642515386,FALSE,FALSE,FALSE,FALSE,FALSE,FALSE,FALSE,FALSE,FALSE,FALSE,FALSE,FALSE,FALSE,FALSE,FALSE,FALSE
Holo results with H310/H435 titration,coupled_m252h_main,86dd0c9_84983d2,"H-MET252HID,H-HIP310HID","H-MET252HID,H-HIP310HID,H-HIP435HIE",H-HIP435HIE,-0.032686756047012294,0.012711516240507805,-0.051481640774041826,0.003160306220095678,0.0041148345864662,0.008561272385509296,FALSE,FALSE,FALSE,FALSE,FALSE,FALSE,FALSE,FALSE,TRUE,FALSE,FALSE,FALSE,TRUE,FALSE,FALSE,FALSE
Holo results with H310/H435 titration,coupled_m252h_main,86dd0c9_8f8f363,"H-MET252HID,H-HIP310HID","H-MET252HID,H-HIP310HIE",H-HID310HIE,0.046514885987115145,0.002787735073509495,0.04576145846581557,0.011530999316473004,0.0033902522214627495,0.005760200615174301,FALSE,FALSE,FALSE,FALSE,FALSE,FALSE,FALSE,FALSE,FALSE,FALSE,FALSE,FALSE,FALSE,FALSE,FALSE,FALSE
Holo results with H310/H435 titration,coupled_m252h_main,86dd0c9_c33934f,"H-MET252HID,H-HIP310HID","H-MET252HID,H-HIP310HID,H-HIP435HID",H-HIP435HID,-0.08151400680413051,0.040912150248960305,-0.12460386285508951,0.015714056732740903,0.011495348940533128,0.04744515174299372,TRUE,FALSE,FALSE,FALSE,FALSE,FALSE,FALSE,FALSE,TRUE,TRUE,FALSE,FALSE,TRUE,TRUE,FALSE,FALSE
Holo results with H310/H435 titration,coupled_m252h_main,8810714_77c6962,"H-MET252HIE,H-HIP310HIE","H-MET252HIE,H-HIP310HIE,H-HIP435HID",H-HIP435HID,0.0904460276820212,-0.02247201445235271,0.11417633434470988,0.020319655160628853,0.0023798609022557013,0.03266902734108016,TRUE,FALSE,FALSE,FALSE,FALSE,FALSE,FALSE,FALSE,TRUE,TRUE,FALSE,FALSE,TRUE,TRUE,FALSE,FALSE
Holo results with H310/H435 titration,coupled_m252h_main,8810714_d9ed51b,"H-MET252HIE,H-HIP310HIE","H-MET252HIE,H-HIP310HIE,H-HIP435HIE",H-HIP435HIE,0.03203302092607213,-0.006840006357989499,0.03813454872150738,0.004573129186602854,0.0015629278879015858,0.010045892002734183,FALSE,FALSE,FALSE,FALSE,FALSE,FALSE,FALSE,FALSE,FALSE,FALSE,FALSE,FALSE,FALSE,FALSE,FALSE,FALSE
Holo results with H310/H435 titration,coupled_m252h_main,8d5bcc5_18e82d2,"H-MET252HIP,H-HIP435HIE","H-MET252HIP,H-HIP310HIE,H-HIP435HIE",H-HIP310HIE,-0.08231080633851409,-0.05175849581159897,-0.0430969850387444,0.023071023581681536,0.008125343814080657,0.004859956254272061,TRUE,FALSE,FALSE,FALSE,TRUE,FALSE,FALSE,FALSE,FALSE,FALSE,FALSE,FALSE,TRUE,FALSE,FALSE,FALSE
Holo results with H310/H435 titration,coupled_m252h_main,8d5bcc5_ab61347,"H-MET252HIP,H-HIP435HIE","H-MET252HIP,H-HIP310HID,H-HIP435HIE",H-HIP310HID,-0.16114743676975707,0.05141102123937066,-0.2120760273787493,0.1035318462064252,0.006823142857142868,0.12344362440191387,TRUE,TRUE,FALSE,FALSE,TRUE,FALSE,FALSE,FALSE,TRUE,TRUE,TRUE,FALSE,TRUE,TRUE,TRUE,FALSE
Holo results with H310/H435 titration,coupled_m252h_main,8f8f363_7335342,"H-MET252HID,H-HIP310HIE","H-MET252HID,H-HIP310HIE,H-HIP435HID",H-HIP435HID,-0.061626408542908136,-0.06609988445062343,6.279297872181477e-4,0.009304497607655459,0.009711110047846847,0.00530877751196179,TRUE,FALSE,FALSE,FALSE,TRUE,FALSE,FALSE,FALSE,FALSE,FALSE,FALSE,FALSE,TRUE,FALSE,FALSE,FALSE
Holo results with H310/H435 titration,coupled_m252h_main,8f8f363_9e1214b,"H-MET252HID,H-HIP310HIE","H-MET252HID,H-HIP310HIE,H-HIP435HIE",H-HIP435HIE,-0.03159719751211228,-0.053388368210116596,0.017986455600200395,0.0035882604237867364,0.0067185464798359676,0.0032096859193437915,FALSE,FALSE,FALSE,FALSE,TRUE,FALSE,FALSE,FALSE,FALSE,FALSE,FALSE,FALSE,TRUE,FALSE,FALSE,FALSE
Holo results with H310/H435 titration,coupled_m252h_main,a55737b_5ec6a60,"H-HIP310HID,H-HIP435HID","H-HIP310HIE,H-HIP435HID",H-HID310HIE,0.03773993608532235,-0.030507638977210337,0.06656212140482262,0.006935816814764187,0.007377752904989743,0.021150015379357488,FALSE,FALSE,FALSE,FALSE,FALSE,FALSE,FALSE,FALSE,TRUE,FALSE,FALSE,FALSE,TRUE,FALSE,FALSE,FALSE
Holo results with H310/H435 titration,coupled_m252h_main,a55737b_6085581,"H-HIP310HID,H-HIP435HID","H-MET252HIE,H-HIP310HID,H-HIP435HID",H-MET252HIE,-0.11059019129238912,0.047274337283947504,-0.16779201437465716,0.031018193096377298,0.0050942785372522234,0.05785305946684893,TRUE,TRUE,FALSE,FALSE,FALSE,FALSE,FALSE,FALSE,TRUE,TRUE,FALSE,FALSE,TRUE,TRUE,FALSE,FALSE
Holo results with H310/H435 titration,coupled_m252h_main,a55737b_c33934f,"H-HIP310HID,H-HIP435HID","H-MET252HID,H-HIP310HID,H-HIP435HID",H-MET252HID,-0.20517419869199333,0.048963453621624464,-0.2669702864016189,0.12409444497607658,0.006984802460697201,0.17593705365686949,TRUE,TRUE,TRUE,FALSE,FALSE,FALSE,FALSE,FALSE,TRUE,TRUE,TRUE,FALSE,TRUE,TRUE,TRUE,FALSE
Holo results with H310/H435 titration,coupled_m252h_main,a55737b_c6b06e9,"H-HIP310HID,H-HIP435HID","H-MET252HIP,H-HIP310HID,H-HIP435HID",H-MET252HIP,-0.03706175262561193,0.017432936558419508,-0.052637978703018284,0.0038293872180450686,0.003283431647300113,0.008573348940533227,FALSE,FALSE,FALSE,FALSE,FALSE,FALSE,FALSE,FALSE,TRUE,FALSE,FALSE,FALSE,TRUE,FALSE,FALSE,FALSE
Holo results with H310/H435 titration,coupled_m252h_main,ba31c72_0d33ae7,"H-MET252HIE,H-HIP435HIE","H-MET252HIE,H-HIP310HID,H-HIP435HIE",H-HIP310HID,-0.24406111181768358,0.019352773655997146,-0.25770072532457144,0.12592038482570078,0.005808530416951448,0.1466190369104584,TRUE,TRUE,TRUE,FALSE,FALSE,FALSE,FALSE,FALSE,TRUE,TRUE,TRUE,FALSE,TRUE,TRUE,TRUE,FALSE
Holo results with H310/H435 titration,coupled_m252h_main,ba31c72_d9ed51b,"H-MET252HIE,H-HIP435HIE","H-MET252HIE,H-HIP310HIE,H-HIP435HIE",H-HIP310HIE,-0.0701110740198467,0.10677673642024249,-0.18304583386327097,0.01381571531100478,0.052064630895420405,0.08483895625427217,TRUE,FALSE,FALSE,FALSE,TRUE,TRUE,FALSE,FALSE,TRUE,TRUE,FALSE,FALSE,TRUE,TRUE,FALSE,FALSE
Holo results with H310/H435 titration,coupled_m252h_main,c0b75c4_4472127,"H-MET252HIP,H-HIP435HID","H-MET252HIP,H-HIP310HIE,H-HIP435HID",H-HIP310HIE,-0.03326719359378622,-0.033807245671867533,0.006482873282657002,0.009721006835270022,0.008630422761449107,0.004006804853041718,FALSE,FALSE,FALSE,FALSE,FALSE,FALSE,FALSE,FALSE,FALSE,FALSE,FALSE,FALSE,FALSE,FALSE,FALSE,FALSE
Holo results with H310/H435 titration,coupled_m252h_main,c0b75c4_8d5bcc5,"H-MET252HIP,H-HIP435HID","H-MET252HIP,H-HIP435HIE",H-HID435HIE,-0.013945281052082701,-0.0029108303996112877,-0.012942634717604418,0.0018180615174299372,5.799210526315792e-4,0.0033982194121667804,FALSE,FALSE,FALSE,FALSE,FALSE,FALSE,FALSE,FALSE,FALSE,FALSE,FALSE,FALSE,FALSE,FALSE,FALSE,FALSE
Holo results with H310/H435 titration,coupled_m252h_main,c0b75c4_c6b06e9,"H-MET252HIP,H-HIP435HID","H-MET252HIP,H-HIP310HID,H-HIP435HID",H-HIP310HID,-0.19692142102035687,-0.06537351209402473,-0.13271733328928598,0.09092965516062856,0.00938208783321946,0.06696509193438112,TRUE,TRUE,FALSE,FALSE,TRUE,FALSE,FALSE,FALSE,TRUE,TRUE,FALSE,FALSE,TRUE,TRUE,FALSE,FALSE
Holo results with H310/H435 titration,coupled_m252h_main,c0f367a_1c1b1f0,H-HIP310HIE,"H-MET252HIP,H-HIP310HIE",H-MET252HIP,-0.030507638977204335,-0.0753718139436991,0.045880628930607,0.0024920164046480908,0.012693328776486679,0.005648365686944506,FALSE,FALSE,FALSE,FALSE,TRUE,FALSE,FALSE,FALSE,FALSE,FALSE,FALSE,FALSE,TRUE,FALSE,FALSE,FALSE
Holo results with H310/H435 titration,coupled_m252h_main,c0f367a_5683b07,H-HIP310HIE,"H-HIP310HIE,H-HIP435HIE",H-HIP435HIE,0.0780687905024108,-0.046166381765411955,0.11957826722550696,0.013754037935748595,0.009551892344497631,0.04342003793574878,TRUE,FALSE,FALSE,FALSE,FALSE,FALSE,FALSE,FALSE,TRUE,TRUE,FALSE,FALSE,TRUE,TRUE,FALSE,FALSE
Holo results with H310/H435 titration,coupled_m252h_main,c0f367a_5ec6a60,H-HIP310HIE,"H-HIP310HIE,H-HIP435HID",H-HIP435HID,0.02029220228938131,0.005546843450404973,0.014080448758713024,0.0013567098427887797,6.912747778537005e-4,0.001636956254272035,FALSE,FALSE,FALSE,FALSE,FALSE,FALSE,FALSE,FALSE,FALSE,FALSE,FALSE,FALSE,FALSE,FALSE,FALSE,FALSE
Holo results with H310/H435 titration,coupled_m252h_main,c0f367a_8810714,H-HIP310HIE,"H-MET252HIE,H-HIP310HIE",H-MET252HIE,-0.05936501093372385,-0.0672358683680429,0.015253819488605345,0.007576673274094329,0.010600827409432679,0.0014497481203007562,TRUE,FALSE,FALSE,FALSE,TRUE,FALSE,FALSE,FALSE,FALSE,FALSE,FALSE,FALSE,TRUE,FALSE,FALSE,FALSE
Holo results with H310/H435 titration,coupled_m252h_main,c0f367a_8f8f363,H-HIP310HIE,"H-MET252HID,H-HIP310HIE",H-MET252HID,0.05084606496201709,-0.020497319937813088,0.07016756964758364,0.006194954203691043,0.001648961722488037,0.011721545112781945,TRUE,FALSE,FALSE,FALSE,FALSE,FALSE,FALSE,FALSE,TRUE,FALSE,FALSE,FALSE,TRUE,FALSE,FALSE,FALSE
Holo results with H310/H435 titration,coupled_m252h_main,c33934f_84983d2,"H-MET252HID,H-HIP310HID,H-HIP435HID","H-MET252HID,H-HIP310HID,H-HIP435HIE",H-HID435HIE,0.01151525341063168,-0.07847478911123894,0.08643831043542946,0.010731508885850985,0.012707437799043061,0.020902516062884482,FALSE,FALSE,FALSE,FALSE,TRUE,FALSE,FALSE,FALSE,TRUE,FALSE,FALSE,FALSE,TRUE,FALSE,FALSE,FALSE
Holo results with H310/H435 titration,coupled_m252h_main,c6b06e9_ab61347,"H-MET252HIP,H-HIP310HID,H-HIP435HID","H-MET252HIP,H-HIP310HID,H-HIP435HIE",H-HID435HIE,0.19401905025787775,0.024466670763857487,0.1692117421625577,0.07909515892002736,0.00221227956254272,0.06288424367737529,TRUE,TRUE,FALSE,FALSE,FALSE,FALSE,FALSE,FALSE,TRUE,TRUE,FALSE,FALSE,TRUE,TRUE,FALSE,FALSE
Holo results with H310/H435 titration,coupled_m252h_main,e2765b0_6085581,"H-MET252HIE,H-HIP435HID","H-MET252HIE,H-HIP310HID,H-HIP435HID",H-HIP310HID,-0.17729203464694443,-0.030507638977248164,-0.1388945007879101,0.06943844907723848,0.00971166712235136,0.05743095796308947,TRUE,TRUE,FALSE,FALSE,FALSE,FALSE,FALSE,FALSE,TRUE,TRUE,FALSE,FALSE,TRUE,TRUE,FALSE,FALSE
Holo results with H310/H435 titration,coupled_m252h_main,e2765b0_77c6962,"H-MET252HIE,H-HIP435HID","H-MET252HIE,H-HIP310HIE,H-HIP435HID",H-HIP310HIE,-0.19621958705796524,-0.0070402243793565135,-0.18274773985565024,0.07981597778537247,0.0019449183185235768,0.08055410697197532,TRUE,TRUE,FALSE,FALSE,FALSE,FALSE,FALSE,FALSE,TRUE,TRUE,FALSE,FALSE,TRUE,TRUE,FALSE,FALSE
Holo results with H310/H435 titration,coupled_m252h_main,e3c493d_1c1b1f0,H-MET252HIP,"H-MET252HIP,H-HIP310HIE",H-HIP310HIE,-0.1388097573463089,0.03143296258589154,-0.17206552266888442,0.04251788516746406,0.0032155273410799847,0.06437094121667802,TRUE,TRUE,FALSE,FALSE,FALSE,FALSE,FALSE,FALSE,TRUE,TRUE,FALSE,FALSE,TRUE,TRUE,FALSE,FALSE
Holo results with H310/H435 titration,coupled_m252h_main,e3c493d_66a1a57,H-MET252HIP,"H-MET252HIP,H-HIP310HID",H-HIP310HID,-0.09386701962665682,0.04121492063018586,-0.13319520906676885,0.020874482911824938,0.0045601288448394155,0.042360177033492895,TRUE,FALSE,FALSE,FALSE,FALSE,FALSE,FALSE,FALSE,TRUE,TRUE,FALSE,FALSE,TRUE,TRUE,FALSE,FALSE
Holo results with H310/H435 titration,coupled_m252h_main,e3c493d_8d5bcc5,H-MET252HIP,"H-MET252HIP,H-HIP435HIE",H-HIP435HIE,-0.15053715620045094,-0.05671757484453583,-0.07844821451281936,0.04493061654135335,0.00868134313055363,0.015368527341080011,TRUE,TRUE,FALSE,FALSE,TRUE,FALSE,FALSE,FALSE,TRUE,FALSE,FALSE,FALSE,TRUE,TRUE,FALSE,FALSE
Holo results with H310/H435 titration,coupled_m252h_main,e3c493d_c0b75c4,H-MET252HIP,"H-MET252HIP,H-HIP435HID",H-HIP435HID,0.08514665636582858,0.024716447509294796,0.061015277954423026,0.016246418318523657,0.005235620642515427,0.014764549897471104,TRUE,FALSE,FALSE,FALSE,FALSE,FALSE,FALSE,FALSE,TRUE,FALSE,FALSE,FALSE,TRUE,FALSE,FALSE,FALSE
Holo results with H310/H435 titration,coupled_m252h_main,e46d34e_84983d2,"H-MET252HID,H-HIP435HIE","H-MET252HID,H-HIP310HID,H-HIP435HIE",H-HIP310HID,-0.051862986261259174,0.0838313723589838,-0.13728437539745184,0.011792740943267273,0.016779796308954282,0.04819282467532478,TRUE,FALSE,FALSE,FALSE,TRUE,FALSE,FALSE,FALSE,TRUE,TRUE,FALSE,FALSE,TRUE,TRUE,FALSE,FALSE
Holo results with H310/H435 titration,coupled_m252h_main,e46d34e_9e1214b,"H-MET252HID,H-HIP435HIE","H-MET252HID,H-HIP310HIE,H-HIP435HIE",H-HIP310HIE,-0.10344285238806708,-0.03245909597125057,-0.06687820991026942,0.03051652802460692,0.003553118250170852,0.01928043164730011,TRUE,TRUE,FALSE,FALSE,FALSE,FALSE,FALSE,FALSE,TRUE,FALSE,FALSE,FALSE,TRUE,TRUE,FALSE,FALSE
Holo results with H310/H435 titration,coupled_m252h_main,e46d34e_ba31c72,"H-MET252HID,H-HIP435HIE","H-MET252HIE,H-HIP435HIE",H-HID252HIE,0.14062830579584956,-0.04009068637021783,0.18086671679346145,0.05429401161995898,0.006103133287764866,0.08292257826384139,TRUE,TRUE,FALSE,FALSE,FALSE,FALSE,FALSE,FALSE,TRUE,TRUE,FALSE,FALSE,TRUE,TRUE,FALSE,FALSE
Holo results with H310/H435 titration,coupled_m252h_main,f0eb34c_0d33ae7,"H-MET252HIE,H-HIP310HID","H-MET252HIE,H-HIP310HID,H-HIP435HIE",H-HIP435HIE,-0.15170991623568886,0.05338836821015647,-0.18912106196993012,0.06256620334928259,0.007257260423786704,0.10907471975393056,TRUE,TRUE,FALSE,FALSE,TRUE,FALSE,FALSE,FALSE,TRUE,TRUE,FALSE,FALSE,TRUE,TRUE,FALSE,FALSE
Holo results with H310/H435 titration,coupled_m252h_main,f0eb34c_6085581,"H-MET252HIE,H-HIP310HID","H-MET252HIE,H-HIP310HID,H-HIP435HID",H-HIP435HID,-0.08911441911763855,-0.02542303248100538,-0.059489896005562544,0.017459484278879046,0.004357551948051928,0.010818443609022623,TRUE,FALSE,FALSE,FALSE,FALSE,FALSE,FALSE,FALSE,TRUE,FALSE,FALSE,FALSE,TRUE,FALSE,FALSE,FALSE
Holo results with H310/H435 titration,coupled_m252h_main,f0eb34c_8810714,"H-MET252HIE,H-HIP310HID","H-MET252HIE,H-HIP310HIE",H-HID310HIE,0.14155544485425603,0.1092894780026619,0.024787456668983375,0.04915171736158579,0.029649041695146955,0.01223603554340396,TRUE,TRUE,FALSE,FALSE,TRUE,TRUE,FALSE,FALSE,FALSE,FALSE,FALSE,FALSE,TRUE,TRUE,FALSE,FALSE
Holo results with H310/H435 titration,coupled_m252h_repeat1,00a57d8_8810714,H-MET252HIE,"H-MET252HIE,H-HIP310HIE",H-HIP310HIE,-0.11494842543199124,0.008673740493521638,-0.12651951240803516,0.037279853725222134,0.0017129364319890738,0.045470406015037615,TRUE,TRUE,FALSE,FALSE,FALSE,FALSE,FALSE,FALSE,TRUE,TRUE,FALSE,FALSE,TRUE,TRUE,FALSE,FALSE
Holo results with H310/H435 titration,coupled_m252h_repeat1,00a57d8_ba31c72,H-MET252HIE,"H-MET252HIE,H-HIP435HIE",H-HIP435HIE,0.05265698869113315,-0.023132911022175996,0.08682832286553527,0.007560729323308218,0.005574377306903614,0.022183730690362193,TRUE,FALSE,FALSE,FALSE,FALSE,FALSE,FALSE,FALSE,TRUE,FALSE,FALSE,FALSE,TRUE,FALSE,FALSE,FALSE
Holo results with H310/H435 titration,coupled_m252h_repeat1,00a57d8_e2765b0,H-MET252HIE,"H-MET252HIE,H-HIP435HID",H-HIP435HID,0.04067685196961689,-0.010619005105527598,0.035174159058858234,0.004943319890635713,0.002700992481203037,0.008117556732741024,FALSE,FALSE,FALSE,FALSE,FALSE,FALSE,FALSE,FALSE,FALSE,FALSE,FALSE,FALSE,FALSE,FALSE,FALSE,FALSE
Holo results with H310/H435 titration,coupled_m252h_repeat1,00a57d8_e3c493d,H-MET252HIE,H-MET252HIP,H-HIE252HIP,-0.04605203376449496,-0.08823287743408939,0.05019445996529279,0.007327224880382757,0.01811044019138756,0.006537760765550204,FALSE,FALSE,FALSE,FALSE,TRUE,FALSE,FALSE,FALSE,TRUE,FALSE,FALSE,FALSE,TRUE,FALSE,FALSE,FALSE
Holo results with H310/H435 titration,coupled_m252h_repeat1,00a57d8_f0eb34c,H-MET252HIE,"H-MET252HIE,H-HIP310HID",H-HIP310HID,-0.18304583386326972,-0.11048266436812292,-0.0508460649620071,0.07292271462747772,0.0373571818181819,0.011266925153793555,TRUE,TRUE,FALSE,FALSE,TRUE,TRUE,FALSE,FALSE,TRUE,FALSE,FALSE,FALSE,TRUE,TRUE,FALSE,FALSE
Holo results with H310/H435 titration,coupled_m252h_repeat1,0920ae9_7335342,"H-MET252HID,H-HIP435HID","H-MET252HID,H-HIP310HIE,H-HIP435HID",H-HIP310HIE,-0.20704913855637125,0.05247830982707021,-0.2743508390879107,0.12050442993848261,0.007125380041011688,0.1818639777853729,TRUE,TRUE,TRUE,FALSE,TRUE,FALSE,FALSE,FALSE,TRUE,TRUE,TRUE,FALSE,TRUE,TRUE,TRUE,FALSE
Holo results with H310/H435 titration,coupled_m252h_repeat1,0920ae9_c33934f,"H-MET252HID,H-HIP435HID","H-MET252HID,H-HIP310HID,H-HIP435HID",H-HIP310HID,-0.3726537816299017,-0.023505676686873395,-0.35628228842462134,0.3099988414217365,0.0027908287764866497,0.2770704627477786,TRUE,TRUE,TRUE,FALSE,FALSE,FALSE,FALSE,FALSE,TRUE,TRUE,TRUE,FALSE,TRUE,TRUE,TRUE,FALSE
Holo results with H310/H435 titration,coupled_m252h_repeat1,0920ae9_e2765b0,"H-MET252HID,H-HIP435HID","H-MET252HIE,H-HIP435HID",H-HID252HIE,-0.10770875617443752,0.05223855378654529,-0.168240656124322,0.02655372214627478,0.006511546479835956,0.057521375256322636,TRUE,TRUE,FALSE,FALSE,TRUE,FALSE,FALSE,FALSE,TRUE,TRUE,FALSE,FALSE,TRUE,TRUE,FALSE,FALSE
Holo results with H310/H435 titration,coupled_m252h_repeat1,0ca3751_5134ed6,H-HIP310HID,"H-HIP310HID,H-HIP435HIE",H-HIP435HIE,-0.031178866043681926,0.015834970085957974,-0.05319229076777915,0.0030546408065618784,0.0014803526999316431,0.007344011619958995,FALSE,FALSE,FALSE,FALSE,FALSE,FALSE,FALSE,FALSE,TRUE,FALSE,FALSE,FALSE,TRUE,FALSE,FALSE,FALSE
Holo results with H310/H435 titration,coupled_m252h_repeat1,0ca3751_66a1a57,H-HIP310HID,"H-MET252HIP,H-HIP310HID",H-MET252HIP,-0.09419233534213703,-0.006158023423190997,-0.07886029113821402,0.02080822214627492,0.002157850991114109,0.016886252221462998,TRUE,FALSE,FALSE,FALSE,FALSE,FALSE,FALSE,FALSE,TRUE,FALSE,FALSE,FALSE,TRUE,FALSE,FALSE,FALSE
Holo results with H310/H435 titration,coupled_m252h_repeat1,0ca3751_86dd0c9,H-HIP310HID,"H-MET252HID,H-HIP310HID",H-MET252HID,-0.08638981041783042,0.006404967814653338,-0.10149631709362911,0.033968467532467524,0.0027249730006835273,0.050314541695146944,TRUE,FALSE,FALSE,FALSE,FALSE,FALSE,FALSE,FALSE,TRUE,TRUE,FALSE,FALSE,TRUE,TRUE,FALSE,FALSE
Holo results with H310/H435 titration,coupled_m252h_repeat1,0ca3751_a55737b,H-HIP310HID,"H-HIP310HID,H-HIP435HID",H-HIP435HID,-0.03115703165471445,-0.005361268908497068,-0.03370224371659948,0.0029833082706766448,0.0030117498291182634,0.006413317498291136,FALSE,FALSE,FALSE,FALSE,FALSE,FALSE,FALSE,FALSE,FALSE,FALSE,FALSE,FALSE,FALSE,FALSE,FALSE,FALSE
Holo results with H310/H435 titration,coupled_m252h_repeat1,0ca3751_c0f367a,H-HIP310HID,H-HIP310HIE,H-HID310HIE,0.03180630470567747,-0.0556913627360833,0.08619850679992128,0.016886501025290504,0.009036712235133285,0.041910305878332194,FALSE,FALSE,FALSE,FALSE,TRUE,FALSE,FALSE,FALSE,TRUE,FALSE,FALSE,FALSE,TRUE,FALSE,FALSE,FALSE
Holo results with H310/H435 titration,coupled_m252h_repeat1,0ca3751_f0eb34c,H-HIP310HID,"H-MET252HIE,H-HIP310HID",H-MET252HIE,0.13897924422951424,-0.015253819488605627,0.1505967996784111,0.05580365892002736,7.604371155160602e-4,0.06557609774436089,TRUE,TRUE,FALSE,FALSE,FALSE,FALSE,FALSE,FALSE,TRUE,TRUE,FALSE,FALSE,TRUE,TRUE,FALSE,FALSE
Holo results with H310/H435 titration,coupled_m252h_repeat1,0d33ae7_d9ed51b,"H-MET252HIE,H-HIP310HID,H-HIP435HIE","H-MET252HIE,H-HIP310HIE,H-HIP435HIE",H-HID310HIE,0.18791172231869324,-0.0915229169316313,0.27903357844531307,0.0782918024606972,0.02062806801093644,0.17044485816814767,TRUE,TRUE,FALSE,FALSE,TRUE,FALSE,FALSE,FALSE,TRUE,TRUE,TRUE,FALSE,TRUE,TRUE,TRUE,FALSE
Holo results with H310/H435 titration,coupled_m252h_repeat1,1c1b1f0_18e82d2,"H-MET252HIP,H-HIP310HIE","H-MET252HIP,H-HIP310HIE,H-HIP435HIE",H-HIP435HIE,0.02693345970488016,-0.03728711430547829,0.06101527795441948,0.0029987631578947214,0.003210306220095705,0.011073964114832547,FALSE,FALSE,FALSE,FALSE,FALSE,FALSE,FALSE,FALSE,TRUE,FALSE,FALSE,FALSE,TRUE,FALSE,FALSE,FALSE
Holo results with H310/H435 titration,coupled_m252h_repeat1,1c1b1f0_4472127,"H-MET252HIP,H-HIP310HIE","H-MET252HIP,H-HIP310HIE,H-HIP435HID",H-HIP435HID,0.06658523325253277,-0.05211721658606597,0.1220305559088418,0.009155463773068992,0.007311798701298746,0.03154807279562545,TRUE,FALSE,FALSE,FALSE,TRUE,FALSE,FALSE,FALSE,TRUE,TRUE,FALSE,FALSE,TRUE,TRUE,FALSE,FALSE
Holo results with H310/H435 titration,coupled_m252h_repeat1,404e0bb_00a57d8,WT,H-MET252HIE,H-MET252HIE,0.005142386115476699,-0.03377631458191164,0.03559224547341246,0.001304621326042376,0.002384796308954202,0.005088510594668481,FALSE,FALSE,FALSE,FALSE,FALSE,FALSE,FALSE,FALSE,FALSE,FALSE,FALSE,FALSE,FALSE,FALSE,FALSE,FALSE
Holo results with H310/H435 titration,coupled_m252h_repeat1,404e0bb_0ca3751,WT,H-HIP310HID,H-HIP310HID,-0.13118284760200483,0.07191086330342594,-0.19256891998272918,0.03846782877648688,0.013042777511961725,0.08954551537935782,TRUE,TRUE,FALSE,FALSE,TRUE,FALSE,FALSE,FALSE,TRUE,TRUE,FALSE,FALSE,TRUE,TRUE,FALSE,FALSE
Holo results with H310/H435 titration,coupled_m252h_repeat1,404e0bb_6d05828,WT,H-HIP435HIE,H-HIP435HIE,0.019967532938000996,-0.07284608044698623,0.1024174039353398,0.0018556141490088925,0.02191937901572114,0.033106774777853704,FALSE,FALSE,FALSE,FALSE,TRUE,FALSE,FALSE,FALSE,TRUE,TRUE,FALSE,FALSE,TRUE,TRUE,FALSE,FALSE
Holo results with H310/H435 titration,coupled_m252h_repeat1,404e0bb_7cbe88e,WT,H-HIP435HID,H-HIP435HID,0.04782819100141999,-0.008105460943944818,0.05783739889429484,0.009306725905673262,0.0017260235816814315,0.01716110252904976,FALSE,FALSE,FALSE,FALSE,FALSE,FALSE,FALSE,FALSE,TRUE,FALSE,FALSE,FALSE,TRUE,FALSE,FALSE,FALSE
Holo results with H310/H435 titration,coupled_m252h_repeat1,404e0bb_7d575ff,WT,H-MET252HID,H-MET252HID,0.030507638977212752,-0.04423607651695507,0.07526857810022494,0.008138541695146963,0.0049533995215311055,0.012978249829118266,FALSE,FALSE,FALSE,FALSE,FALSE,FALSE,FALSE,FALSE,TRUE,FALSE,FALSE,FALSE,TRUE,FALSE,FALSE,FALSE
Holo results with H310/H435 titration,coupled_m252h_repeat1,404e0bb_c0f367a,WT,H-HIP310HIE,H-HIP310HIE,-0.0389940893434909,0.04820250354756288,-0.08135370393923981,0.008115862269309559,0.004474444976076537,0.022930907723854903,FALSE,FALSE,FALSE,FALSE,FALSE,FALSE,FALSE,FALSE,TRUE,FALSE,FALSE,FALSE,TRUE,FALSE,FALSE,FALSE
Holo results with H310/H435 titration,coupled_m252h_repeat1,404e0bb_e3c493d,WT,H-MET252HIP,H-MET252HIP,-0.04729976738034794,-0.06798371536676284,0.02095784308974575,0.006898630895420351,0.011232631578947515,0.002254525632262494,FALSE,FALSE,FALSE,FALSE,TRUE,FALSE,FALSE,FALSE,FALSE,FALSE,FALSE,FALSE,TRUE,FALSE,FALSE,FALSE
Holo results with H310/H435 titration,coupled_m252h_repeat1,4472127_18e82d2,"H-MET252HIP,H-HIP310HIE,H-HIP435HID","H-MET252HIP,H-HIP310HIE,H-HIP435HIE",H-HID435HIE,0.013104967933662864,0.056424741712095286,-0.04038407636771983,0.0044351859193438176,0.007481726930963774,0.007865948393711544,FALSE,FALSE,FALSE,FALSE,TRUE,FALSE,FALSE,FALSE,FALSE,FALSE,FALSE,FALSE,TRUE,FALSE,FALSE,FALSE
Holo results with H310/H435 titration,coupled_m252h_repeat1,5134ed6_0d33ae7,"H-HIP310HID,H-HIP435HIE","H-MET252HIE,H-HIP310HID,H-HIP435HIE",H-MET252HIE,-0.010767401991956348,0.04348750944945848,-0.05209323259316088,0.0011019579630895432,0.005674591934381411,0.009350951469583046,FALSE,FALSE,FALSE,FALSE,FALSE,FALSE,FALSE,FALSE,TRUE,FALSE,FALSE,FALSE,TRUE,FALSE,FALSE,FALSE
Holo results with H310/H435 titration,coupled_m252h_repeat1,5134ed6_5683b07,"H-HIP310HID,H-HIP435HIE","H-HIP310HIE,H-HIP435HIE",H-HID310HIE,-0.04741780755169951,0.06077808620972089,-0.09491265459576542,0.02101664832535885,0.00970731989063568,0.0387347002734108,FALSE,FALSE,FALSE,FALSE,TRUE,FALSE,FALSE,FALSE,TRUE,FALSE,FALSE,FALSE,TRUE,FALSE,FALSE,FALSE
Holo results with H310/H435 titration,coupled_m252h_repeat1,5134ed6_84983d2,"H-HIP310HID,H-HIP435HIE","H-MET252HID,H-HIP310HID,H-HIP435HIE",H-MET252HID,0.09019398568830517,0.017796122736706364,0.05130830191621673,0.05923825324675326,0.0028323086124401923,0.06980769104579633,TRUE,FALSE,FALSE,FALSE,FALSE,FALSE,FALSE,FALSE,TRUE,FALSE,FALSE,FALSE,TRUE,FALSE,FALSE,FALSE
Holo results with H310/H435 titration,coupled_m252h_repeat1,5134ed6_ab61347,"H-HIP310HID,H-HIP435HIE","H-MET252HIP,H-HIP310HID,H-HIP435HIE",H-MET252HIP,-0.01612554538463251,-0.10473381416728916,0.09001003811349884,0.004255114490772354,0.027108490088858496,0.02811968899521529,FALSE,FALSE,FALSE,FALSE,TRUE,TRUE,FALSE,FALSE,TRUE,FALSE,FALSE,FALSE,TRUE,TRUE,FALSE,FALSE
Holo results with H310/H435 titration,coupled_m252h_repeat1,5683b07_18e82d2,"H-HIP310HIE,H-HIP435HIE","H-MET252HIP,H-HIP310HIE,H-HIP435HIE",H-MET252HIP,-0.15085493474461653,-0.06247973835079407,-0.07767747566285564,0.05122740635680163,0.008690489747095116,0.02224711825017121,TRUE,TRUE,FALSE,FALSE,TRUE,FALSE,FALSE,FALSE,TRUE,FALSE,FALSE,FALSE,TRUE,TRUE,FALSE,FALSE
Holo results with H310/H435 titration,coupled_m252h_repeat1,5683b07_9e1214b,"H-HIP310HIE,H-HIP435HIE","H-MET252HID,H-HIP310HIE,H-HIP435HIE",H-MET252HID,0.1694337140590003,-0.006610990761183666,0.18662001313559284,0.05926272932330829,0.0013174890635680122,0.06882829357484622,TRUE,TRUE,FALSE,FALSE,FALSE,FALSE,FALSE,FALSE,TRUE,TRUE,FALSE,FALSE,TRUE,TRUE,FALSE,FALSE
Holo results with H310/H435 titration,coupled_m252h_repeat1,5683b07_d9ed51b,"H-HIP310HIE,H-HIP435HIE","H-MET252HIE,H-HIP310HIE,H-HIP435HIE",H-MET252HIE,-0.16609714554258975,0.03559224547341243,-0.17834119116772792,0.04805237901572112,0.0035573325358851642,0.06314222351332877,TRUE,TRUE,FALSE,FALSE,FALSE,FALSE,FALSE,FALSE,TRUE,TRUE,FALSE,FALSE,TRUE,TRUE,FALSE,FALSE
Holo results with H310/H435 titration,coupled_m252h_repeat1,5ec6a60_4472127,"H-HIP310HIE,H-HIP435HID","H-MET252HIP,H-HIP310HIE,H-HIP435HID",H-MET252HIP,-0.12131262974243295,-0.011303995859848627,-0.10303270889597593,0.0325890256322624,0.005414515379357443,0.028472651742994137,TRUE,TRUE,FALSE,FALSE,FALSE,FALSE,FALSE,FALSE,TRUE,TRUE,FALSE,FALSE,TRUE,TRUE,FALSE,FALSE
Holo results with H310/H435 titration,coupled_m252h_repeat1,5ec6a60_7335342,"H-HIP310HIE,H-HIP435HID","H-MET252HID,H-HIP310HIE,H-HIP435HID",H-MET252HID,-0.0010344544250896633,-0.07791936446372286,0.07088324542496027,0.002592127819548872,0.014790437115516067,0.015575001025290497,FALSE,FALSE,FALSE,FALSE,TRUE,FALSE,FALSE,FALSE,TRUE,FALSE,FALSE,FALSE,TRUE,FALSE,FALSE,FALSE
Holo results with H310/H435 titration,coupled_m252h_repeat1,5ec6a60_77c6962,"H-HIP310HIE,H-HIP435HID","H-MET252HIE,H-HIP310HIE,H-HIP435HID",H-MET252HIE,-0.10182974299808897,-0.02374175748188629,-0.07449044452907165,0.0295938814080656,0.0020349077238550925,0.02200460457963089,TRUE,TRUE,FALSE,FALSE,FALSE,FALSE,FALSE,FALSE,TRUE,FALSE,FALSE,FALSE,TRUE,TRUE,FALSE,FALSE
Holo results with H310/H435 titration,coupled_m252h_repeat1,6085581_77c6962,"H-MET252HIE,H-HIP310HID,H-HIP435HID","H-MET252HIE,H-HIP310HIE,H-HIP435HID",H-HID310HIE,0.177457826895491,0.1898404419489605,-0.020637520484583005,0.07220933492822967,0.07543263568010937,0.01391995625427205,TRUE,TRUE,FALSE,FALSE,TRUE,TRUE,FALSE,FALSE,FALSE,FALSE,FALSE,FALSE,TRUE,TRUE,FALSE,FALSE
Holo results with H310/H435 titration,coupled_m252h_repeat1,66a1a57_1c1b1f0,"H-MET252HIP,H-HIP310HID","H-MET252HIP,H-HIP310HIE",H-HID310HIE,-0.11337985377543881,0.08161462453574328,-0.19672558900038378,0.029764604579630895,0.017890045454545454,0.0893109036226931,TRUE,TRUE,FALSE,FALSE,TRUE,FALSE,FALSE,FALSE,TRUE,TRUE,FALSE,FALSE,TRUE,TRUE,FALSE,FALSE
Holo results with H310/H435 titration,coupled_m252h_repeat1,66a1a57_ab61347,"H-MET252HIP,H-HIP310HID","H-MET252HIP,H-HIP310HID,H-HIP435HIE",H-HIP435HIE,0.025423032480994645,-0.04486417496648491,0.06726436600831892,0.0021424101161995716,0.004558984278879053,0.011499238550922804,FALSE,FALSE,FALSE,FALSE,FALSE,FALSE,FALSE,FALSE,TRUE,FALSE,FALSE,FALSE,TRUE,FALSE,FALSE,FALSE
Holo results with H310/H435 titration,coupled_m252h_repeat1,66a1a57_c6b06e9,"H-MET252HIP,H-HIP310HID","H-MET252HIP,H-HIP310HID,H-HIP435HID",H-HIP435HID,-0.022372268583287867,-0.015253819488605767,-0.0093736320808475,0.0015245201640464731,0.0013827761449077395,0.0018944634313055471,FALSE,FALSE,FALSE,FALSE,FALSE,FALSE,FALSE,FALSE,FALSE,FALSE,FALSE,FALSE,FALSE,FALSE,FALSE,FALSE
Holo results with H310/H435 titration,coupled_m252h_repeat1,6d05828_5134ed6,H-HIP435HIE,"H-HIP310HID,H-HIP435HIE",H-HIP310HID,-0.05743438131381792,0.019024902639953684,-0.08313246783584244,0.015564037593985065,0.0017687173615857608,0.020967905331510606,TRUE,FALSE,FALSE,FALSE,FALSE,FALSE,FALSE,FALSE,TRUE,FALSE,FALSE,FALSE,TRUE,FALSE,FALSE,FALSE
Holo results with H310/H435 titration,coupled_m252h_repeat1,6d05828_5683b07,H-HIP435HIE,"H-HIP310HIE,H-HIP435HIE",H-HIP310HIE,-0.04302882235422055,-0.11357424226799459,0.08817252443681198,0.013541285714285554,0.02576356801093645,0.021682677033492786,FALSE,FALSE,FALSE,FALSE,TRUE,TRUE,FALSE,FALSE,TRUE,FALSE,FALSE,FALSE,TRUE,TRUE,FALSE,FALSE
Holo results with H310/H435 titration,coupled_m252h_repeat1,6d05828_8d5bcc5,H-HIP435HIE,"H-MET252HIP,H-HIP435HIE",H-MET252HIP,-7.626909744339018e-4,-0.015986049686790092,0.015253819488594023,4.171408065618039e-4,9.673250170882105e-4,0.0016768947368420593,FALSE,FALSE,FALSE,FALSE,FALSE,FALSE,FALSE,FALSE,FALSE,FALSE,FALSE,FALSE,FALSE,FALSE,FALSE,FALSE
Holo results with H310/H435 titration,coupled_m252h_repeat1,6d05828_ba31c72,H-HIP435HIE,"H-MET252HIE,H-HIP435HIE",H-MET252HIE,-0.008051938770300554,0.0152538194886042,-0.017137294151070345,0.005839905331510597,0.0017447218045112804,0.009300691045796314,FALSE,FALSE,FALSE,FALSE,FALSE,FALSE,FALSE,FALSE,FALSE,FALSE,FALSE,FALSE,FALSE,FALSE,FALSE,FALSE
Holo results with H310/H435 titration,coupled_m252h_repeat1,6d05828_e46d34e,H-HIP435HIE,"H-MET252HID,H-HIP435HIE",H-MET252HID,-0.156224393199622,0.022230687530730014,-0.17749899041286027,0.06183393643198905,0.0013326667805878365,0.076993511619959,TRUE,TRUE,FALSE,FALSE,FALSE,FALSE,FALSE,FALSE,TRUE,TRUE,FALSE,FALSE,TRUE,TRUE,FALSE,FALSE
Holo results with H310/H435 titration,coupled_m252h_repeat1,7335342_9e1214b,"H-MET252HID,H-HIP310HIE,H-HIP435HID","H-MET252HID,H-HIP310HIE,H-HIP435HIE",H-HID435HIE,-0.10845619735383039,-0.0037556752528762807,-0.11059019129238816,0.036376095352016406,0.0021893311688311688,0.035329669514695836,TRUE,TRUE,FALSE,FALSE,FALSE,FALSE,FALSE,FALSE,TRUE,TRUE,FALSE,FALSE,TRUE,TRUE,FALSE,FALSE
Holo results with H310/H435 titration,coupled_m252h_repeat1,7cbe88e_0920ae9,H-HIP435HID,"H-MET252HID,H-HIP435HID",H-MET252HID,-0.0633543563347266,-0.017525664944354844,-0.04851011749704161,0.014707375256322616,0.0013361332877648636,0.010779633287764859,TRUE,FALSE,FALSE,FALSE,FALSE,FALSE,FALSE,FALSE,FALSE,FALSE,FALSE,FALSE,TRUE,FALSE,FALSE,FALSE
Holo results with H310/H435 titration,coupled_m252h_repeat1,7cbe88e_5ec6a60,H-HIP435HID,"H-HIP310HIE,H-HIP435HID",H-HIP310HIE,-0.16016510463035336,0.008898061368354422,-0.16339863318553802,0.05635005434039646,0.0010736695146958413,0.059369905331510694,TRUE,TRUE,FALSE,FALSE,FALSE,FALSE,FALSE,FALSE,TRUE,TRUE,FALSE,FALSE,TRUE,TRUE,FALSE,FALSE
Holo results with H310/H435 titration,coupled_m252h_repeat1,7cbe88e_6d05828,H-HIP435HID,H-HIP435HIE,H-HID435HIE,-0.10429835028710954,-0.015917029031588044,-0.09152291693162071,0.024145516404647974,0.0010811910457963108,0.018629579972658915,TRUE,TRUE,FALSE,FALSE,FALSE,FALSE,FALSE,FALSE,TRUE,FALSE,FALSE,FALSE,TRUE,TRUE,FALSE,FALSE
Holo results with H310/H435 titration,coupled_m252h_repeat1,7cbe88e_a55737b,H-HIP435HID,"H-HIP310HID,H-HIP435HID",H-HIP310HID,-0.28245789111898223,0.03774629360942143,-0.32880455342104703,0.18318876042378696,0.005013943609022504,0.23774391079972657,TRUE,TRUE,TRUE,FALSE,FALSE,FALSE,FALSE,FALSE,TRUE,TRUE,TRUE,FALSE,TRUE,TRUE,TRUE,FALSE
Holo results with H310/H435 titration,coupled_m252h_repeat1,7cbe88e_c0b75c4,H-HIP435HID,"H-MET252HIP,H-HIP435HID",H-MET252HIP,-0.01169005511403331,-0.05529509564619706,0.07302813005373096,0.006315809637730682,0.013405332194121692,0.020490281954887394,FALSE,FALSE,FALSE,FALSE,TRUE,FALSE,FALSE,FALSE,TRUE,FALSE,FALSE,FALSE,TRUE,FALSE,FALSE,FALSE
Holo results with H310/H435 titration,coupled_m252h_repeat1,7cbe88e_e2765b0,H-HIP435HID,"H-MET252HIE,H-HIP435HID",H-MET252HIE,0.032020517795342485,0.0349508916994595,-0.004119020166394198,0.0022709589883800414,0.0033103096377306955,5.139326725905703e-4,FALSE,FALSE,FALSE,FALSE,FALSE,FALSE,FALSE,FALSE,FALSE,FALSE,FALSE,FALSE,FALSE,FALSE,FALSE,FALSE
Holo results with H310/H435 titration,coupled_m252h_repeat1,7d575ff_00a57d8,H-MET252HID,H-MET252HIE,H-HID252HIE,0.03307148716809179,0.056978882643589815,-0.021234714713073033,0.007097670881749829,0.009410745727956254,0.0043647867395762195,FALSE,FALSE,FALSE,FALSE,TRUE,FALSE,FALSE,FALSE,FALSE,FALSE,FALSE,FALSE,TRUE,FALSE,FALSE,FALSE
Holo results with H310/H435 titration,coupled_m252h_repeat1,7d575ff_0920ae9,H-MET252HID,"H-MET252HID,H-HIP435HID",H-HIP435HID,0.05105359992104641,-0.05936501093372307,0.10489889879380057,0.007197819890635642,0.007531485304169445,0.027412493848256843,TRUE,FALSE,FALSE,FALSE,TRUE,FALSE,FALSE,FALSE,TRUE,TRUE,FALSE,FALSE,TRUE,TRUE,FALSE,FALSE
Holo results with H310/H435 titration,coupled_m252h_repeat1,7d575ff_86dd0c9,H-MET252HID,"H-MET252HID,H-HIP310HID",H-HIP310HID,-0.23389189882527955,0.016343378023506182,-0.2546533091969191,0.11780268523581687,0.0024648431305536542,0.13314897778537263,TRUE,TRUE,TRUE,FALSE,FALSE,FALSE,FALSE,FALSE,TRUE,TRUE,TRUE,FALSE,TRUE,TRUE,TRUE,FALSE
Holo results with H310/H435 titration,coupled_m252h_repeat1,7d575ff_8f8f363,H-MET252HID,"H-MET252HID,H-HIP310HIE",H-HIP310HIE,-0.008512863906520115,-0.00970697603820482,-0.01383409170071024,0.0012209490772385652,0.004277546479835965,0.005282343130553596,FALSE,FALSE,FALSE,FALSE,FALSE,FALSE,FALSE,FALSE,FALSE,FALSE,FALSE,FALSE,FALSE,FALSE,FALSE,FALSE
Holo results with H310/H435 titration,coupled_m252h_repeat1,7d575ff_e46d34e,H-MET252HID,"H-MET252HID,H-HIP435HIE",H-HIP435HIE,-0.04576145846581067,0.005720182308227165,-0.04745632729788361,0.008917151742993908,0.0013249880382775075,0.006805120642515386,FALSE,FALSE,FALSE,FALSE,FALSE,FALSE,FALSE,FALSE,FALSE,FALSE,FALSE,FALSE,FALSE,FALSE,FALSE,FALSE
Holo results with H310/H435 titration,coupled_m252h_repeat1,86dd0c9_84983d2,"H-MET252HID,H-HIP310HID","H-MET252HID,H-HIP310HID,H-HIP435HIE",H-HIP435HIE,-0.032686756047012294,0.012711516240507805,-0.051481640774041826,0.003160306220095678,0.0041148345864662,0.008561272385509296,FALSE,FALSE,FALSE,FALSE,FALSE,FALSE,FALSE,FALSE,TRUE,FALSE,FALSE,FALSE,TRUE,FALSE,FALSE,FALSE
Holo results with H310/H435 titration,coupled_m252h_repeat1,86dd0c9_8f8f363,"H-MET252HID,H-HIP310HID","H-MET252HID,H-HIP310HIE",H-HID310HIE,0.046514885987115145,0.002787735073509495,0.04576145846581557,0.011530999316473004,0.0033902522214627495,0.005760200615174301,FALSE,FALSE,FALSE,FALSE,FALSE,FALSE,FALSE,FALSE,FALSE,FALSE,FALSE,FALSE,FALSE,FALSE,FALSE,FALSE
Holo results with H310/H435 titration,coupled_m252h_repeat1,86dd0c9_c33934f,"H-MET252HID,H-HIP310HID","H-MET252HID,H-HIP310HID,H-HIP435HID",H-HIP435HID,-0.08151400680413051,0.040912150248960305,-0.12460386285508951,0.015714056732740903,0.011495348940533128,0.04744515174299372,TRUE,FALSE,FALSE,FALSE,FALSE,FALSE,FALSE,FALSE,TRUE,TRUE,FALSE,FALSE,TRUE,TRUE,FALSE,FALSE
Holo results with H310/H435 titration,coupled_m252h_repeat1,8810714_77c6962,"H-MET252HIE,H-HIP310HIE","H-MET252HIE,H-HIP310HIE,H-HIP435HID",H-HIP435HID,0.0904460276820212,-0.02247201445235271,0.11417633434470988,0.020319655160628853,0.0023798609022557013,0.03266902734108016,TRUE,FALSE,FALSE,FALSE,FALSE,FALSE,FALSE,FALSE,TRUE,TRUE,FALSE,FALSE,TRUE,TRUE,FALSE,FALSE
Holo results with H310/H435 titration,coupled_m252h_repeat1,8810714_d9ed51b,"H-MET252HIE,H-HIP310HIE","H-MET252HIE,H-HIP310HIE,H-HIP435HIE",H-HIP435HIE,0.03203302092607213,-0.006840006357989499,0.03813454872150738,0.004573129186602854,0.0015629278879015858,0.010045892002734183,FALSE,FALSE,FALSE,FALSE,FALSE,FALSE,FALSE,FALSE,FALSE,FALSE,FALSE,FALSE,FALSE,FALSE,FALSE,FALSE
Holo results with H310/H435 titration,coupled_m252h_repeat1,8d5bcc5_18e82d2,"H-MET252HIP,H-HIP435HIE","H-MET252HIP,H-HIP310HIE,H-HIP435HIE",H-HIP310HIE,-0.08231080633851409,-0.05175849581159897,-0.0430969850387444,0.023071023581681536,0.008125343814080657,0.004859956254272061,TRUE,FALSE,FALSE,FALSE,TRUE,FALSE,FALSE,FALSE,FALSE,FALSE,FALSE,FALSE,TRUE,FALSE,FALSE,FALSE
Holo results with H310/H435 titration,coupled_m252h_repeat1,8d5bcc5_ab61347,"H-MET252HIP,H-HIP435HIE","H-MET252HIP,H-HIP310HID,H-HIP435HIE",H-HIP310HID,-0.16114743676975707,0.05141102123937066,-0.2120760273787493,0.1035318462064252,0.006823142857142868,0.12344362440191387,TRUE,TRUE,FALSE,FALSE,TRUE,FALSE,FALSE,FALSE,TRUE,TRUE,TRUE,FALSE,TRUE,TRUE,TRUE,FALSE
Holo results with H310/H435 titration,coupled_m252h_repeat1,8f8f363_7335342,"H-MET252HID,H-HIP310HIE","H-MET252HID,H-HIP310HIE,H-HIP435HID",H-HIP435HID,-0.061626408542908136,-0.06609988445062343,6.279297872181477e-4,0.009304497607655459,0.009711110047846847,0.00530877751196179,TRUE,FALSE,FALSE,FALSE,TRUE,FALSE,FALSE,FALSE,FALSE,FALSE,FALSE,FALSE,TRUE,FALSE,FALSE,FALSE
Holo results with H310/H435 titration,coupled_m252h_repeat1,8f8f363_9e1214b,"H-MET252HID,H-HIP310HIE","H-MET252HID,H-HIP310HIE,H-HIP435HIE",H-HIP435HIE,-0.03159719751211228,-0.053388368210116596,0.017986455600200395,0.0035882604237867364,0.0067185464798359676,0.0032096859193437915,FALSE,FALSE,FALSE,FALSE,TRUE,FALSE,FALSE,FALSE,FALSE,FALSE,FALSE,FALSE,TRUE,FALSE,FALSE,FALSE
Holo results with H310/H435 titration,coupled_m252h_repeat1,a55737b_5ec6a60,"H-HIP310HID,H-HIP435HID","H-HIP310HIE,H-HIP435HID",H-HID310HIE,0.03773993608532235,-0.030507638977210337,0.06656212140482262,0.006935816814764187,0.007377752904989743,0.021150015379357488,FALSE,FALSE,FALSE,FALSE,FALSE,FALSE,FALSE,FALSE,TRUE,FALSE,FALSE,FALSE,TRUE,FALSE,FALSE,FALSE
Holo results with H310/H435 titration,coupled_m252h_repeat1,a55737b_6085581,"H-HIP310HID,H-HIP435HID","H-MET252HIE,H-HIP310HID,H-HIP435HID",H-MET252HIE,-0.11059019129238912,0.047274337283947504,-0.16779201437465716,0.031018193096377298,0.0050942785372522234,0.05785305946684893,TRUE,TRUE,FALSE,FALSE,FALSE,FALSE,FALSE,FALSE,TRUE,TRUE,FALSE,FALSE,TRUE,TRUE,FALSE,FALSE
Holo results with H310/H435 titration,coupled_m252h_repeat1,a55737b_c33934f,"H-HIP310HID,H-HIP435HID","H-MET252HID,H-HIP310HID,H-HIP435HID",H-MET252HID,-0.20517419869199333,0.048963453621624464,-0.2669702864016189,0.12409444497607658,0.006984802460697201,0.17593705365686949,TRUE,TRUE,TRUE,FALSE,FALSE,FALSE,FALSE,FALSE,TRUE,TRUE,TRUE,FALSE,TRUE,TRUE,TRUE,FALSE
Holo results with H310/H435 titration,coupled_m252h_repeat1,a55737b_c6b06e9,"H-HIP310HID,H-HIP435HID","H-MET252HIP,H-HIP310HID,H-HIP435HID",H-MET252HIP,-0.03706175262561193,0.017432936558419508,-0.052637978703018284,0.0038293872180450686,0.003283431647300113,0.008573348940533227,FALSE,FALSE,FALSE,FALSE,FALSE,FALSE,FALSE,FALSE,TRUE,FALSE,FALSE,FALSE,TRUE,FALSE,FALSE,FALSE
Holo results with H310/H435 titration,coupled_m252h_repeat1,ba31c72_0d33ae7,"H-MET252HIE,H-HIP435HIE","H-MET252HIE,H-HIP310HID,H-HIP435HIE",H-HIP310HID,-0.24406111181768358,0.019352773655997146,-0.25770072532457144,0.12592038482570078,0.005808530416951448,0.1466190369104584,TRUE,TRUE,TRUE,FALSE,FALSE,FALSE,FALSE,FALSE,TRUE,TRUE,TRUE,FALSE,TRUE,TRUE,TRUE,FALSE
Holo results with H310/H435 titration,coupled_m252h_repeat1,ba31c72_d9ed51b,"H-MET252HIE,H-HIP435HIE","H-MET252HIE,H-HIP310HIE,H-HIP435HIE",H-HIP310HIE,-0.0701110740198467,0.10677673642024249,-0.18304583386327097,0.01381571531100478,0.052064630895420405,0.08483895625427217,TRUE,FALSE,FALSE,FALSE,TRUE,TRUE,FALSE,FALSE,TRUE,TRUE,FALSE,FALSE,TRUE,TRUE,FALSE,FALSE
Holo results with H310/H435 titration,coupled_m252h_repeat1,c0b75c4_4472127,"H-MET252HIP,H-HIP435HID","H-MET252HIP,H-HIP310HIE,H-HIP435HID",H-HIP310HIE,-0.03326719359378622,-0.033807245671867533,0.006482873282657002,0.009721006835270022,0.008630422761449107,0.004006804853041718,FALSE,FALSE,FALSE,FALSE,FALSE,FALSE,FALSE,FALSE,FALSE,FALSE,FALSE,FALSE,FALSE,FALSE,FALSE,FALSE
Holo results with H310/H435 titration,coupled_m252h_repeat1,c0b75c4_8d5bcc5,"H-MET252HIP,H-HIP435HID","H-MET252HIP,H-HIP435HIE",H-HID435HIE,-0.013945281052082701,-0.0029108303996112877,-0.012942634717604418,0.0018180615174299372,5.799210526315792e-4,0.0033982194121667804,FALSE,FALSE,FALSE,FALSE,FALSE,FALSE,FALSE,FALSE,FALSE,FALSE,FALSE,FALSE,FALSE,FALSE,FALSE,FALSE
Holo results with H310/H435 titration,coupled_m252h_repeat1,c0b75c4_c6b06e9,"H-MET252HIP,H-HIP435HID","H-MET252HIP,H-HIP310HID,H-HIP435HID",H-HIP310HID,-0.19692142102035687,-0.06537351209402473,-0.13271733328928598,0.09092965516062856,0.00938208783321946,0.06696509193438112,TRUE,TRUE,FALSE,FALSE,TRUE,FALSE,FALSE,FALSE,TRUE,TRUE,FALSE,FALSE,TRUE,TRUE,FALSE,FALSE
Holo results with H310/H435 titration,coupled_m252h_repeat1,c0f367a_1c1b1f0,H-HIP310HIE,"H-MET252HIP,H-HIP310HIE",H-MET252HIP,-0.030507638977204335,-0.0753718139436991,0.045880628930607,0.0024920164046480908,0.012693328776486679,0.005648365686944506,FALSE,FALSE,FALSE,FALSE,TRUE,FALSE,FALSE,FALSE,FALSE,FALSE,FALSE,FALSE,TRUE,FALSE,FALSE,FALSE
Holo results with H310/H435 titration,coupled_m252h_repeat1,c0f367a_5683b07,H-HIP310HIE,"H-HIP310HIE,H-HIP435HIE",H-HIP435HIE,0.0780687905024108,-0.046166381765411955,0.11957826722550696,0.013754037935748595,0.009551892344497631,0.04342003793574878,TRUE,FALSE,FALSE,FALSE,FALSE,FALSE,FALSE,FALSE,TRUE,TRUE,FALSE,FALSE,TRUE,TRUE,FALSE,FALSE
Holo results with H310/H435 titration,coupled_m252h_repeat1,c0f367a_5ec6a60,H-HIP310HIE,"H-HIP310HIE,H-HIP435HID",H-HIP435HID,0.02029220228938131,0.005546843450404973,0.014080448758713024,0.0013567098427887797,6.912747778537005e-4,0.001636956254272035,FALSE,FALSE,FALSE,FALSE,FALSE,FALSE,FALSE,FALSE,FALSE,FALSE,FALSE,FALSE,FALSE,FALSE,FALSE,FALSE
Holo results with H310/H435 titration,coupled_m252h_repeat1,c0f367a_8810714,H-HIP310HIE,"H-MET252HIE,H-HIP310HIE",H-MET252HIE,-0.05936501093372385,-0.0672358683680429,0.015253819488605345,0.007576673274094329,0.010600827409432679,0.0014497481203007562,TRUE,FALSE,FALSE,FALSE,TRUE,FALSE,FALSE,FALSE,FALSE,FALSE,FALSE,FALSE,TRUE,FALSE,FALSE,FALSE
Holo results with H310/H435 titration,coupled_m252h_repeat1,c0f367a_8f8f363,H-HIP310HIE,"H-MET252HID,H-HIP310HIE",H-MET252HID,0.05084606496201709,-0.020497319937813088,0.07016756964758364,0.006194954203691043,0.001648961722488037,0.011721545112781945,TRUE,FALSE,FALSE,FALSE,FALSE,FALSE,FALSE,FALSE,TRUE,FALSE,FALSE,FALSE,TRUE,FALSE,FALSE,FALSE
Holo results with H310/H435 titration,coupled_m252h_repeat1,c33934f_84983d2,"H-MET252HID,H-HIP310HID,H-HIP435HID","H-MET252HID,H-HIP310HID,H-HIP435HIE",H-HID435HIE,0.01151525341063168,-0.07847478911123894,0.08643831043542946,0.010731508885850985,0.012707437799043061,0.020902516062884482,FALSE,FALSE,FALSE,FALSE,TRUE,FALSE,FALSE,FALSE,TRUE,FALSE,FALSE,FALSE,TRUE,FALSE,FALSE,FALSE
Holo results with H310/H435 titration,coupled_m252h_repeat1,c6b06e9_ab61347,"H-MET252HIP,H-HIP310HID,H-HIP435HID","H-MET252HIP,H-HIP310HID,H-HIP435HIE",H-HID435HIE,0.19401905025787775,0.024466670763857487,0.1692117421625577,0.07909515892002736,0.00221227956254272,0.06288424367737529,TRUE,TRUE,FALSE,FALSE,FALSE,FALSE,FALSE,FALSE,TRUE,TRUE,FALSE,FALSE,TRUE,TRUE,FALSE,FALSE
Holo results with H310/H435 titration,coupled_m252h_repeat1,e2765b0_6085581,"H-MET252HIE,H-HIP435HID","H-MET252HIE,H-HIP310HID,H-HIP435HID",H-HIP310HID,-0.17729203464694443,-0.030507638977248164,-0.1388945007879101,0.06943844907723848,0.00971166712235136,0.05743095796308947,TRUE,TRUE,FALSE,FALSE,FALSE,FALSE,FALSE,FALSE,TRUE,TRUE,FALSE,FALSE,TRUE,TRUE,FALSE,FALSE
Holo results with H310/H435 titration,coupled_m252h_repeat1,e2765b0_77c6962,"H-MET252HIE,H-HIP435HID","H-MET252HIE,H-HIP310HIE,H-HIP435HID",H-HIP310HIE,-0.19621958705796524,-0.0070402243793565135,-0.18274773985565024,0.07981597778537247,0.0019449183185235768,0.08055410697197532,TRUE,TRUE,FALSE,FALSE,FALSE,FALSE,FALSE,FALSE,TRUE,TRUE,FALSE,FALSE,TRUE,TRUE,FALSE,FALSE
Holo results with H310/H435 titration,coupled_m252h_repeat1,e3c493d_1c1b1f0,H-MET252HIP,"H-MET252HIP,H-HIP310HIE",H-HIP310HIE,-0.1388097573463089,0.03143296258589154,-0.17206552266888442,0.04251788516746406,0.0032155273410799847,0.06437094121667802,TRUE,TRUE,FALSE,FALSE,FALSE,FALSE,FALSE,FALSE,TRUE,TRUE,FALSE,FALSE,TRUE,TRUE,FALSE,FALSE
Holo results with H310/H435 titration,coupled_m252h_repeat1,e3c493d_66a1a57,H-MET252HIP,"H-MET252HIP,H-HIP310HID",H-HIP310HID,-0.09386701962665682,0.04121492063018586,-0.13319520906676885,0.020874482911824938,0.0045601288448394155,0.042360177033492895,TRUE,FALSE,FALSE,FALSE,FALSE,FALSE,FALSE,FALSE,TRUE,TRUE,FALSE,FALSE,TRUE,TRUE,FALSE,FALSE
Holo results with H310/H435 titration,coupled_m252h_repeat1,e3c493d_8d5bcc5,H-MET252HIP,"H-MET252HIP,H-HIP435HIE",H-HIP435HIE,-0.15053715620045094,-0.05671757484453583,-0.07844821451281936,0.04493061654135335,0.00868134313055363,0.015368527341080011,TRUE,TRUE,FALSE,FALSE,TRUE,FALSE,FALSE,FALSE,TRUE,FALSE,FALSE,FALSE,TRUE,TRUE,FALSE,FALSE
Holo results with H310/H435 titration,coupled_m252h_repeat1,e3c493d_c0b75c4,H-MET252HIP,"H-MET252HIP,H-HIP435HID",H-HIP435HID,0.08514665636582858,0.024716447509294796,0.061015277954423026,0.016246418318523657,0.005235620642515427,0.014764549897471104,TRUE,FALSE,FALSE,FALSE,FALSE,FALSE,FALSE,FALSE,TRUE,FALSE,FALSE,FALSE,TRUE,FALSE,FALSE,FALSE
Holo results with H310/H435 titration,coupled_m252h_repeat1,e46d34e_84983d2,"H-MET252HID,H-HIP435HIE","H-MET252HID,H-HIP310HID,H-HIP435HIE",H-HIP310HID,-0.051862986261259174,0.0838313723589838,-0.13728437539745184,0.011792740943267273,0.016779796308954282,0.04819282467532478,TRUE,FALSE,FALSE,FALSE,TRUE,FALSE,FALSE,FALSE,TRUE,TRUE,FALSE,FALSE,TRUE,TRUE,FALSE,FALSE
Holo results with H310/H435 titration,coupled_m252h_repeat1,e46d34e_9e1214b,"H-MET252HID,H-HIP435HIE","H-MET252HID,H-HIP310HIE,H-HIP435HIE",H-HIP310HIE,-0.10344285238806708,-0.03245909597125057,-0.06687820991026942,0.03051652802460692,0.003553118250170852,0.01928043164730011,TRUE,TRUE,FALSE,FALSE,FALSE,FALSE,FALSE,FALSE,TRUE,FALSE,FALSE,FALSE,TRUE,TRUE,FALSE,FALSE
Holo results with H310/H435 titration,coupled_m252h_repeat1,e46d34e_ba31c72,"H-MET252HID,H-HIP435HIE","H-MET252HIE,H-HIP435HIE",H-HID252HIE,0.14062830579584956,-0.04009068637021783,0.18086671679346145,0.05429401161995898,0.006103133287764866,0.08292257826384139,TRUE,TRUE,FALSE,FALSE,FALSE,FALSE,FALSE,FALSE,TRUE,TRUE,FALSE,FALSE,TRUE,TRUE,FALSE,FALSE
Holo results with H310/H435 titration,coupled_m252h_repeat1,f0eb34c_0d33ae7,"H-MET252HIE,H-HIP310HID","H-MET252HIE,H-HIP310HID,H-HIP435HIE",H-HIP435HIE,-0.15170991623568886,0.05338836821015647,-0.18912106196993012,0.06256620334928259,0.007257260423786704,0.10907471975393056,TRUE,TRUE,FALSE,FALSE,TRUE,FALSE,FALSE,FALSE,TRUE,TRUE,FALSE,FALSE,TRUE,TRUE,FALSE,FALSE
Holo results with H310/H435 titration,coupled_m252h_repeat1,f0eb34c_6085581,"H-MET252HIE,H-HIP310HID","H-MET252HIE,H-HIP310HID,H-HIP435HID",H-HIP435HID,-0.08911441911763855,-0.02542303248100538,-0.059489896005562544,0.017459484278879046,0.004357551948051928,0.010818443609022623,TRUE,FALSE,FALSE,FALSE,FALSE,FALSE,FALSE,FALSE,TRUE,FALSE,FALSE,FALSE,TRUE,FALSE,FALSE,FALSE
Holo results with H310/H435 titration,coupled_m252h_repeat1,f0eb34c_8810714,"H-MET252HIE,H-HIP310HID","H-MET252HIE,H-HIP310HIE",H-HID310HIE,0.14155544485425603,0.1092894780026619,0.024787456668983375,0.04915171736158579,0.029649041695146955,0.01223603554340396,TRUE,TRUE,FALSE,FALSE,TRUE,TRUE,FALSE,FALSE,FALSE,FALSE,FALSE,FALSE,TRUE,TRUE,FALSE,FALSE
Holo results with H310/H435 titration,coupled_m252h_repeat2,00a57d8_8810714,H-MET252HIE,"H-MET252HIE,H-HIP310HIE",H-HIP310HIE,-0.19464784343250713,-0.046983719642786026,-0.15106675014009838,0.08403658304853058,0.0067150950102529364,0.049366561859193483,TRUE,TRUE,FALSE,FALSE,FALSE,FALSE,FALSE,FALSE,TRUE,TRUE,FALSE,FALSE,TRUE,TRUE,FALSE,FALSE
Holo results with H310/H435 titration,coupled_m252h_repeat2,00a57d8_ba31c72,H-MET252HIE,"H-MET252HIE,H-HIP435HIE",H-HIP435HIE,0.044265410785204476,-0.03169644879565223,0.06699600686882096,0.0063553226247436215,0.0032347306903622274,0.014077872522214433,FALSE,FALSE,FALSE,FALSE,FALSE,FALSE,FALSE,FALSE,TRUE,FALSE,FALSE,FALSE,TRUE,FALSE,FALSE,FALSE
Holo results with H310/H435 titration,coupled_m252h_repeat2,00a57d8_e2765b0,H-MET252HIE,"H-MET252HIE,H-HIP435HID",H-HIP435HID,-0.029171466809729523,-0.006467400096477318,-0.027921502914480922,0.002976122009569387,0.0012456589200273247,0.00342846753246758,FALSE,FALSE,FALSE,FALSE,FALSE,FALSE,FALSE,FALSE,FALSE,FALSE,FALSE,FALSE,FALSE,FALSE,FALSE,FALSE
Holo results with H310/H435 titration,coupled_m252h_repeat2,00a57d8_e3c493d,H-MET252HIE,H-MET252HIP,H-HIE252HIP,-0.06670060814932557,-0.09782912491361292,0.031778790601259016,0.013371203007518857,0.02079109535201634,0.003008020164046402,TRUE,FALSE,FALSE,FALSE,TRUE,FALSE,FALSE,FALSE,FALSE,FALSE,FALSE,FALSE,TRUE,FALSE,FALSE,FALSE
Holo results with H310/H435 titration,coupled_m252h_repeat2,00a57d8_f0eb34c,H-MET252HIE,"H-MET252HIE,H-HIP310HID",H-HIP310HID,-0.1542330637181198,-0.01287041019351112,-0.14540207727458743,0.056095506835269794,0.0015718827751196075,0.04802702358168135,TRUE,TRUE,FALSE,FALSE,FALSE,FALSE,FALSE,FALSE,TRUE,TRUE,FALSE,FALSE,TRUE,TRUE,FALSE,FALSE
Holo results with H310/H435 titration,coupled_m252h_repeat2,0920ae9_7335342,"H-MET252HID,H-HIP435HID","H-MET252HID,H-HIP310HIE,H-HIP435HID",H-HIP310HIE,-0.13347092052529425,0.02923648735315844,-0.16333523276594422,0.04088824982911801,0.0029546254272043403,0.06154958783321904,TRUE,TRUE,FALSE,FALSE,FALSE,FALSE,FALSE,FALSE,TRUE,TRUE,FALSE,FALSE,TRUE,TRUE,FALSE,FALSE
Holo results with H310/H435 titration,coupled_m252h_repeat2,0920ae9_c33934f,"H-MET252HID,H-HIP435HID","H-MET252HID,H-HIP310HID,H-HIP435HID",H-HIP310HID,-0.14377431063357143,-0.03575113942641893,-0.11230882762741573,0.049863394053315024,0.0043074446343131165,0.02914058954203668,TRUE,TRUE,FALSE,FALSE,FALSE,FALSE,FALSE,FALSE,TRUE,TRUE,FALSE,FALSE,TRUE,TRUE,FALSE,FALSE
Holo results with H310/H435 titration,coupled_m252h_repeat2,0920ae9_e2765b0,"H-MET252HID,H-HIP435HID","H-MET252HIE,H-HIP435HID",H-HID252HIE,-0.010287819431970036,0.024809627918240127,-0.041403224326214225,0.0034053311688311706,0.003923335953520165,0.011504255980861243,FALSE,FALSE,FALSE,FALSE,FALSE,FALSE,FALSE,FALSE,FALSE,FALSE,FALSE,FALSE,FALSE,FALSE,FALSE,FALSE
Holo results with H310/H435 titration,coupled_m252h_repeat2,0ca3751_5134ed6,H-HIP310HID,"H-HIP310HID,H-HIP435HIE",H-HIP435HIE,-0.07931986134074645,-0.016282296711700374,-0.06434168831844403,0.015903974709501063,0.0014180355434039486,0.00917869583048538,TRUE,FALSE,FALSE,FALSE,FALSE,FALSE,FALSE,FALSE,TRUE,FALSE,FALSE,FALSE,TRUE,FALSE,FALSE,FALSE
Holo results with H310/H435 titration,coupled_m252h_repeat2,0ca3751_66a1a57,H-HIP310HID,"H-MET252HIP,H-HIP310HID",H-MET252HIP,-0.1220305559088516,-0.00974253272698727,-0.11481340658572174,0.03940303315105955,0.0017660153793574434,0.030620647983595574,TRUE,TRUE,FALSE,FALSE,FALSE,FALSE,FALSE,FALSE,TRUE,TRUE,FALSE,FALSE,TRUE,TRUE,FALSE,FALSE
Holo results with H310/H435 titration,coupled_m252h_repeat2,0ca3751_86dd0c9,H-HIP310HID,"H-MET252HID,H-HIP310HID",H-MET252HID,-0.08667493173341281,0.038661168680048076,-0.13064022161229177,0.023506906356801104,0.0058803198906356826,0.04831507279562544,TRUE,FALSE,FALSE,FALSE,FALSE,FALSE,FALSE,FALSE,TRUE,TRUE,FALSE,FALSE,TRUE,TRUE,FALSE,FALSE
Holo results with H310/H435 titration,coupled_m252h_repeat2,0ca3751_a55737b,H-HIP310HID,"H-HIP310HID,H-HIP435HID",H-HIP435HID,-0.01016921299240385,-0.02165846805593588,0.011881030512791331,6.022819548872251e-4,0.003368313055365659,0.0052465799726589355,FALSE,FALSE,FALSE,FALSE,FALSE,FALSE,FALSE,FALSE,FALSE,FALSE,FALSE,FALSE,FALSE,FALSE,FALSE,FALSE
Holo results with H310/H435 titration,coupled_m252h_repeat2,0ca3751_c0f367a,H-HIP310HID,H-HIP310HIE,H-HID310HIE,-0.02135534728404736,0.05744109868209074,-0.07472815037223826,0.002921215311004785,0.008023212235133281,0.010828267259056728,FALSE,FALSE,FALSE,FALSE,TRUE,FALSE,FALSE,FALSE,TRUE,FALSE,FALSE,FALSE,TRUE,FALSE,FALSE,FALSE
Holo results with H310/H435 titration,coupled_m252h_repeat2,0ca3751_f0eb34c,H-HIP310HID,"H-MET252HIE,H-HIP310HID",H-MET252HIE,0.10411802616785865,-1.2301467329524425e-4,0.10298283772691647,0.0378038964456596,0.002450405331510595,0.047390302460697184,TRUE,TRUE,FALSE,FALSE,FALSE,FALSE,FALSE,FALSE,TRUE,TRUE,FALSE,FALSE,TRUE,TRUE,FALSE,FALSE
Holo results with H310/H435 titration,coupled_m252h_repeat2,0d33ae7_d9ed51b,"H-MET252HIE,H-HIP310HID,H-HIP435HIE","H-MET252HIE,H-HIP310HIE,H-HIP435HIE",H-HID310HIE,-0.2172547672752077,0.012058008822497301,-0.21863807933667434,0.10101180075187968,0.004500312030075191,0.11175423308270677,TRUE,TRUE,TRUE,FALSE,FALSE,FALSE,FALSE,FALSE,TRUE,TRUE,TRUE,FALSE,TRUE,TRUE,TRUE,FALSE
Holo results with H310/H435 titration,coupled_m252h_repeat2,1c1b1f0_18e82d2,"H-MET252HIP,H-HIP310HIE","H-MET252HIP,H-HIP310HIE,H-HIP435HIE",H-HIP435HIE,-0.05276321167369957,0.04576145846581731,-0.09503341132843507,0.008404561517429937,0.006484546479835897,0.02128841729323307,TRUE,FALSE,FALSE,FALSE,FALSE,FALSE,FALSE,FALSE,TRUE,FALSE,FALSE,FALSE,TRUE,FALSE,FALSE,FALSE
Holo results with H310/H435 titration,coupled_m252h_repeat2,1c1b1f0_4472127,"H-MET252HIP,H-HIP310HIE","H-MET252HIP,H-HIP310HIE,H-HIP435HID",H-HIP435HID,0.07335588065112872,0.0023467414597882815,0.07078388558651647,0.014307616541353414,0.0014113872180451267,0.015628721804511334,TRUE,FALSE,FALSE,FALSE,FALSE,FALSE,FALSE,FALSE,TRUE,FALSE,FALSE,FALSE,TRUE,FALSE,FALSE,FALSE
Holo results with H310/H435 titration,coupled_m252h_repeat2,404e0bb_00a57d8,WT,H-MET252HIE,H-MET252HIE,0.020063381481357168,0.009592006387604907,7.021599447133335e-4,0.004129796308954196,0.0011233311688311658,0.005667332194121664,FALSE,FALSE,FALSE,FALSE,FALSE,FALSE,FALSE,FALSE,FALSE,FALSE,FALSE,FALSE,FALSE,FALSE,FALSE,FALSE
Holo results with H310/H435 titration,coupled_m252h_repeat2,404e0bb_0ca3751,WT,H-HIP310HID,H-HIP310HID,-0.0544184962794777,0.04410110195724516,-0.09711958653144973,0.031369984278879125,0.007022526315789477,0.04215903691045817,TRUE,FALSE,FALSE,FALSE,FALSE,FALSE,FALSE,FALSE,TRUE,FALSE,FALSE,FALSE,TRUE,FALSE,FALSE,FALSE
Holo results with H310/H435 titration,coupled_m252h_repeat2,404e0bb_6d05828,WT,H-HIP435HIE,H-HIP435HIE,-0.06011799445509125,0.015253819488605446,-0.07664314445201802,0.008755743677375234,0.0015050331510594707,0.013932764183185098,TRUE,FALSE,FALSE,FALSE,FALSE,FALSE,FALSE,FALSE,TRUE,FALSE,FALSE,FALSE,TRUE,FALSE,FALSE,FALSE
Holo results with H310/H435 titration,coupled_m252h_repeat2,404e0bb_7cbe88e,WT,H-HIP435HID,H-HIP435HID,-0.08747441892899581,-0.017095692249985105,-0.069119076540747,0.016150936431989046,0.0013876220095693876,0.012473773752563177,TRUE,FALSE,FALSE,FALSE,FALSE,FALSE,FALSE,FALSE,TRUE,FALSE,FALSE,FALSE,TRUE,FALSE,FALSE,FALSE
Holo results with H310/H435 titration,coupled_m252h_repeat2,404e0bb_7d575ff,WT,H-MET252HID,H-MET252HID,-0.022137631197043803,0.027941351736202855,-0.05094812450630069,0.00618061209842789,0.0022330160628844836,0.011997867737525631,FALSE,FALSE,FALSE,FALSE,FALSE,FALSE,FALSE,FALSE,TRUE,FALSE,FALSE,FALSE,TRUE,FALSE,FALSE,FALSE
Holo results with H310/H435 titration,coupled_m252h_repeat2,404e0bb_c0f367a,WT,H-HIP310HIE,H-HIP310HIE,-0.08852706874534433,0.03589133997318792,-0.12531436427097178,0.021321325017088114,0.003856580656185908,0.04215862781954879,TRUE,FALSE,FALSE,FALSE,FALSE,FALSE,FALSE,FALSE,TRUE,TRUE,FALSE,FALSE,TRUE,TRUE,FALSE,FALSE
Holo results with H310/H435 titration,coupled_m252h_repeat2,404e0bb_e3c493d,WT,H-MET252HIP,H-MET252HIP,-0.07708994728519722,-0.06377092133523325,-0.017841651672395223,0.013596444634313051,0.008244726930963774,0.0023701722488038233,TRUE,FALSE,FALSE,FALSE,TRUE,FALSE,FALSE,FALSE,FALSE,FALSE,FALSE,FALSE,TRUE,FALSE,FALSE,FALSE
Holo results with H310/H435 titration,coupled_m252h_repeat2,4472127_18e82d2,"H-MET252HIP,H-HIP310HIE,H-HIP435HID","H-MET252HIP,H-HIP310HIE,H-HIP435HIE",H-HID435HIE,-0.028391431461950882,-0.037021808090125286,0.0020338425984809208,0.0038891093643198932,0.003079185919343814,0.0016696814764183183,FALSE,FALSE,FALSE,FALSE,FALSE,FALSE,FALSE,FALSE,FALSE,FALSE,FALSE,FALSE,FALSE,FALSE,FALSE,FALSE
Holo results with H310/H435 titration,coupled_m252h_repeat2,5134ed6_0d33ae7,"H-HIP310HID,H-HIP435HIE","H-MET252HIE,H-HIP310HID,H-HIP435HIE",H-MET252HIE,-0.06877838251558732,-0.08524994389613846,0.0076269097443024784,0.055460803827751176,0.015520279562542722,0.03292359056732738,TRUE,FALSE,FALSE,FALSE,TRUE,FALSE,FALSE,FALSE,FALSE,FALSE,FALSE,FALSE,TRUE,FALSE,FALSE,FALSE
Holo results with H310/H435 titration,coupled_m252h_repeat2,5134ed6_5683b07,"H-HIP310HID,H-HIP435HIE","H-HIP310HIE,H-HIP435HIE",H-HID310HIE,0.01959149592000099,-0.04957491333796685,0.06371193532829925,0.0063906814764183185,0.006813027341079975,0.012959951469583049,FALSE,FALSE,FALSE,FALSE,FALSE,FALSE,FALSE,FALSE,TRUE,FALSE,FALSE,FALSE,TRUE,FALSE,FALSE,FALSE
Holo results with H310/H435 titration,coupled_m252h_repeat2,5134ed6_84983d2,"H-HIP310HID,H-HIP435HIE","H-MET252HID,H-HIP310HID,H-HIP435HIE",H-MET252HID,0.06615397600909317,0.041538897323854906,0.03745626623437147,0.013724212235133293,0.005354353383458643,0.010171272385509236,TRUE,FALSE,FALSE,FALSE,FALSE,FALSE,FALSE,FALSE,FALSE,FALSE,FALSE,FALSE,TRUE,FALSE,FALSE,FALSE
Holo results with H310/H435 titration,coupled_m252h_repeat2,5134ed6_ab61347,"H-HIP310HID,H-HIP435HIE","H-MET252HIP,H-HIP310HID,H-HIP435HIE",H-MET252HIP,-0.002521464696885288,-0.03687493204867596,0.03154767212416358,0.0016248574846205851,0.009337861244019141,0.011751838345864482,FALSE,FALSE,FALSE,FALSE,FALSE,FALSE,FALSE,FALSE,FALSE,FALSE,FALSE,FALSE,FALSE,FALSE,FALSE,FALSE
Holo results with H310/H435 titration,coupled_m252h_repeat2,5683b07_18e82d2,"H-HIP310HIE,H-HIP435HIE","H-MET252HIP,H-HIP310HIE,H-HIP435HIE",H-MET252HIP,-0.15395724011251338,0.01856986720352085,-0.17373383048423469,0.05266168831168849,0.001237594326725872,0.06537570061517428,TRUE,TRUE,FALSE,FALSE,FALSE,FALSE,FALSE,FALSE,TRUE,TRUE,FALSE,FALSE,TRUE,TRUE,FALSE,FALSE
Holo results with H310/H435 titration,coupled_m252h_repeat2,5683b07_9e1214b,"H-HIP310HIE,H-HIP435HIE","H-MET252HID,H-HIP310HIE,H-HIP435HIE",H-MET252HID,-0.11211621040998201,0.06497562145868463,-0.18304583386326242,0.02868428879015721,0.012178569036226935,0.072507504101162,TRUE,TRUE,FALSE,FALSE,TRUE,FALSE,FALSE,FALSE,TRUE,TRUE,FALSE,FALSE,TRUE,TRUE,FALSE,FALSE
Holo results with H310/H435 titration,coupled_m252h_repeat2,5683b07_d9ed51b,"H-HIP310HIE,H-HIP435HIE","H-MET252HIE,H-HIP310HIE,H-HIP435HIE",H-MET252HIE,0.14491128514174934,0.04038606565038655,0.0985514076036885,0.048214694805194795,0.00509293643198906,0.027257456254272044,TRUE,TRUE,FALSE,FALSE,FALSE,FALSE,FALSE,FALSE,TRUE,FALSE,FALSE,FALSE,TRUE,TRUE,FALSE,FALSE
Holo results with H310/H435 titration,coupled_m252h_repeat2,5ec6a60_4472127,"H-HIP310HIE,H-HIP435HID","H-MET252HIP,H-HIP310HIE,H-HIP435HID",H-MET252HIP,-0.17609246939507922,0.03704499018661199,-0.21707358503014312,0.06636591490088838,0.003148879015721042,0.09505845215310947,TRUE,TRUE,FALSE,FALSE,FALSE,FALSE,FALSE,FALSE,TRUE,TRUE,TRUE,FALSE,TRUE,TRUE,TRUE,FALSE
Holo results with H310/H435 titration,coupled_m252h_repeat2,5ec6a60_7335342,"H-HIP310HIE,H-HIP435HID","H-MET252HID,H-HIP310HIE,H-HIP435HID",H-MET252HID,0.03838160640393035,-0.016711035714260775,0.06464421081662827,0.00541014695830486,0.0028043250170881767,0.011170884483937125,FALSE,FALSE,FALSE,FALSE,FALSE,FALSE,FALSE,FALSE,TRUE,FALSE,FALSE,FALSE,TRUE,FALSE,FALSE,FALSE
Holo results with H310/H435 titration,coupled_m252h_repeat2,5ec6a60_77c6962,"H-HIP310HIE,H-HIP435HID","H-MET252HIE,H-HIP310HIE,H-HIP435HID",H-MET252HIE,-0.04423607651695507,-0.0038134548721512175,-0.04172053435567634,0.009508061859193433,3.729135338345872e-4,0.00990880622009569,FALSE,FALSE,FALSE,FALSE,FALSE,FALSE,FALSE,FALSE,FALSE,FALSE,FALSE,FALSE,FALSE,FALSE,FALSE,FALSE
Holo results with H310/H435 titration,coupled_m252h_repeat2,6085581_77c6962,"H-MET252HIE,H-HIP310HID,H-HIP435HID","H-MET252HIE,H-HIP310HIE,H-HIP435HID",H-HID310HIE,-0.049543655511145805,-0.012711516240504062,-0.027018203146484038,0.012122755639097748,0.006430815105946684,0.0060244730006835286,FALSE,FALSE,FALSE,FALSE,FALSE,FALSE,FALSE,FALSE,FALSE,FALSE,FALSE,FALSE,FALSE,FALSE,FALSE,FALSE
Holo results with H310/H435 titration,coupled_m252h_repeat2,66a1a57_1c1b1f0,"H-MET252HIP,H-HIP310HID","H-MET252HIP,H-HIP310HIE",H-HID310HIE,-0.017287662087086014,-0.09781627630455969,0.0802203287492679,0.003264762474367739,0.024402298359535196,0.018920952153110043,FALSE,FALSE,FALSE,FALSE,TRUE,FALSE,FALSE,FALSE,TRUE,FALSE,FALSE,FALSE,TRUE,FALSE,FALSE,FALSE
Holo results with H310/H435 titration,coupled_m252h_repeat2,66a1a57_ab61347,"H-MET252HIP,H-HIP310HID","H-MET252HIP,H-HIP310HID,H-HIP435HIE",H-HIP435HIE,-0.030259198855773432,-0.006999922794603552,-0.02858748388313352,0.003254446684894075,0.00121243745727957,0.005007700273410839,FALSE,FALSE,FALSE,FALSE,FALSE,FALSE,FALSE,FALSE,FALSE,FALSE,FALSE,FALSE,FALSE,FALSE,FALSE,FALSE
Holo results with H310/H435 titration,coupled_m252h_repeat2,66a1a57_c6b06e9,"H-MET252HIP,H-HIP310HID","H-MET252HIP,H-HIP310HID,H-HIP435HID",H-HIP435HID,-0.045878795538806375,-0.06344202196397156,0.013590614306593283,0.005410831168831163,0.011187516062884468,0.005000918318523555,FALSE,FALSE,FALSE,FALSE,TRUE,FALSE,FALSE,FALSE,FALSE,FALSE,FALSE,FALSE,TRUE,FALSE,FALSE,FALSE
Holo results with H310/H435 titration,coupled_m252h_repeat2,6d05828_5134ed6,H-HIP435HIE,"H-HIP310HID,H-HIP435HIE",H-HIP310HID,-0.06358156519542897,0.056301564505024985,-0.1284440936483662,0.01011273308270669,0.008891183526999318,0.03534553691045779,TRUE,FALSE,FALSE,FALSE,TRUE,FALSE,FALSE,FALSE,TRUE,TRUE,FALSE,FALSE,TRUE,TRUE,FALSE,FALSE
Holo results with H310/H435 titration,coupled_m252h_repeat2,6d05828_5683b07,H-HIP435HIE,"H-HIP310HIE,H-HIP435HIE",H-HIP310HIE,-0.14661247811124956,0.02715684590940174,-0.17225973846507003,0.04779756425153785,0.013853759398496255,0.0793514514695829,TRUE,TRUE,FALSE,FALSE,FALSE,FALSE,FALSE,FALSE,TRUE,TRUE,FALSE,FALSE,TRUE,TRUE,FALSE,FALSE
Holo results with H310/H435 titration,coupled_m252h_repeat2,6d05828_8d5bcc5,H-HIP435HIE,"H-MET252HIP,H-HIP435HIE",H-MET252HIP,-0.18902656277766033,-0.04960958110954221,-0.13782437589939123,0.07567677853725199,0.005561745727956285,0.04112714319890606,TRUE,TRUE,FALSE,FALSE,FALSE,FALSE,FALSE,FALSE,TRUE,TRUE,FALSE,FALSE,TRUE,TRUE,FALSE,FALSE
Holo results with H310/H435 titration,coupled_m252h_repeat2,6d05828_ba31c72,H-HIP435HIE,"H-MET252HIE,H-HIP435HIE",H-MET252HIE,-0.05572912308454698,0.028279248172853703,-0.0843885784416483,0.007254535543403964,0.0025068964456596027,0.014359446684894042,TRUE,FALSE,FALSE,FALSE,FALSE,FALSE,FALSE,FALSE,TRUE,FALSE,FALSE,FALSE,TRUE,FALSE,FALSE,FALSE
Holo results with H310/H435 titration,coupled_m252h_repeat2,6d05828_e46d34e,H-HIP435HIE,"H-MET252HID,H-HIP435HIE",H-MET252HID,0.08898061368353069,0.02590499652894153,0.06656212140482269,0.018441414900888565,0.001999298701298702,0.0110351814764183,TRUE,FALSE,FALSE,FALSE,FALSE,FALSE,FALSE,FALSE,TRUE,FALSE,FALSE,FALSE,TRUE,FALSE,FALSE,FALSE
Holo results with H310/H435 titration,coupled_m252h_repeat2,7335342_9e1214b,"H-MET252HID,H-HIP310HIE,H-HIP435HID","H-MET252HID,H-HIP310HIE,H-HIP435HIE",H-HID435HIE,0.014141561817561198,-0.10417855837547396,0.10264349497599692,0.005263541695146955,0.024031907723855092,0.037770172248803816,FALSE,FALSE,FALSE,FALSE,TRUE,TRUE,FALSE,FALSE,TRUE,TRUE,FALSE,FALSE,TRUE,TRUE,FALSE,FALSE
Holo results with H310/H435 titration,coupled_m252h_repeat2,7cbe88e_0920ae9,H-HIP435HID,"H-MET252HID,H-HIP435HID",H-MET252HID,-0.07571721544718663,-0.10829137624269655,0.022880729232907876,0.014337214627477791,0.026356958646616545,0.0026517033492822932,TRUE,FALSE,FALSE,FALSE,TRUE,TRUE,FALSE,FALSE,FALSE,FALSE,FALSE,FALSE,TRUE,TRUE,FALSE,FALSE
Holo results with H310/H435 titration,coupled_m252h_repeat2,7cbe88e_5ec6a60,H-HIP435HID,"H-HIP310HIE,H-HIP435HID",H-HIP310HIE,-0.14911343537707444,-0.10729396363277982,-0.04447678395214545,0.054853072795625436,0.02718795796308953,0.007771410799726605,TRUE,TRUE,FALSE,FALSE,TRUE,TRUE,FALSE,FALSE,FALSE,FALSE,FALSE,FALSE,TRUE,TRUE,FALSE,FALSE
Holo results with H310/H435 titration,coupled_m252h_repeat2,7cbe88e_6d05828,H-HIP435HID,H-HIP435HIE,H-HID435HIE,-0.01372843753974497,-0.012528991904743214,-0.0022811442142289346,0.0014763246753246731,7.003585099111408e-4,0.0015115280246069717,FALSE,FALSE,FALSE,FALSE,FALSE,FALSE,FALSE,FALSE,FALSE,FALSE,FALSE,FALSE,FALSE,FALSE,FALSE,FALSE
Holo results with H310/H435 titration,coupled_m252h_repeat2,7cbe88e_a55737b,H-HIP435HID,"H-HIP310HID,H-HIP435HID",H-HIP310HID,-0.1627074078784584,0.026013995760073433,-0.2070161216310718,0.07626780963773074,0.005589803827751207,0.10152350102529051,TRUE,TRUE,FALSE,FALSE,FALSE,FALSE,FALSE,FALSE,TRUE,TRUE,TRUE,FALSE,TRUE,TRUE,TRUE,FALSE
Holo results with H310/H435 titration,coupled_m252h_repeat2,7cbe88e_c0b75c4,H-HIP435HID,"H-MET252HIP,H-HIP435HID",H-MET252HIP,-0.07733987048594565,-0.058409610309253665,-0.019816584791775914,0.013369095352016492,0.007552779562542736,0.0018109473684209461,TRUE,FALSE,FALSE,FALSE,TRUE,FALSE,FALSE,FALSE,FALSE,FALSE,FALSE,FALSE,TRUE,FALSE,FALSE,FALSE
Holo results with H310/H435 titration,coupled_m252h_repeat2,7cbe88e_e2765b0,H-HIP435HID,"H-MET252HIE,H-HIP435HID",H-MET252HIE,-0.013867108626004428,0.010825291249977777,-0.028246434483782848,0.001758824675324674,6.537409432672576e-4,0.0038698038277511925,FALSE,FALSE,FALSE,FALSE,FALSE,FALSE,FALSE,FALSE,FALSE,FALSE,FALSE,FALSE,FALSE,FALSE,FALSE,FALSE
Holo results with H310/H435 titration,coupled_m252h_repeat2,7d575ff_00a57d8,H-MET252HID,H-MET252HIE,H-HID252HIE,0.06590955158712836,0.06750521319054492,9.768070881534718e-4,0.01427420813397129,0.011212387559808613,0.0014114138755980834,TRUE,FALSE,FALSE,FALSE,TRUE,FALSE,FALSE,FALSE,FALSE,FALSE,FALSE,FALSE,TRUE,FALSE,FALSE,FALSE
Holo results with H310/H435 titration,coupled_m252h_repeat2,7d575ff_0920ae9,H-MET252HID,"H-MET252HID,H-HIP435HID",H-HIP435HID,0.018384115332856544,-0.003050763897722187,0.021523300349309757,0.0022069316473000986,7.569090909091087e-4,0.004071996240601555,FALSE,FALSE,FALSE,FALSE,FALSE,FALSE,FALSE,FALSE,FALSE,FALSE,FALSE,FALSE,FALSE,FALSE,FALSE,FALSE
Holo results with H310/H435 titration,coupled_m252h_repeat2,7d575ff_86dd0c9,H-MET252HID,"H-MET252HID,H-HIP310HID",H-HIP310HID,-0.20188878734918608,-0.10205235596420348,-0.09294962906911453,0.08461174982911807,0.022969274777853602,0.021085602529049945,TRUE,TRUE,TRUE,FALSE,TRUE,TRUE,FALSE,FALSE,TRUE,FALSE,FALSE,FALSE,TRUE,TRUE,TRUE,FALSE
Holo results with H310/H435 titration,coupled_m252h_repeat2,7d575ff_8f8f363,H-MET252HID,"H-MET252HID,H-HIP310HIE",H-HIP310HIE,-0.16341282718630767,-0.03333595134072101,-0.13368684921370744,0.060256181818181806,0.004167907723855081,0.04509257997265894,TRUE,TRUE,FALSE,FALSE,FALSE,FALSE,FALSE,FALSE,TRUE,TRUE,FALSE,FALSE,TRUE,TRUE,FALSE,FALSE
Holo results with H310/H435 titration,coupled_m252h_repeat2,7d575ff_e46d34e,H-MET252HID,"H-MET252HID,H-HIP435HIE",H-HIP435HIE,0.02272176628556681,0.04006344740684516,-0.02542303248100962,0.002785850991114179,0.00528450102529048,0.00395585509227613,FALSE,FALSE,FALSE,FALSE,FALSE,FALSE,FALSE,FALSE,FALSE,FALSE,FALSE,FALSE,FALSE,FALSE,FALSE,FALSE
Holo results with H310/H435 titration,coupled_m252h_repeat2,86dd0c9_84983d2,"H-MET252HID,H-HIP310HID","H-MET252HID,H-HIP310HID,H-HIP435HIE",H-HIP435HIE,0.031396294750584974,0.08230170281674681,-0.040985988662213334,0.004068628844839395,0.01908500410116193,0.01281551298701289,FALSE,FALSE,FALSE,FALSE,TRUE,FALSE,FALSE,FALSE,FALSE,FALSE,FALSE,FALSE,TRUE,FALSE,FALSE,FALSE
Holo results with H310/H435 titration,coupled_m252h_repeat2,86dd0c9_8f8f363,"H-MET252HID,H-HIP310HID","H-MET252HID,H-HIP310HIE",H-HID310HIE,0.053980095511836565,-0.03639341796102708,0.08389600718732879,0.01863444497607655,0.0082366025290499,0.04660232501708817,TRUE,FALSE,FALSE,FALSE,FALSE,FALSE,FALSE,FALSE,TRUE,FALSE,FALSE,FALSE,TRUE,FALSE,FALSE,FALSE
Holo results with H310/H435 titration,coupled_m252h_repeat2,86dd0c9_c33934f,"H-MET252HID,H-HIP310HID","H-MET252HID,H-HIP310HID,H-HIP435HID",H-HIP435HID,-0.02913330946159788,0.023970287767806506,-0.0480495313891109,0.00302203554340397,0.001800618250170898,0.006457243677375319,FALSE,FALSE,FALSE,FALSE,FALSE,FALSE,FALSE,FALSE,FALSE,FALSE,FALSE,FALSE,FALSE,FALSE,FALSE,FALSE
Holo results with H310/H435 titration,coupled_m252h_repeat2,8810714_77c6962,"H-MET252HIE,H-HIP310HIE","H-MET252HIE,H-HIP310HIE,H-HIP435HID",H-HIP435HID,0.05338836821011665,-0.016779201437468604,0.07412024588808178,0.007698647983595349,0.0010540416951469525,0.013088511619958977,TRUE,FALSE,FALSE,FALSE,FALSE,FALSE,FALSE,FALSE,TRUE,FALSE,FALSE,FALSE,TRUE,FALSE,FALSE,FALSE
Holo results with H310/H435 titration,coupled_m252h_repeat2,8810714_d9ed51b,"H-MET252HIE,H-HIP310HIE","H-MET252HIE,H-HIP310HIE,H-HIP435HIE",H-HIP435HIE,0.06366831673419987,0.027478359332290744,0.03867932798896398,0.012382939849624065,0.0018804853041695408,0.0073228311688311575,TRUE,FALSE,FALSE,FALSE,FALSE,FALSE,FALSE,FALSE,FALSE,FALSE,FALSE,FALSE,TRUE,FALSE,FALSE,FALSE
Holo results with H310/H435 titration,coupled_m252h_repeat2,8d5bcc5_18e82d2,"H-MET252HIP,H-HIP435HIE","H-MET252HIP,H-HIP310HIE,H-HIP435HIE",H-HIP310HIE,-0.043327780901951135,-0.009152291693163462,-0.028598476384764995,0.00543266473000683,0.0033447648667122294,0.006642723513328822,FALSE,FALSE,FALSE,FALSE,FALSE,FALSE,FALSE,FALSE,FALSE,FALSE,FALSE,FALSE,FALSE,FALSE,FALSE,FALSE
Holo results with H310/H435 titration,coupled_m252h_repeat2,8d5bcc5_ab61347,"H-MET252HIP,H-HIP435HIE","H-MET252HIP,H-HIP310HID,H-HIP435HIE",H-HIP310HID,-0.3542275859020525,-0.04830376171391426,-0.28473796378729654,0.29257403041695107,0.008446413875598071,0.2194085112781951,TRUE,TRUE,TRUE,FALSE,FALSE,FALSE,FALSE,FALSE,TRUE,TRUE,TRUE,FALSE,TRUE,TRUE,TRUE,FALSE
Holo results with H310/H435 titration,coupled_m252h_repeat2,8f8f363_7335342,"H-MET252HID,H-HIP310HIE","H-MET252HID,H-HIP310HIE,H-HIP435HID",H-HIP435HID,0.024151880856959886,-0.037512771409615966,0.056768251985696364,0.0028221578947368337,0.004017869446343112,0.011347395762132588,FALSE,FALSE,FALSE,FALSE,FALSE,FALSE,FALSE,FALSE,TRUE,FALSE,FALSE,FALSE,TRUE,FALSE,FALSE,FALSE
Holo results with H310/H435 titration,coupled_m252h_repeat2,8f8f363_9e1214b,"H-MET252HID,H-HIP310HIE","H-MET252HID,H-HIP310HIE,H-HIP435HIE",H-HIP435HIE,0.001784133469599011,-0.01052366873372675,0.024406111181767748,0.0035961971975392785,0.001161390977443608,0.003597291182501672,FALSE,FALSE,FALSE,FALSE,FALSE,FALSE,FALSE,FALSE,FALSE,FALSE,FALSE,FALSE,FALSE,FALSE,FALSE,FALSE
Holo results with H310/H435 titration,coupled_m252h_repeat2,a55737b_5ec6a60,"H-HIP310HID,H-HIP435HID","H-HIP310HIE,H-HIP435HID",H-HID310HIE,-0.18032193752601117,-0.05432266465379519,-0.10296328154808432,0.06500076418318525,0.008970328776486677,0.03246731989063568,TRUE,TRUE,FALSE,FALSE,TRUE,FALSE,FALSE,FALSE,TRUE,TRUE,FALSE,FALSE,TRUE,TRUE,FALSE,FALSE
Holo results with H310/H435 titration,coupled_m252h_repeat2,a55737b_6085581,"H-HIP310HID,H-HIP435HID","H-MET252HIE,H-HIP310HID,H-HIP435HID",H-MET252HIE,0.15401778803985253,-0.021791170698007366,0.16862431603326133,0.05240196992481203,0.0012606165413533814,0.06374993984962406,TRUE,TRUE,FALSE,FALSE,FALSE,FALSE,FALSE,FALSE,TRUE,TRUE,FALSE,FALSE,TRUE,TRUE,FALSE,FALSE
Holo results with H310/H435 titration,coupled_m252h_repeat2,a55737b_c33934f,"H-HIP310HID,H-HIP435HID","H-MET252HID,H-HIP310HID,H-HIP435HID",H-MET252HID,0.08237062523846816,-0.027556751278521655,0.10982750031795746,0.0176105950102529,0.0026423318523581658,0.027528361244019126,TRUE,FALSE,FALSE,FALSE,FALSE,FALSE,FALSE,FALSE,TRUE,TRUE,FALSE,FALSE,TRUE,TRUE,FALSE,FALSE
Holo results with H310/H435 titration,coupled_m252h_repeat2,a55737b_c6b06e9,"H-HIP310HID,H-HIP435HID","H-MET252HIP,H-HIP310HID,H-HIP435HID",H-MET252HIP,-0.05366075784385252,-0.12203055590884375,0.05818092103751506,0.01253152563226253,0.03501512884483922,0.01023200888585081,TRUE,FALSE,FALSE,FALSE,TRUE,TRUE,FALSE,FALSE,TRUE,FALSE,FALSE,FALSE,TRUE,TRUE,FALSE,FALSE
Holo results with H310/H435 titration,coupled_m252h_repeat2,ba31c72_0d33ae7,"H-MET252HIE,H-HIP435HIE","H-MET252HIE,H-HIP310HID,H-HIP435HIE",H-HIP310HID,-0.24924873060127933,0.028762921061847607,-0.27990274769433365,0.1379386619958991,0.006618194805194894,0.1780977235133293,TRUE,TRUE,TRUE,FALSE,FALSE,FALSE,FALSE,FALSE,TRUE,TRUE,TRUE,FALSE,TRUE,TRUE,TRUE,FALSE
Holo results with H310/H435 titration,coupled_m252h_repeat2,ba31c72_d9ed51b,"H-MET252HIE,H-HIP435HIE","H-MET252HIE,H-HIP310HIE,H-HIP435HIE",H-HIP310HIE,-0.06723784915566601,0.24627227472674768,-0.3045591625595604,0.013668272043745768,0.12822472693096407,0.20627646035543445,TRUE,FALSE,FALSE,FALSE,TRUE,TRUE,TRUE,FALSE,TRUE,TRUE,TRUE,FALSE,TRUE,TRUE,TRUE,FALSE
Holo results with H310/H435 titration,coupled_m252h_repeat2,c0b75c4_4472127,"H-MET252HIP,H-HIP435HID","H-MET252HIP,H-HIP310HIE,H-HIP435HID",H-HIP310HIE,-0.3945654641052524,-0.0266941841050601,-0.3857072820035373,0.3292566667805873,0.0031790956937798793,0.2910696141490085,TRUE,TRUE,TRUE,FALSE,FALSE,FALSE,FALSE,FALSE,TRUE,TRUE,TRUE,FALSE,TRUE,TRUE,TRUE,FALSE
Holo results with H310/H435 titration,coupled_m252h_repeat2,c0b75c4_8d5bcc5,"H-MET252HIP,H-HIP435HID","H-MET252HIP,H-HIP435HIE",H-HID435HIE,-0.049256532544069934,0.03732937363444867,-0.089253598704433,0.021228793574846208,0.004001090225563909,0.036746011619959,FALSE,FALSE,FALSE,FALSE,FALSE,FALSE,FALSE,FALSE,TRUE,FALSE,FALSE,FALSE,TRUE,FALSE,FALSE,FALSE
Holo results with H310/H435 titration,coupled_m252h_repeat2,c0b75c4_c6b06e9,"H-MET252HIP,H-HIP435HID","H-MET252HIP,H-HIP310HID,H-HIP435HID",H-HIP310HID,-0.0066387054917183734,-0.12803398395938664,0.0915229169316347,0.013880925153793654,0.03256045420369108,0.02330852016404664,FALSE,FALSE,FALSE,FALSE,TRUE,TRUE,FALSE,FALSE,TRUE,FALSE,FALSE,FALSE,TRUE,TRUE,FALSE,FALSE
Holo results with H310/H435 titration,coupled_m252h_repeat2,c0f367a_1c1b1f0,H-HIP310HIE,"H-MET252HIP,H-HIP310HIE",H-MET252HIP,-0.1379272826074826,-0.03468510545079218,-0.10343027682387307,0.04130656801093651,0.0029796168831169013,0.023134142857142766,TRUE,TRUE,FALSE,FALSE,FALSE,FALSE,FALSE,FALSE,TRUE,TRUE,FALSE,FALSE,TRUE,TRUE,FALSE,FALSE
Holo results with H310/H435 titration,coupled_m252h_repeat2,c0f367a_5683b07,H-HIP310HIE,"H-HIP310HIE,H-HIP435HIE",H-HIP435HIE,-0.0819892797512537,0.08251497956596887,-0.15911186471328442,0.015316605263157949,0.013675305878332255,0.05495835850991136,TRUE,FALSE,FALSE,FALSE,TRUE,FALSE,FALSE,FALSE,TRUE,TRUE,FALSE,FALSE,TRUE,TRUE,FALSE,FALSE
Holo results with H310/H435 titration,coupled_m252h_repeat2,c0f367a_5ec6a60,H-HIP310HIE,"H-HIP310HIE,H-HIP435HID",H-HIP435HID,0.033471992567836784,-0.031848796053019726,0.0662176332326391,0.003588068010936497,0.003053975393028019,0.011346422077922146,FALSE,FALSE,FALSE,FALSE,FALSE,FALSE,FALSE,FALSE,TRUE,FALSE,FALSE,FALSE,TRUE,FALSE,FALSE,FALSE
Holo results with H310/H435 titration,coupled_m252h_repeat2,c0f367a_8810714,H-HIP310HIE,"H-MET252HIE,H-HIP310HIE",H-MET252HIE,-0.0029711877391422037,-0.008320265175602594,0.007303186919841703,0.0030236356801093614,0.001626812030075184,0.0030606469583048484,FALSE,FALSE,FALSE,FALSE,FALSE,FALSE,FALSE,FALSE,FALSE,FALSE,FALSE,FALSE,FALSE,FALSE,FALSE,FALSE
Holo results with H310/H435 titration,coupled_m252h_repeat2,c0f367a_8f8f363,H-HIP310HIE,"H-MET252HID,H-HIP310HIE",H-MET252HID,0.0014527447132003347,-0.03291613679120081,0.038134548721513076,0.0019072857142857136,0.0044982115516062895,0.003832767942583738,FALSE,FALSE,FALSE,FALSE,FALSE,FALSE,FALSE,FALSE,FALSE,FALSE,FALSE,FALSE,FALSE,FALSE,FALSE,FALSE
Holo results with H310/H435 titration,coupled_m252h_repeat2,c33934f_84983d2,"H-MET252HID,H-HIP310HID,H-HIP435HID","H-MET252HID,H-HIP310HID,H-HIP435HIE",H-HID435HIE,-0.35739996214129677,-0.06502286038261773,-0.3238002481699115,0.2770990112781955,0.01021057997265892,0.1982653130553657,TRUE,TRUE,TRUE,FALSE,TRUE,FALSE,FALSE,FALSE,TRUE,TRUE,TRUE,FALSE,TRUE,TRUE,TRUE,FALSE
Holo results with H310/H435 titration,coupled_m252h_repeat2,c6b06e9_ab61347,"H-MET252HIP,H-HIP310HID,H-HIP435HID","H-MET252HIP,H-HIP310HID,H-HIP435HIE",H-HID435HIE,-0.14989173372895698,0.005791347167488433,-0.16542226564565826,0.06240880006835271,0.0022013133971291866,0.07822915892002735,TRUE,TRUE,FALSE,FALSE,FALSE,FALSE,FALSE,FALSE,TRUE,TRUE,FALSE,FALSE,TRUE,TRUE,FALSE,FALSE
Holo results with H310/H435 titration,coupled_m252h_repeat2,e2765b0_6085581,"H-MET252HIE,H-HIP435HID","H-MET252HIE,H-HIP310HID,H-HIP435HID",H-HIP310HID,-0.18465149907259093,-0.09843996278198225,-0.08419912795921904,0.06904977204374554,0.01973867088174983,0.02578652358168141,TRUE,TRUE,FALSE,FALSE,TRUE,FALSE,FALSE,FALSE,TRUE,FALSE,FALSE,FALSE,TRUE,TRUE,FALSE,FALSE
Holo results with H310/H435 titration,coupled_m252h_repeat2,e2765b0_77c6962,"H-MET252HIE,H-HIP435HID","H-MET252HIE,H-HIP310HIE,H-HIP435HID",H-HIP310HIE,0.1754189241189307,0.11440364616453713,0.06464713973742102,0.07305329357484615,0.027299894053315014,0.018661050239234554,TRUE,TRUE,FALSE,FALSE,TRUE,TRUE,FALSE,FALSE,TRUE,FALSE,FALSE,FALSE,TRUE,TRUE,FALSE,FALSE
Holo results with H310/H435 titration,coupled_m252h_repeat2,e3c493d_1c1b1f0,H-MET252HIP,"H-MET252HIP,H-HIP310HIE",H-HIP310HIE,-0.023773187055008672,0.06573669827231764,-0.08484937090537181,0.003905554340396454,0.03529387764866725,0.04048437969924839,FALSE,FALSE,FALSE,FALSE,TRUE,FALSE,FALSE,FALSE,TRUE,FALSE,FALSE,FALSE,TRUE,FALSE,FALSE,FALSE
Holo results with H310/H435 titration,coupled_m252h_repeat2,e3c493d_66a1a57,H-MET252HIP,"H-MET252HIP,H-HIP310HID",H-HIP310HID,-0.11341999540567166,0.04576145846581723,-0.1570860929187638,0.037209370129870294,0.009921681476418313,0.059185556732741035,TRUE,TRUE,FALSE,FALSE,FALSE,FALSE,FALSE,FALSE,TRUE,TRUE,FALSE,FALSE,TRUE,TRUE,FALSE,FALSE
Holo results with H310/H435 titration,coupled_m252h_repeat2,e3c493d_8d5bcc5,H-MET252HIP,"H-MET252HIP,H-HIP435HIE",H-HIP435HIE,0.003050763897717546,0.05830740453680032,-0.0594788425131776,0.0050151141490089035,0.010474541695146973,0.00849948530416955,FALSE,FALSE,FALSE,FALSE,TRUE,FALSE,FALSE,FALSE,TRUE,FALSE,FALSE,FALSE,TRUE,FALSE,FALSE,FALSE
Holo results with H310/H435 titration,coupled_m252h_repeat2,e3c493d_c0b75c4,H-MET252HIP,"H-MET252HIP,H-HIP435HID",H-HIP435HID,0.021791170698007616,-0.08881112680032373,0.10763216550057352,0.0023139976076555035,0.01816049008885852,0.02784185133287776,FALSE,FALSE,FALSE,FALSE,TRUE,FALSE,FALSE,FALSE,TRUE,TRUE,FALSE,FALSE,TRUE,TRUE,FALSE,FALSE
Holo results with H310/H435 titration,coupled_m252h_repeat2,e46d34e_84983d2,"H-MET252HID,H-HIP435HIE","H-MET252HID,H-HIP310HID,H-HIP435HIE",H-HIP310HID,-0.225379034918756,0.02457559806497346,-0.2557466643670945,0.11382985372522215,0.005433695830485314,0.13128075700615194,TRUE,TRUE,TRUE,FALSE,FALSE,FALSE,FALSE,FALSE,TRUE,TRUE,TRUE,FALSE,TRUE,TRUE,TRUE,FALSE
Holo results with H310/H435 titration,coupled_m252h_repeat2,e46d34e_9e1214b,"H-MET252HID,H-HIP435HIE","H-MET252HID,H-HIP310HIE,H-HIP435HIE",H-HIP310HIE,0.04396689146715568,-0.05944975437532634,0.1125149067231484,0.011681264183185283,0.010437879015721086,0.03688808783321941,FALSE,FALSE,FALSE,FALSE,TRUE,FALSE,FALSE,FALSE,TRUE,TRUE,FALSE,FALSE,TRUE,TRUE,FALSE,FALSE
Holo results with H310/H435 titration,coupled_m252h_repeat2,e46d34e_ba31c72,"H-MET252HID,H-HIP435HIE","H-MET252HIE,H-HIP435HIE",H-HID252HIE,0.21795132729043437,-0.027916445282030626,0.256294076858545,0.09582983014354067,0.0037855680109364328,0.1294614340396446,TRUE,TRUE,TRUE,FALSE,FALSE,FALSE,FALSE,FALSE,TRUE,TRUE,TRUE,FALSE,TRUE,TRUE,TRUE,FALSE
Holo results with H310/H435 titration,coupled_m252h_repeat2,f0eb34c_0d33ae7,"H-MET252HIE,H-HIP310HID","H-MET252HIE,H-HIP310HID,H-HIP435HIE",H-HIP435HIE,-0.1268067212021476,0.024358442995860114,-0.14659446522325334,0.03708967669172928,0.004825798359535217,0.057577967532467564,TRUE,TRUE,FALSE,FALSE,FALSE,FALSE,FALSE,FALSE,TRUE,TRUE,FALSE,FALSE,TRUE,TRUE,FALSE,FALSE
Holo results with H310/H435 titration,coupled_m252h_repeat2,f0eb34c_6085581,"H-MET252HIE,H-HIP310HID","H-MET252HIE,H-HIP310HID,H-HIP435HID",H-HIP435HID,-0.042521455454139434,-0.06501988344672975,0.024872943474109295,0.008078504784688946,0.010533016746411427,0.007453834928229638,FALSE,FALSE,FALSE,FALSE,TRUE,FALSE,FALSE,FALSE,FALSE,FALSE,FALSE,FALSE,TRUE,FALSE,FALSE,FALSE
Holo results with H310/H435 titration,coupled_m252h_repeat2,f0eb34c_8810714,"H-MET252HIE,H-HIP310HID","H-MET252HIE,H-HIP310HIE",H-HID310HIE,0.027792781210007597,0.24519257645007966,-0.21235663469598204,0.003036621326042378,0.1289200881749829,0.09697189883800411,FALSE,FALSE,FALSE,FALSE,TRUE,TRUE,TRUE,FALSE,TRUE,TRUE,TRUE,FALSE,TRUE,TRUE,TRUE,FALSE
Holo results with H310/H435 titration,coupled_m252h_repeat3,00a57d8_8810714,H-MET252HIE,"H-MET252HIE,H-HIP310HIE",H-HIP310HIE,-0.043219155217713995,0.028124229682114633,-0.0819750504420269,0.029037477785372353,0.003211080656185897,0.03740052358168109,FALSE,FALSE,FALSE,FALSE,FALSE,FALSE,FALSE,FALSE,TRUE,FALSE,FALSE,FALSE,TRUE,FALSE,FALSE,FALSE
Holo results with H310/H435 titration,coupled_m252h_repeat3,00a57d8_ba31c72,H-MET252HIE,"H-MET252HIE,H-HIP435HIE",H-HIP435HIE,-0.07501091675391469,-0.03050763897721736,-0.04218312449096454,0.01292124094326723,0.005660454203691011,0.006605414900888576,TRUE,FALSE,FALSE,FALSE,FALSE,FALSE,FALSE,FALSE,FALSE,FALSE,FALSE,FALSE,TRUE,FALSE,FALSE,FALSE
Holo results with H310/H435 titration,coupled_m252h_repeat3,00a57d8_e2765b0,H-MET252HIE,"H-MET252HIE,H-HIP435HID",H-HIP435HID,0.04778192052088456,0.02519693831862726,0.025423032481011146,0.006462949077238562,0.003929305878332203,0.0024601517429938663,FALSE,FALSE,FALSE,FALSE,FALSE,FALSE,FALSE,FALSE,FALSE,FALSE,FALSE,FALSE,FALSE,FALSE,FALSE,FALSE
Holo results with H310/H435 titration,coupled_m252h_repeat3,00a57d8_e3c493d,H-MET252HIE,H-MET252HIP,H-HIE252HIP,-0.03937571169386438,-0.037846332954133075,0,0.004472612098427877,0.003443209842788733,0.0023043383458646173,FALSE,FALSE,FALSE,FALSE,FALSE,FALSE,FALSE,FALSE,FALSE,FALSE,FALSE,FALSE,FALSE,FALSE,FALSE,FALSE
Holo results with H310/H435 titration,coupled_m252h_repeat3,00a57d8_f0eb34c,H-MET252HIE,"H-MET252HIE,H-HIP310HID",H-HIP310HID,-0.16188115932282474,-0.10152932874267578,-0.06496052446652187,0.07322053793574855,0.02267640362269332,0.017180879015721046,TRUE,TRUE,FALSE,FALSE,TRUE,TRUE,FALSE,FALSE,TRUE,FALSE,FALSE,FALSE,TRUE,TRUE,FALSE,FALSE
Holo results with H310/H435 titration,coupled_m252h_repeat3,0920ae9_7335342,"H-MET252HID,H-HIP435HID","H-MET252HID,H-HIP310HIE,H-HIP435HID",H-HIP310HIE,-0.08248938135391051,-0.015758940495206535,-0.07890596197047632,0.015490264866712207,0.008210016062884526,0.02245472693096372,TRUE,FALSE,FALSE,FALSE,FALSE,FALSE,FALSE,FALSE,TRUE,FALSE,FALSE,FALSE,TRUE,FALSE,FALSE,FALSE
Holo results with H310/H435 titration,coupled_m252h_repeat3,0920ae9_c33934f,"H-MET252HID,H-HIP435HID","H-MET252HID,H-HIP310HID,H-HIP435HID",H-HIP310HID,-0.16906316599870758,-0.040676851969613965,-0.10926819360337489,0.0611271958304852,0.020304019138755944,0.06181409774436086,TRUE,TRUE,FALSE,FALSE,FALSE,FALSE,FALSE,FALSE,TRUE,TRUE,FALSE,FALSE,TRUE,TRUE,FALSE,FALSE
Holo results with H310/H435 titration,coupled_m252h_repeat3,0920ae9_e2765b0,"H-MET252HID,H-HIP435HID","H-MET252HIE,H-HIP435HID",H-HID252HIE,0.0471238410676687,-0.06653821259684678,0.13423361149972562,0.016723710526315792,0.011397683526999316,0.044800025632262465,FALSE,FALSE,FALSE,FALSE,TRUE,FALSE,FALSE,FALSE,TRUE,TRUE,FALSE,FALSE,TRUE,TRUE,FALSE,FALSE
Holo results with H310/H435 titration,coupled_m252h_repeat3,0ca3751_5134ed6,H-HIP310HID,"H-HIP310HID,H-HIP435HIE",H-HIP435HIE,-0.007951606083054535,0.03400716571548716,-0.059272923573179884,0.008694358851674676,0.0031205656185919204,0.018341510594668504,FALSE,FALSE,FALSE,FALSE,FALSE,FALSE,FALSE,FALSE,TRUE,FALSE,FALSE,FALSE,TRUE,FALSE,FALSE,FALSE
Holo results with H310/H435 titration,coupled_m252h_repeat3,0ca3751_66a1a57,H-HIP310HID,"H-MET252HIP,H-HIP310HID",H-MET252HIP,-0.06797606934195591,0.0573902526171291,-0.14600084367665783,0.015001061517430029,0.008369148325358997,0.04084974572795665,TRUE,FALSE,FALSE,FALSE,TRUE,FALSE,FALSE,FALSE,TRUE,TRUE,FALSE,FALSE,TRUE,TRUE,FALSE,FALSE
Holo results with H310/H435 titration,coupled_m252h_repeat3,0ca3751_86dd0c9,H-HIP310HID,"H-MET252HID,H-HIP310HID",H-MET252HID,0.061015277954420785,-0.009489118457330354,0.06633148143388623,0.008799300751879697,7.812935748462066e-4,0.01175915071770335,TRUE,FALSE,FALSE,FALSE,FALSE,FALSE,FALSE,FALSE,TRUE,FALSE,FALSE,FALSE,TRUE,FALSE,FALSE,FALSE
Holo results with H310/H435 titration,coupled_m252h_repeat3,0ca3751_a55737b,H-HIP310HID,"H-HIP310HID,H-HIP435HID",H-HIP435HID,-0.03844000693405078,0.007626909744322769,-0.04113441514268103,0.009877221804511312,0.003639407723855087,0.0073766671223514406,FALSE,FALSE,FALSE,FALSE,FALSE,FALSE,FALSE,FALSE,FALSE,FALSE,FALSE,FALSE,FALSE,FALSE,FALSE,FALSE
Holo results with H310/H435 titration,coupled_m252h_repeat3,0ca3751_c0f367a,H-HIP310HID,H-HIP310HIE,H-HID310HIE,-0.09564557084747045,-0.03050763897721092,-0.0755219591434041,0.02217535748462064,0.003689305878332195,0.015350248462064257,TRUE,FALSE,FALSE,FALSE,FALSE,FALSE,FALSE,FALSE,TRUE,FALSE,FALSE,FALSE,TRUE,FALSE,FALSE,FALSE
Holo results with H310/H435 titration,coupled_m252h_repeat3,0ca3751_f0eb34c,H-HIP310HID,"H-MET252HIE,H-HIP310HID",H-MET252HIE,-0.011777137254514163,-0.036074013566522616,0.028545712649271544,0.008794315105946686,0.004516071770334932,0.010179791182501717,FALSE,FALSE,FALSE,FALSE,FALSE,FALSE,FALSE,FALSE,FALSE,FALSE,FALSE,FALSE,FALSE,FALSE,FALSE,FALSE
Holo results with H310/H435 titration,coupled_m252h_repeat3,0d33ae7_d9ed51b,"H-MET252HIE,H-HIP310HID,H-HIP435HIE","H-MET252HIE,H-HIP310HIE,H-HIP435HIE",H-HID310HIE,-0.02800741998911881,0.20750642297177588,-0.2363716864197379,0.003484285714285714,0.09363872214627479,0.12261043267259057,FALSE,FALSE,FALSE,FALSE,TRUE,TRUE,TRUE,FALSE,TRUE,TRUE,TRUE,FALSE,TRUE,TRUE,TRUE,FALSE
Holo results with H310/H435 titration,coupled_m252h_repeat3,1c1b1f0_18e82d2,"H-MET252HIP,H-HIP310HIE","H-MET252HIP,H-HIP310HIE,H-HIP435HIE",H-HIP435HIE,-0.026268129146929043,-0.055831857407443126,0.027748084360632856,0.0067276404647983405,0.008398918318523595,0.0029512498291182397,FALSE,FALSE,FALSE,FALSE,TRUE,FALSE,FALSE,FALSE,FALSE,FALSE,FALSE,FALSE,TRUE,FALSE,FALSE,FALSE
Holo results with H310/H435 titration,coupled_m252h_repeat3,1c1b1f0_4472127,"H-MET252HIP,H-HIP310HIE","H-MET252HIP,H-HIP310HIE,H-HIP435HID",H-HIP435HID,-0.060409036410642575,0.027769773940793274,-0.10083342643331905,0.018950090567327427,0.002780585782638418,0.03228491866028715,TRUE,FALSE,FALSE,FALSE,FALSE,FALSE,FALSE,FALSE,TRUE,TRUE,FALSE,FALSE,TRUE,TRUE,FALSE,FALSE
Holo results with H310/H435 titration,coupled_m252h_repeat3,404e0bb_00a57d8,WT,H-MET252HIE,H-MET252HIE,-0.03622782128543729,0.019931005592483002,-0.0593542395081319,0.00489960936431989,0.002306332194121666,0.011595721120984268,FALSE,FALSE,FALSE,FALSE,FALSE,FALSE,FALSE,FALSE,TRUE,FALSE,FALSE,FALSE,TRUE,FALSE,FALSE,FALSE
Holo results with H310/H435 titration,coupled_m252h_repeat3,404e0bb_0ca3751,WT,H-HIP310HID,H-HIP310HID,-0.15725190833544858,-0.014123906933893898,-0.13493763393765812,0.05494302563226246,0.0021094565960355464,0.04465576725905671,TRUE,TRUE,FALSE,FALSE,FALSE,FALSE,FALSE,FALSE,TRUE,TRUE,FALSE,FALSE,TRUE,TRUE,FALSE,FALSE
Holo results with H310/H435 titration,coupled_m252h_repeat3,404e0bb_6d05828,WT,H-HIP435HIE,H-HIP435HIE,0.05663958294086499,0.03050763897721072,0.029091963654301847,0.012206305878332326,0.0034215680109364226,0.0035677747778538023,TRUE,FALSE,FALSE,FALSE,FALSE,FALSE,FALSE,FALSE,FALSE,FALSE,FALSE,FALSE,TRUE,FALSE,FALSE,FALSE
Holo results with H310/H435 titration,coupled_m252h_repeat3,404e0bb_7cbe88e,WT,H-HIP435HID,H-HIP435HID,-0.03853001811565973,0.0030507638977201367,-0.037403636537685386,0.003402437115516052,0.0042956459330143046,0.012532209842788685,FALSE,FALSE,FALSE,FALSE,FALSE,FALSE,FALSE,FALSE,FALSE,FALSE,FALSE,FALSE,FALSE,FALSE,FALSE,FALSE
Holo results with H310/H435 titration,coupled_m252h_repeat3,404e0bb_7d575ff,WT,H-MET252HID,H-MET252HID,0.06514874302563367,0.018858486171298955,0.05338836821011793,0.00913772351332878,0.002177879015721122,0.007883624401913878,TRUE,FALSE,FALSE,FALSE,FALSE,FALSE,FALSE,FALSE,TRUE,FALSE,FALSE,FALSE,TRUE,FALSE,FALSE,FALSE
Holo results with H310/H435 titration,coupled_m252h_repeat3,404e0bb_c0f367a,WT,H-HIP310HIE,H-HIP310HIE,-0.1263887900484426,-0.0709315099110784,-0.05032137684485541,0.05223975358851684,0.012424853725222198,0.02457432262474365,TRUE,TRUE,FALSE,FALSE,TRUE,FALSE,FALSE,FALSE,TRUE,FALSE,FALSE,FALSE,TRUE,TRUE,FALSE,FALSE
Holo results with H310/H435 titration,coupled_m252h_repeat3,404e0bb_e3c493d,WT,H-MET252HIP,H-MET252HIP,-0.12270883839598615,0.005649562773558363,-0.13677591474782413,0.0319976742993851,9.823168147641596e-4,0.0363276045796308,TRUE,TRUE,FALSE,FALSE,FALSE,FALSE,FALSE,FALSE,TRUE,TRUE,FALSE,FALSE,TRUE,TRUE,FALSE,FALSE
Holo results with H310/H435 titration,coupled_m252h_repeat3,4472127_18e82d2,"H-MET252HIP,H-HIP310HIE,H-HIP435HID","H-MET252HIP,H-HIP310HIE,H-HIP435HIE",H-HID435HIE,-0.06898227285453491,-0.01317660818765691,-0.057358368848778395,0.012319694805194804,0.0012842795625427207,0.010981511619958983,TRUE,FALSE,FALSE,FALSE,FALSE,FALSE,FALSE,FALSE,TRUE,FALSE,FALSE,FALSE,TRUE,FALSE,FALSE,FALSE
Holo results with H310/H435 titration,coupled_m252h_repeat3,5134ed6_0d33ae7,"H-HIP310HID,H-HIP435HIE","H-MET252HIE,H-HIP310HID,H-HIP435HIE",H-MET252HIE,0.03567169244991434,-0.06349063444154474,0.09419339692870835,0.030100463431305534,0.009033939849624055,0.03847668523581681,FALSE,FALSE,FALSE,FALSE,TRUE,FALSE,FALSE,FALSE,TRUE,FALSE,FALSE,FALSE,TRUE,FALSE,FALSE,FALSE
Holo results with H310/H435 titration,coupled_m252h_repeat3,5134ed6_5683b07,"H-HIP310HID,H-HIP435HIE","H-HIP310HIE,H-HIP435HIE",H-HID310HIE,0.19575735010376655,-0.04576145846581571,0.2352757542997182,0.10094021975393028,0.025444612098427896,0.1997915956937799,TRUE,TRUE,FALSE,FALSE,FALSE,FALSE,FALSE,FALSE,TRUE,TRUE,TRUE,FALSE,TRUE,TRUE,TRUE,FALSE
Holo results with H310/H435 titration,coupled_m252h_repeat3,5134ed6_84983d2,"H-HIP310HID,H-HIP435HIE","H-MET252HID,H-HIP310HID,H-HIP435HIE",H-MET252HID,0.020102928420772184,-0.06524593130831163,0.08269373570054177,0.008021589542036913,0.009962293574846204,0.01599486226930964,FALSE,FALSE,FALSE,FALSE,TRUE,FALSE,FALSE,FALSE,TRUE,FALSE,FALSE,FALSE,TRUE,FALSE,FALSE,FALSE
Holo results with H310/H435 titration,coupled_m252h_repeat3,5134ed6_ab61347,"H-HIP310HID,H-HIP435HIE","H-MET252HIP,H-HIP310HID,H-HIP435HIE",H-MET252HIP,-0.07746962953240705,0.06851503721674018,-0.14370703623475392,0.017491723513328835,0.012735537935748416,0.05100110457963119,TRUE,FALSE,FALSE,FALSE,TRUE,FALSE,FALSE,FALSE,TRUE,TRUE,FALSE,FALSE,TRUE,TRUE,FALSE,FALSE
Holo results with H310/H435 titration,coupled_m252h_repeat3,5683b07_18e82d2,"H-HIP310HIE,H-HIP435HIE","H-MET252HIP,H-HIP310HIE,H-HIP435HIE",H-MET252HIP,-0.04957491333796736,-0.06300279892592454,0.01887002669495379,0.00694468352699928,0.017877379699247967,0.012062901572112015,FALSE,FALSE,FALSE,FALSE,TRUE,FALSE,FALSE,FALSE,FALSE,FALSE,FALSE,FALSE,TRUE,FALSE,FALSE,FALSE
Holo results with H310/H435 titration,coupled_m252h_repeat3,5683b07_9e1214b,"H-HIP310HIE,H-HIP435HIE","H-MET252HID,H-HIP310HIE,H-HIP435HIE",H-MET252HID,-0.17186887900249848,-0.054151059184548336,-0.12085718517894867,0.0766548885850991,0.0068666572112098395,0.04692144463431305,TRUE,TRUE,FALSE,FALSE,TRUE,FALSE,FALSE,FALSE,TRUE,TRUE,FALSE,FALSE,TRUE,TRUE,FALSE,FALSE
Holo results with H310/H435 titration,coupled_m252h_repeat3,5683b07_d9ed51b,"H-HIP310HIE,H-HIP435HIE","H-MET252HIE,H-HIP310HIE,H-HIP435HIE",H-MET252HIE,-0.035806547876757036,-0.003716502629637949,-0.03403559455412052,0.006212259398496248,0.005779226589200271,0.012818448393711558,FALSE,FALSE,FALSE,FALSE,FALSE,FALSE,FALSE,FALSE,FALSE,FALSE,FALSE,FALSE,FALSE,FALSE,FALSE,FALSE
Holo results with H310/H435 titration,coupled_m252h_repeat3,5ec6a60_4472127,"H-HIP310HIE,H-HIP435HID","H-MET252HIP,H-HIP310HIE,H-HIP435HID",H-MET252HIP,-0.13871477019198444,0.015253819488616415,-0.15282151624305626,0.04724758065618611,0.003221913875598102,0.06904878879015725,TRUE,TRUE,FALSE,FALSE,FALSE,FALSE,FALSE,FALSE,TRUE,TRUE,FALSE,FALSE,TRUE,TRUE,FALSE,FALSE
Holo results with H310/H435 titration,coupled_m252h_repeat3,5ec6a60_7335342,"H-HIP310HIE,H-HIP435HID","H-MET252HID,H-HIP310HIE,H-HIP435HID",H-MET252HID,0.047090389709141076,-0.08554752899044263,0.12409537664126606,0.010166986671223512,0.015217143198906357,0.03980976247436774,FALSE,FALSE,FALSE,FALSE,TRUE,FALSE,FALSE,FALSE,TRUE,TRUE,FALSE,FALSE,TRUE,TRUE,FALSE,FALSE
Holo results with H310/H435 titration,coupled_m252h_repeat3,5ec6a60_77c6962,"H-HIP310HIE,H-HIP435HID","H-MET252HIE,H-HIP310HIE,H-HIP435HID",H-MET252HIE,-0.04097035364541082,0.012480397763404361,-0.049762460298892315,0.010211729323308272,0.0020848957621326034,0.007920305536568698,FALSE,FALSE,FALSE,FALSE,FALSE,FALSE,FALSE,FALSE,FALSE,FALSE,FALSE,FALSE,FALSE,FALSE,FALSE,FALSE
Holo results with H310/H435 titration,coupled_m252h_repeat3,6085581_77c6962,"H-MET252HIE,H-HIP310HID,H-HIP435HID","H-MET252HIE,H-HIP310HIE,H-HIP435HID",H-HID310HIE,0.06702218619288469,0.03590095372496722,0.01628827391369421,0.01062804989747094,0.014482963431305534,0.018937635680109362,TRUE,FALSE,FALSE,FALSE,FALSE,FALSE,FALSE,FALSE,FALSE,FALSE,FALSE,FALSE,TRUE,FALSE,FALSE,FALSE
Holo results with H310/H435 titration,coupled_m252h_repeat3,66a1a57_1c1b1f0,"H-MET252HIP,H-HIP310HID","H-MET252HIP,H-HIP310HIE",H-HID310HIE,-0.11838290342243588,0.08643831043542939,-0.20001051151253915,0.02697975700615174,0.016956174299384827,0.08325904511278195,TRUE,TRUE,FALSE,FALSE,TRUE,FALSE,FALSE,FALSE,TRUE,TRUE,TRUE,FALSE,TRUE,TRUE,TRUE,FALSE
Holo results with H310/H435 titration,coupled_m252h_repeat3,66a1a57_ab61347,"H-MET252HIP,H-HIP310HID","H-MET252HIP,H-HIP310HID,H-HIP435HIE",H-HIP435HIE,0.0446277760694003,0.0015253819488614804,0.0340527165015686,0.0059967607655502814,0.0023825567327409214,0.004166051948051967,FALSE,FALSE,FALSE,FALSE,FALSE,FALSE,FALSE,FALSE,FALSE,FALSE,FALSE,FALSE,FALSE,FALSE,FALSE,FALSE
Holo results with H310/H435 titration,coupled_m252h_repeat3,66a1a57_c6b06e9,"H-MET252HIP,H-HIP310HID","H-MET252HIP,H-HIP310HID,H-HIP435HID",H-HIP435HID,-0.004789784774992192,0.030507638977211555,-0.03541676293687263,0.004841460355434043,0.00314189405331508,0.01064785372522216,FALSE,FALSE,FALSE,FALSE,FALSE,FALSE,FALSE,FALSE,FALSE,FALSE,FALSE,FALSE,FALSE,FALSE,FALSE,FALSE
Holo results with H310/H435 titration,coupled_m252h_repeat3,6d05828_5134ed6,H-HIP435HIE,"H-HIP310HID,H-HIP435HIE",H-HIP310HID,-0.07457422861095911,0,-0.0825182428464254,0.017836031100478565,0.0030581985645933207,0.02043111961722499,TRUE,FALSE,FALSE,FALSE,FALSE,FALSE,FALSE,FALSE,TRUE,FALSE,FALSE,FALSE,TRUE,FALSE,FALSE,FALSE
Holo results with H310/H435 titration,coupled_m252h_repeat3,6d05828_5683b07,H-HIP435HIE,"H-HIP310HIE,H-HIP435HIE",H-HIP310HIE,-0.026924163843111554,0.020772928721755134,-0.05338836821011765,0.0238376069719754,0.012874936431989083,0.06775977375256334,FALSE,FALSE,FALSE,FALSE,FALSE,FALSE,FALSE,FALSE,TRUE,FALSE,FALSE,FALSE,TRUE,FALSE,FALSE,FALSE
Holo results with H310/H435 titration,coupled_m252h_repeat3,6d05828_8d5bcc5,H-HIP435HIE,"H-MET252HIP,H-HIP435HIE",H-MET252HIP,-0.037933701479460666,-0.0010521265556358635,-0.03378699652833312,0.005082001708817425,0.0021858010936432522,0.010429578263841305,FALSE,FALSE,FALSE,FALSE,FALSE,FALSE,FALSE,FALSE,FALSE,FALSE,FALSE,FALSE,FALSE,FALSE,FALSE,FALSE
Holo results with H310/H435 titration,coupled_m252h_repeat3,6d05828_ba31c72,H-HIP435HIE,"H-MET252HIE,H-HIP435HIE",H-MET252HIE,0.03515931702174308,0.0076269097443025305,0.02713226460826372,0.0035964220779220787,3.7400102529049794e-4,0.003158846206425159,FALSE,FALSE,FALSE,FALSE,FALSE,FALSE,FALSE,FALSE,FALSE,FALSE,FALSE,FALSE,FALSE,FALSE,FALSE,FALSE
Holo results with H310/H435 titration,coupled_m252h_repeat3,6d05828_e46d34e,H-HIP435HIE,"H-MET252HID,H-HIP435HIE",H-MET252HID,-0.06729626244972856,-0.008883280535515278,-0.05657649849301889,0.013194460355434045,0.0032308062200956957,0.010985180451127816,TRUE,FALSE,FALSE,FALSE,FALSE,FALSE,FALSE,FALSE,TRUE,FALSE,FALSE,FALSE,TRUE,FALSE,FALSE,FALSE
Holo results with H310/H435 titration,coupled_m252h_repeat3,7335342_9e1214b,"H-MET252HID,H-HIP310HIE,H-HIP435HID","H-MET252HID,H-HIP310HIE,H-HIP435HIE",H-HID435HIE,-0.06884249037887684,0.01733388578250586,-0.07614803538359186,0.016021226589200275,0.0020229371155160623,0.02580150000000001,TRUE,FALSE,FALSE,FALSE,FALSE,FALSE,FALSE,FALSE,TRUE,FALSE,FALSE,FALSE,TRUE,FALSE,FALSE,FALSE
Holo results with H310/H435 titration,coupled_m252h_repeat3,7cbe88e_0920ae9,H-HIP435HID,"H-MET252HID,H-HIP435HID",H-MET252HID,-0.007244608503986618,0.024728815471042886,-0.03283347799947664,5.418677375256336e-4,0.001568734449760762,0.003010252904989744,FALSE,FALSE,FALSE,FALSE,FALSE,FALSE,FALSE,FALSE,FALSE,FALSE,FALSE,FALSE,FALSE,FALSE,FALSE,FALSE
Holo results with H310/H435 titration,coupled_m252h_repeat3,7cbe88e_5ec6a60,H-HIP435HID,"H-HIP310HIE,H-HIP435HID",H-HIP310HIE,-0.23534464353848,-0.03813454872149383,-0.1968105900208384,0.12296836226930974,0.003937808270676704,0.08719996377306916,TRUE,TRUE,TRUE,FALSE,FALSE,FALSE,FALSE,FALSE,TRUE,TRUE,FALSE,FALSE,TRUE,TRUE,TRUE,FALSE
Holo results with H310/H435 titration,coupled_m252h_repeat3,7cbe88e_6d05828,H-HIP435HID,H-HIP435HIE,H-HID435HIE,0.044766644151341406,-0.017173974582681398,0.0634237757684114,0.006076556732740937,0.0013626069719753935,0.009684191045796311,FALSE,FALSE,FALSE,FALSE,FALSE,FALSE,FALSE,FALSE,TRUE,FALSE,FALSE,FALSE,TRUE,FALSE,FALSE,FALSE
Holo results with H310/H435 titration,coupled_m252h_repeat3,7cbe88e_a55737b,H-HIP435HID,"H-HIP310HID,H-HIP435HID",H-HIP310HID,-0.1520650440037662,-0.04606066800193927,-0.0802925686704562,0.06772142788790146,0.006050595010252908,0.042888604579630715,TRUE,TRUE,FALSE,FALSE,FALSE,FALSE,FALSE,FALSE,TRUE,FALSE,FALSE,FALSE,TRUE,TRUE,FALSE,FALSE
Holo results with H310/H435 titration,coupled_m252h_repeat3,7cbe88e_c0b75c4,H-HIP435HID,"H-MET252HIP,H-HIP435HID",H-MET252HIP,-0.0622405041004422,-0.04780156588152057,-0.022260518989959788,0.009009767259056929,0.006253999316472939,0.0031178325358852664,TRUE,FALSE,FALSE,FALSE,FALSE,FALSE,FALSE,FALSE,FALSE,FALSE,FALSE,FALSE,TRUE,FALSE,FALSE,FALSE
Holo results with H310/H435 titration,coupled_m252h_repeat3,7cbe88e_e2765b0,H-HIP435HID,"H-MET252HIE,H-HIP435HID",H-MET252HIE,-0.08135370393922776,-0.05507605539459208,-0.03143296258589419,0.01715848051948052,0.007554388585099108,0.0034696958304853078,TRUE,FALSE,FALSE,FALSE,TRUE,FALSE,FALSE,FALSE,FALSE,FALSE,FALSE,FALSE,TRUE,FALSE,FALSE,FALSE
Holo results with H310/H435 titration,coupled_m252h_repeat3,7d575ff_00a57d8,H-MET252HID,H-MET252HIE,H-HID252HIE,0.04799610892144876,0.022880729232907977,0.023520749631031023,0.006269316814764182,0.0030567792207792216,0.0026192293233082754,FALSE,FALSE,FALSE,FALSE,FALSE,FALSE,FALSE,FALSE,FALSE,FALSE,FALSE,FALSE,FALSE,FALSE,FALSE,FALSE
Holo results with H310/H435 titration,coupled_m252h_repeat3,7d575ff_0920ae9,H-MET252HID,"H-MET252HID,H-HIP435HID",H-HIP435HID,0.11102085468414288,-0.01326325013690283,0.12803746414730677,0.029282506835269978,0.0034147737525632143,0.047687097744360814,TRUE,TRUE,FALSE,FALSE,FALSE,FALSE,FALSE,FALSE,TRUE,TRUE,FALSE,FALSE,TRUE,TRUE,FALSE,FALSE
Holo results with H310/H435 titration,coupled_m252h_repeat3,7d575ff_86dd0c9,H-MET252HID,"H-MET252HID,H-HIP310HID",H-HIP310HID,-0.09152291693163409,-0.03839785870077986,-0.053610605022768126,0.019512576213260416,0.003598752221462751,0.008012049897470914,TRUE,FALSE,FALSE,FALSE,FALSE,FALSE,FALSE,FALSE,TRUE,FALSE,FALSE,FALSE,TRUE,FALSE,FALSE,FALSE
Holo results with H310/H435 titration,coupled_m252h_repeat3,7d575ff_8f8f363,H-MET252HID,"H-MET252HID,H-HIP310HIE",H-HIP310HIE,-0.11457604805556525,0.040901453948301,-0.13840144803676335,0.03599132501708834,0.00894193643198912,0.07312837525632297,TRUE,TRUE,FALSE,FALSE,FALSE,FALSE,FALSE,FALSE,TRUE,TRUE,FALSE,FALSE,TRUE,TRUE,FALSE,FALSE
Holo results with H310/H435 titration,coupled_m252h_repeat3,7d575ff_e46d34e,H-MET252HID,"H-MET252HID,H-HIP435HIE",H-HIP435HIE,-0.039522651398293265,0.0029045685689510943,-0.04576145846581413,0.004921106971975388,0.0033616165413533996,0.008107851332877654,FALSE,FALSE,FALSE,FALSE,FALSE,FALSE,FALSE,FALSE,FALSE,FALSE,FALSE,FALSE,FALSE,FALSE,FALSE,FALSE
Holo results with H310/H435 titration,coupled_m252h_repeat3,86dd0c9_84983d2,"H-MET252HID,H-HIP310HID","H-MET252HID,H-HIP310HID,H-HIP435HIE",H-HIP435HIE,-0.07326292964581592,-0.06387536910853442,-0.01113991059622583,0.014044178058783392,0.01194425939849615,0.006238497607655558,TRUE,FALSE,FALSE,FALSE,TRUE,FALSE,FALSE,FALSE,FALSE,FALSE,FALSE,FALSE,TRUE,FALSE,FALSE,FALSE
Holo results with H310/H435 titration,coupled_m252h_repeat3,86dd0c9_8f8f363,"H-MET252HID,H-HIP310HID","H-MET252HID,H-HIP310HIE",H-HID310HIE,0.029693957283294728,-0.06413915384097613,0.09388799230907144,0.004096312030075187,0.012293978468899522,0.027107422077922078,FALSE,FALSE,FALSE,FALSE,TRUE,FALSE,FALSE,FALSE,TRUE,FALSE,FALSE,FALSE,TRUE,FALSE,FALSE,FALSE
Holo results with H310/H435 titration,coupled_m252h_repeat3,86dd0c9_c33934f,"H-MET252HID,H-HIP310HID","H-MET252HID,H-HIP310HID,H-HIP435HID",H-HIP435HID,0.02007783990187735,0.03920274336357296,-0.013021553221981418,0.004507379699248128,0.011695432672590472,0.0029093988380040838,FALSE,FALSE,FALSE,FALSE,FALSE,FALSE,FALSE,FALSE,FALSE,FALSE,FALSE,FALSE,FALSE,FALSE,FALSE,FALSE
Holo results with H310/H435 titration,coupled_m252h_repeat3,8810714_77c6962,"H-MET252HIE,H-HIP310HIE","H-MET252HIE,H-HIP310HIE,H-HIP435HID",H-HIP435HID,0.018419706552277988,-0.07944856942498582,0.08362765295558558,0.002502037593984991,0.014397104579630953,0.022245672248803847,FALSE,FALSE,FALSE,FALSE,TRUE,FALSE,FALSE,FALSE,TRUE,FALSE,FALSE,FALSE,TRUE,FALSE,FALSE,FALSE
Holo results with H310/H435 titration,coupled_m252h_repeat3,8810714_d9ed51b,"H-MET252HIE,H-HIP310HIE","H-MET252HIE,H-HIP310HIE,H-HIP435HIE",H-HIP435HIE,-0.03922410725641487,0.01188001104281539,-0.047410653884551,0.004017868421052645,0.0021685393028024833,0.007344618250170944,FALSE,FALSE,FALSE,FALSE,FALSE,FALSE,FALSE,FALSE,FALSE,FALSE,FALSE,FALSE,FALSE,FALSE,FALSE,FALSE
Holo results with H310/H435 titration,coupled_m252h_repeat3,8d5bcc5_18e82d2,"H-MET252HIP,H-HIP435HIE","H-MET252HIP,H-HIP310HIE,H-HIP435HIE",H-HIP310HIE,-0.15340984171397087,-0.061138292627726534,-0.08389600718730897,0.05006219719753913,0.008391957963089511,0.023960911483253553,TRUE,TRUE,FALSE,FALSE,TRUE,FALSE,FALSE,FALSE,TRUE,FALSE,FALSE,FALSE,TRUE,TRUE,FALSE,FALSE
Holo results with H310/H435 titration,coupled_m252h_repeat3,8d5bcc5_ab61347,"H-MET252HIP,H-HIP435HIE","H-MET252HIP,H-HIP310HID,H-HIP435HIE",H-HIP310HID,-0.046841459469707275,0.006355758120249397,-0.052661995853517773,0.0075919617224880056,0.005115173957621302,0.00914223615857821,FALSE,FALSE,FALSE,FALSE,FALSE,FALSE,FALSE,FALSE,TRUE,FALSE,FALSE,FALSE,TRUE,FALSE,FALSE,FALSE
Holo results with H310/H435 titration,coupled_m252h_repeat3,8f8f363_7335342,"H-MET252HID,H-HIP310HIE","H-MET252HID,H-HIP310HIE,H-HIP435HID",H-HIP435HID,0.08295936914855423,0.020911306988225013,0.05423580262614783,0.015885812030075313,0.002092358851674638,0.00774138140806571,TRUE,FALSE,FALSE,FALSE,FALSE,FALSE,FALSE,FALSE,TRUE,FALSE,FALSE,FALSE,TRUE,FALSE,FALSE,FALSE
Holo results with H310/H435 titration,coupled_m252h_repeat3,8f8f363_9e1214b,"H-MET252HID,H-HIP310HIE","H-MET252HID,H-HIP310HIE,H-HIP435HIE",H-HIP435HIE,-0.058125866201337015,-0.03596940035087806,-0.018281471538616645,0.008386444634313154,0.008396093301435422,0.005040691045796265,TRUE,FALSE,FALSE,FALSE,FALSE,FALSE,FALSE,FALSE,FALSE,FALSE,FALSE,FALSE,TRUE,FALSE,FALSE,FALSE
Holo results with H310/H435 titration,coupled_m252h_repeat3,a55737b_5ec6a60,"H-HIP310HID,H-HIP435HID","H-HIP310HIE,H-HIP435HID",H-HID310HIE,-0.016948688320672093,-8.859541622171389e-4,-0.042793147646410304,0.006933011619958986,0.011142593301435402,0.026988614490772375,FALSE,FALSE,FALSE,FALSE,FALSE,FALSE,FALSE,FALSE,FALSE,FALSE,FALSE,FALSE,FALSE,FALSE,FALSE,FALSE
Holo results with H310/H435 titration,coupled_m252h_repeat3,a55737b_6085581,"H-HIP310HID,H-HIP435HID","H-MET252HIE,H-HIP310HID,H-HIP435HID",H-MET252HIE,0.04460652641882139,-0.01906727436075612,0.055793249661024634,0.010581587833219405,0.0027651244019138736,0.020439130895420356,FALSE,FALSE,FALSE,FALSE,FALSE,FALSE,FALSE,FALSE,TRUE,FALSE,FALSE,FALSE,TRUE,FALSE,FALSE,FALSE
Holo results with H310/H435 titration,coupled_m252h_repeat3,a55737b_c33934f,"H-HIP310HID,H-HIP435HID","H-MET252HID,H-HIP310HID,H-HIP435HID",H-MET252HID,0.3328951625645157,0.029635280019528944,0.30435001741550366,0.22052865413533837,0.0030332498291182485,0.18465952802460697,TRUE,TRUE,TRUE,FALSE,FALSE,FALSE,FALSE,FALSE,TRUE,TRUE,TRUE,FALSE,TRUE,TRUE,TRUE,FALSE
Holo results with H310/H435 titration,coupled_m252h_repeat3,a55737b_c6b06e9,"H-HIP310HID,H-HIP435HID","H-MET252HIP,H-HIP310HID,H-HIP435HID",H-MET252HIP,-0.11803253101165229,-0.09533637180377974,-0.01993100559248472,0.03181979870129874,0.02445270300751862,0.008067644565960415,TRUE,TRUE,FALSE,FALSE,TRUE,FALSE,FALSE,FALSE,FALSE,FALSE,FALSE,FALSE,TRUE,TRUE,FALSE,FALSE
Holo results with H310/H435 titration,coupled_m252h_repeat3,ba31c72_0d33ae7,"H-MET252HIE,H-HIP435HIE","H-MET252HIE,H-HIP310HID,H-HIP435HIE",H-HIP310HID,-0.3127032995163913,-0.08389600718732983,-0.2347170176543198,0.2316349825700616,0.027966593301435468,0.12122720027341054,TRUE,TRUE,TRUE,FALSE,TRUE,FALSE,FALSE,FALSE,TRUE,TRUE,TRUE,FALSE,TRUE,TRUE,TRUE,FALSE
Holo results with H310/H435 titration,coupled_m252h_repeat3,ba31c72_d9ed51b,"H-MET252HIE,H-HIP435HIE","H-MET252HIE,H-HIP310HIE,H-HIP435HIE",H-HIP310HIE,-0.12491641364992792,-0.09229207138889545,-0.02877335459090724,0.038809369446343035,0.01926963841421749,0.013443542720437402,TRUE,TRUE,FALSE,FALSE,TRUE,FALSE,FALSE,FALSE,FALSE,FALSE,FALSE,FALSE,TRUE,TRUE,FALSE,FALSE
Holo results with H310/H435 titration,coupled_m252h_repeat3,c0b75c4_4472127,"H-MET252HIP,H-HIP435HID","H-MET252HIP,H-HIP310HIE,H-HIP435HID",H-HIP310HIE,-0.058513979597418775,-0.02344012690645953,-0.03228495052395909,0.011185683526999305,0.0017642498291182294,0.004904219753930258,TRUE,FALSE,FALSE,FALSE,FALSE,FALSE,FALSE,FALSE,FALSE,FALSE,FALSE,FALSE,TRUE,FALSE,FALSE,FALSE
Holo results with H310/H435 titration,coupled_m252h_repeat3,c0b75c4_8d5bcc5,"H-MET252HIP,H-HIP435HID","H-MET252HIP,H-HIP435HIE",H-HID435HIE,0.01089558534900348,-0.02978126662061014,0.04683834771542643,0.003574102529049896,0.002732588174982912,0.008196783321941216,FALSE,FALSE,FALSE,FALSE,FALSE,FALSE,FALSE,FALSE,FALSE,FALSE,FALSE,FALSE,FALSE,FALSE,FALSE,FALSE
Holo results with H310/H435 titration,coupled_m252h_repeat3,c0b75c4_c6b06e9,"H-MET252HIP,H-HIP435HID","H-MET252HIP,H-HIP310HID,H-HIP435HID",H-HIP310HID,-0.26593551268154886,-0.03754786335656806,-0.23415198099899914,0.16062059501025247,0.0039553923444975835,0.12245805434039608,TRUE,TRUE,TRUE,FALSE,FALSE,FALSE,FALSE,FALSE,TRUE,TRUE,TRUE,FALSE,TRUE,TRUE,TRUE,FALSE
Holo results with H310/H435 titration,coupled_m252h_repeat3,c0f367a_1c1b1f0,H-HIP310HIE,"H-MET252HIP,H-HIP310HIE",H-MET252HIP,-0.12380786745558635,-0.04053405960336103,-0.08643831043541686,0.03714930246069715,0.003731142857142904,0.01870246035543387,TRUE,TRUE,FALSE,FALSE,FALSE,FALSE,FALSE,FALSE,TRUE,FALSE,FALSE,FALSE,TRUE,TRUE,FALSE,FALSE
Holo results with H310/H435 titration,coupled_m252h_repeat3,c0f367a_5683b07,H-HIP310HIE,"H-HIP310HIE,H-HIP435HIE",H-HIP435HIE,-0.09274517810860329,0.009033535577718988,-0.0935470674649419,0.019331621326042388,5.617935748462037e-4,0.021954083732057487,TRUE,FALSE,FALSE,FALSE,FALSE,FALSE,FALSE,FALSE,TRUE,FALSE,FALSE,FALSE,TRUE,FALSE,FALSE,FALSE
Holo results with H310/H435 titration,coupled_m252h_repeat3,c0f367a_5ec6a60,H-HIP310HIE,"H-HIP310HIE,H-HIP435HID",H-HIP435HID,0.01774061920115298,0.07113364488186091,-0.05483129708066449,0.0011270160628844817,0.0159015727956254,0.011131510594668447,FALSE,FALSE,FALSE,FALSE,TRUE,FALSE,FALSE,FALSE,TRUE,FALSE,FALSE,FALSE,TRUE,FALSE,FALSE,FALSE
Holo results with H310/H435 titration,coupled_m252h_repeat3,c0f367a_8810714,H-HIP310HIE,"H-MET252HIE,H-HIP310HIE",H-MET252HIE,-0.07270446373983772,-0.06360617192453716,-0.005469583845199638,0.01737729118250172,0.009533997265892,0.008278693096377316,TRUE,FALSE,FALSE,FALSE,TRUE,FALSE,FALSE,FALSE,FALSE,FALSE,FALSE,FALSE,TRUE,FALSE,FALSE,FALSE
Holo results with H310/H435 titration,coupled_m252h_repeat3,c0f367a_8f8f363,H-HIP310HIE,"H-MET252HID,H-HIP310HIE",H-MET252HID,-0.11221242288879485,0.024084978139902756,-0.1348578506653883,0.028476944634313064,0.0019403622693096414,0.03658426247436777,TRUE,TRUE,FALSE,FALSE,FALSE,FALSE,FALSE,FALSE,TRUE,TRUE,FALSE,FALSE,TRUE,TRUE,FALSE,FALSE
Holo results with H310/H435 titration,coupled_m252h_repeat3,c33934f_84983d2,"H-MET252HID,H-HIP310HID,H-HIP435HID","H-MET252HID,H-HIP310HID,H-HIP435HIE",H-HID435HIE,-0.08926231658203349,0.01972155930097421,-0.10296328154808515,0.028510946684894043,0.0020964063568010938,0.03883954647983595,TRUE,FALSE,FALSE,FALSE,FALSE,FALSE,FALSE,FALSE,TRUE,TRUE,FALSE,FALSE,TRUE,TRUE,FALSE,FALSE
Holo results with H310/H435 titration,coupled_m252h_repeat3,c6b06e9_ab61347,"H-MET252HIP,H-HIP310HID,H-HIP435HID","H-MET252HIP,H-HIP310HID,H-HIP435HIE",H-HID435HIE,0.014080448758712498,0.07626909744302623,-0.05960797965589619,0.0013404900888585088,0.01271029049897471,0.009503954203691049,FALSE,FALSE,FALSE,FALSE,TRUE,FALSE,FALSE,FALSE,TRUE,FALSE,FALSE,FALSE,TRUE,FALSE,FALSE,FALSE
Holo results with H310/H435 titration,coupled_m252h_repeat3,e2765b0_6085581,"H-MET252HIE,H-HIP435HID","H-MET252HIE,H-HIP310HID,H-HIP435HID",H-HIP310HID,-0.15101281293718813,0.08484937090536511,-0.22980399076157254,0.05216077956254257,0.01605874094326723,0.124704725905673,TRUE,TRUE,FALSE,FALSE,TRUE,FALSE,FALSE,FALSE,TRUE,TRUE,TRUE,FALSE,TRUE,TRUE,TRUE,FALSE
Holo results with H310/H435 titration,coupled_m252h_repeat3,e2765b0_77c6962,"H-MET252HIE,H-HIP435HID","H-MET252HIE,H-HIP310HIE,H-HIP435HID",H-HIP310HIE,-0.15982596338678462,0.10778375264188778,-0.2516880215619844,0.05761778673957608,0.021859282296650576,0.14084440396445613,TRUE,TRUE,FALSE,FALSE,TRUE,TRUE,FALSE,FALSE,TRUE,TRUE,TRUE,FALSE,TRUE,TRUE,TRUE,FALSE
Holo results with H310/H435 titration,coupled_m252h_repeat3,e3c493d_1c1b1f0,H-MET252HIP,"H-MET252HIP,H-HIP310HIE",H-HIP310HIE,-0.05730610824876407,-0.07020304364639526,0.015547262941496796,0.010092542720437475,0.010134862269309701,0.011659334586466128,TRUE,FALSE,FALSE,FALSE,TRUE,FALSE,FALSE,FALSE,FALSE,FALSE,FALSE,FALSE,TRUE,FALSE,FALSE,FALSE
Holo results with H310/H435 titration,coupled_m252h_repeat3,e3c493d_66a1a57,H-MET252HIP,"H-MET252HIP,H-HIP310HID",H-HIP310HID,-0.0693594589865863,0.00307661782905958,-0.0720677221614663,0.011178304853041717,4.941667805878123e-4,0.012614375256322651,TRUE,FALSE,FALSE,FALSE,FALSE,FALSE,FALSE,FALSE,TRUE,FALSE,FALSE,FALSE,TRUE,FALSE,FALSE,FALSE
Holo results with H310/H435 titration,coupled_m252h_repeat3,e3c493d_8d5bcc5,H-MET252HIP,"H-MET252HIP,H-HIP435HIE",H-HIP435HIE,-0.028887637471372452,-0.08703649943498057,0.05701299258739176,0.003962219753930308,0.016498579972658994,0.008661482570061566,FALSE,FALSE,FALSE,FALSE,TRUE,FALSE,FALSE,FALSE,TRUE,FALSE,FALSE,FALSE,TRUE,FALSE,FALSE,FALSE
Holo results with H310/H435 titration,coupled_m252h_repeat3,e3c493d_c0b75c4,H-MET252HIP,"H-MET252HIP,H-HIP435HID",H-HIP435HID,0.18222130308009304,0.045761458465817306,0.13651091471734428,0.07549965721120971,0.005110772043745746,0.04368792583732045,TRUE,TRUE,FALSE,FALSE,FALSE,FALSE,FALSE,FALSE,TRUE,TRUE,FALSE,FALSE,TRUE,TRUE,FALSE,FALSE
Holo results with H310/H435 titration,coupled_m252h_repeat3,e46d34e_84983d2,"H-MET252HID,H-HIP435HIE","H-MET252HID,H-HIP310HID,H-HIP435HIE",H-HIP310HID,-0.12059311172200038,-0.04009527933116089,-0.08847215303390986,0.04405203554340395,0.004373214627477736,0.027315726589200374,TRUE,TRUE,FALSE,FALSE,FALSE,FALSE,FALSE,FALSE,TRUE,FALSE,FALSE,FALSE,TRUE,TRUE,FALSE,FALSE
Holo results with H310/H435 titration,coupled_m252h_repeat3,e46d34e_9e1214b,"H-MET252HID,H-HIP435HIE","H-MET252HID,H-HIP310HIE,H-HIP435HIE",H-HIP310HIE,-0.10799899759720771,0.009560876143750924,-0.10916739350967752,0.025288089542036856,0.0032166069719753968,0.03361812064251528,TRUE,TRUE,FALSE,FALSE,FALSE,FALSE,FALSE,FALSE,TRUE,TRUE,FALSE,FALSE,TRUE,TRUE,FALSE,FALSE
Holo results with H310/H435 titration,coupled_m252h_repeat3,e46d34e_ba31c72,"H-MET252HID,H-HIP435HIE","H-MET252HIE,H-HIP435HIE",H-HID252HIE,-0.015253819488604083,0.04607600363809336,-0.06794883226742306,0.02837015071770335,0.0054734777853725205,0.03950585099111414,FALSE,FALSE,FALSE,FALSE,FALSE,FALSE,FALSE,FALSE,TRUE,FALSE,FALSE,FALSE,TRUE,FALSE,FALSE,FALSE
Holo results with H310/H435 titration,coupled_m252h_repeat3,f0eb34c_0d33ae7,"H-MET252HIE,H-HIP310HID","H-MET252HIE,H-HIP310HID,H-HIP435HIE",H-HIP435HIE,-0.11016647408437091,-0.03050763897719356,-0.08619294861032097,0.026001497607655414,0.003982937115516092,0.016888870129869928,TRUE,TRUE,FALSE,FALSE,FALSE,FALSE,FALSE,FALSE,TRUE,FALSE,FALSE,FALSE,TRUE,TRUE,FALSE,FALSE
Holo results with H310/H435 titration,coupled_m252h_repeat3,f0eb34c_6085581,"H-MET252HIE,H-HIP310HID","H-MET252HIE,H-HIP310HID,H-HIP435HID",H-HIP435HID,-0.0424927828611122,-0.01572327889521393,-0.028273776932003974,0.005416816814764164,0.0019223393711551148,0.0032013872180451423,FALSE,FALSE,FALSE,FALSE,FALSE,FALSE,FALSE,FALSE,FALSE,FALSE,FALSE,FALSE,FALSE,FALSE,FALSE,FALSE
Holo results with H310/H435 titration,coupled_m252h_repeat3,f0eb34c_8810714,"H-MET252HIE,H-HIP310HID","H-MET252HIE,H-HIP310HIE",H-HID310HIE,-0.03154927711358524,0.2152809353039258,-0.2309112674309545,0.011278088174982914,0.149044989063568,0.20000705194805196,FALSE,FALSE,FALSE,FALSE,TRUE,TRUE,TRUE,FALSE,TRUE,TRUE,TRUE,FALSE,TRUE,TRUE,TRUE,FALSE
Holo results with H310/H435 titration,coupled_m252r_main,0ca3751_5134ed6,H-HIP310HID,"H-HIP310HID,H-HIP435HIE",H-HIP435HIE,-0.1071574021472241,-0.015362775342131447,-0.09604256715047713,0.03395340635680092,0.0017596742993848168,0.024546514354066892,TRUE,TRUE,FALSE,FALSE,FALSE,FALSE,FALSE,FALSE,TRUE,FALSE,FALSE,FALSE,TRUE,TRUE,FALSE,FALSE
Holo results with H310/H435 titration,coupled_m252r_main,0ca3751_a2a52dc,H-HIP310HID,"H-MET252ARG,H-HIP310HID",H-MET252ARG,-0.178415210089938,-0.02435844299586011,-0.15327042508424465,0.06907865516062825,0.003276843814080661,0.05089754647983531,TRUE,TRUE,FALSE,FALSE,FALSE,FALSE,FALSE,FALSE,TRUE,TRUE,FALSE,FALSE,TRUE,TRUE,FALSE,FALSE
Holo results with H310/H435 titration,coupled_m252r_main,0ca3751_a55737b,H-HIP310HID,"H-HIP310HID,H-HIP435HID",H-HIP435HID,-0.045045736730279874,0.02180793313701105,-0.06666570194181284,0.004838572795625409,0.002234178058783293,0.010696894736841983,FALSE,FALSE,FALSE,FALSE,FALSE,FALSE,FALSE,FALSE,TRUE,FALSE,FALSE,FALSE,TRUE,FALSE,FALSE,FALSE
Holo results with H310/H435 titration,coupled_m252r_main,0ca3751_c0f367a,H-HIP310HID,H-HIP310HIE,H-HID310HIE,0.013482690127693712,-0.05355333128328074,0.05678234304633274,0.0022642006151743013,0.006216906015037596,0.01155245625427205,FALSE,FALSE,FALSE,FALSE,TRUE,FALSE,FALSE,FALSE,TRUE,FALSE,FALSE,FALSE,TRUE,FALSE,FALSE,FALSE
Holo results with H310/H435 titration,coupled_m252r_main,1b1a518_d01b6a3,"H-MET252ARG,H-HIP435HID","H-MET252ARG,H-HIP310HIE,H-HIP435HID",H-HIP310HIE,-0.10487000898416021,0.10612058229792332,-0.20519775918268493,0.0342110092276147,0.021276188311688326,0.09222057826384168,TRUE,TRUE,FALSE,FALSE,TRUE,TRUE,FALSE,FALSE,TRUE,TRUE,TRUE,FALSE,TRUE,TRUE,TRUE,FALSE
Holo results with H310/H435 titration,coupled_m252r_main,1b1a518_dd2e3e2,"H-MET252ARG,H-HIP435HID","H-MET252ARG,H-HIP310HID,H-HIP435HID",H-HIP310HID,-0.23067510696033558,0.06455951051417001,-0.2949071767797007,0.11658245420369098,0.00982596343130556,0.18870588858509915,TRUE,TRUE,TRUE,FALSE,TRUE,FALSE,FALSE,FALSE,TRUE,TRUE,TRUE,FALSE,TRUE,TRUE,TRUE,FALSE
Holo results with H310/H435 titration,coupled_m252r_main,1b1a518_e222675,"H-MET252ARG,H-HIP435HID","H-MET252ARG,H-HIP435HIE",H-HID435HIE,0.05720182308226947,-0.027708537421220536,0.08883893734153087,0.008810004784688992,0.002344841421736159,0.017827420369104577,TRUE,FALSE,FALSE,FALSE,FALSE,FALSE,FALSE,FALSE,TRUE,FALSE,FALSE,FALSE,TRUE,FALSE,FALSE,FALSE
Holo results with H310/H435 titration,coupled_m252r_main,404e0bb_0ca3751,WT,H-HIP310HID,H-HIP310HID,-0.11161197824377914,-0.12012382847276629,-0.006779475328271237,0.033358253246753324,0.02992869480519477,0.0051860950102529295,TRUE,TRUE,FALSE,FALSE,TRUE,TRUE,FALSE,FALSE,FALSE,FALSE,FALSE,FALSE,TRUE,TRUE,FALSE,FALSE
Holo results with H310/H435 titration,coupled_m252r_main,404e0bb_5adb808,WT,H-MET252ARG,H-MET252ARG,-0.2112658677300872,-0.04182849361191529,-0.16383887251085288,0.1037671028708131,0.00421805194805188,0.07009404237867373,TRUE,TRUE,TRUE,FALSE,FALSE,FALSE,FALSE,FALSE,TRUE,TRUE,FALSE,FALSE,TRUE,TRUE,TRUE,FALSE
Holo results with H310/H435 titration,coupled_m252r_main,404e0bb_6d05828,WT,H-HIP435HIE,H-HIP435HIE,-0.035769473344073655,-0.023027454836571253,-0.0018975339576003413,0.005776714627477781,0.002334174299384827,0.006068168489405284,FALSE,FALSE,FALSE,FALSE,FALSE,FALSE,FALSE,FALSE,FALSE,FALSE,FALSE,FALSE,FALSE,FALSE,FALSE,FALSE
Holo results with H310/H435 titration,coupled_m252r_main,404e0bb_7cbe88e,WT,H-HIP435HID,H-HIP435HID,-0.024430323593655337,-0.0259634898475871,0.003195810666106624,0.0018258848257006496,0.0029405369104579366,0.0024851958304853363,FALSE,FALSE,FALSE,FALSE,FALSE,FALSE,FALSE,FALSE,FALSE,FALSE,FALSE,FALSE,FALSE,FALSE,FALSE,FALSE
Holo results with H310/H435 titration,coupled_m252r_main,404e0bb_c0f367a,WT,H-HIP310HIE,H-HIP310HIE,7.095226132320233e-4,0.007990095922602164,-0.007808605835773223,5.377197539302539e-4,5.086883116883216e-4,9.224730006834787e-4,FALSE,FALSE,FALSE,FALSE,FALSE,FALSE,FALSE,FALSE,FALSE,FALSE,FALSE,FALSE,FALSE,FALSE,FALSE,FALSE
Holo results with H310/H435 titration,coupled_m252r_main,5134ed6_5683b07,"H-HIP310HID,H-HIP435HIE","H-HIP310HIE,H-HIP435HIE",H-HID310HIE,0.11476094283724511,0.25005559526583643,-0.13400852220028886,0.0347353055365687,0.125587990430622,0.06390995146958305,TRUE,TRUE,FALSE,FALSE,TRUE,TRUE,TRUE,FALSE,TRUE,TRUE,FALSE,FALSE,TRUE,TRUE,TRUE,FALSE
Holo results with H310/H435 titration,coupled_m252r_main,5134ed6_d1b3dfb,"H-HIP310HID,H-HIP435HIE","H-MET252ARG,H-HIP310HID,H-HIP435HIE",H-MET252ARG,-0.008147728812491825,-0.024769468674303175,0.024662119341017898,0.004516173274094244,0.004282520164046495,0.0048458414217360316,FALSE,FALSE,FALSE,FALSE,FALSE,FALSE,FALSE,FALSE,FALSE,FALSE,FALSE,FALSE,FALSE,FALSE,FALSE,FALSE
Holo results with H310/H435 titration,coupled_m252r_main,5683b07_0988428,"H-HIP310HIE,H-HIP435HIE","H-MET252ARG,H-HIP310HIE,H-HIP435HIE",H-MET252ARG,-0.0748277022978962,-0.0027737047274179064,-0.07920687008528118,0.012840164730006948,0.00259958783321944,0.015438737867396038,TRUE,FALSE,FALSE,FALSE,FALSE,FALSE,FALSE,FALSE,TRUE,FALSE,FALSE,FALSE,TRUE,FALSE,FALSE,FALSE
Holo results with H310/H435 titration,coupled_m252r_main,5adb808_1b1a518,H-MET252ARG,"H-MET252ARG,H-HIP435HID",H-HIP435HID,0.014745358838986781,0.06517541054222303,-0.0474563272978806,9.582556390977806e-4,0.012248138414217463,0.009640856459330252,FALSE,FALSE,FALSE,FALSE,TRUE,FALSE,FALSE,FALSE,FALSE,FALSE,FALSE,FALSE,TRUE,FALSE,FALSE,FALSE
Holo results with H310/H435 titration,coupled_m252r_main,5adb808_7a502af,H-MET252ARG,"H-MET252ARG,H-HIP310HIE",H-HIP310HIE,-0.026057901312154436,0.010026923612960748,-0.03471988651572905,0.004266642173615881,7.364186602870804e-4,0.006569764183185286,FALSE,FALSE,FALSE,FALSE,FALSE,FALSE,FALSE,FALSE,FALSE,FALSE,FALSE,FALSE,FALSE,FALSE,FALSE,FALSE
Holo results with H310/H435 titration,coupled_m252r_main,5adb808_a2a52dc,H-MET252ARG,"H-MET252ARG,H-HIP310HID",H-HIP310HID,-0.25729380022404846,-7.388568814797939e-4,-0.2374556631998525,0.13556664080656197,0.0013932484620642548,0.13705413260423824,TRUE,TRUE,TRUE,FALSE,FALSE,FALSE,FALSE,FALSE,TRUE,TRUE,TRUE,FALSE,TRUE,TRUE,TRUE,FALSE
Holo results with H310/H435 titration,coupled_m252r_main,5adb808_e222675,H-MET252ARG,"H-MET252ARG,H-HIP435HIE",H-HIP435HIE,0.07865250673812013,0.05267850431616493,0.02633632323729,0.014154061517429933,0.0058216766917293375,0.0025584299384825734,TRUE,FALSE,FALSE,FALSE,TRUE,FALSE,FALSE,FALSE,FALSE,FALSE,FALSE,FALSE,TRUE,FALSE,FALSE,FALSE
Holo results with H310/H435 titration,coupled_m252r_main,5ec6a60_d01b6a3,"H-HIP310HIE,H-HIP435HID","H-MET252ARG,H-HIP310HIE,H-HIP435HID",H-MET252ARG,-0.19321504685566795,-0.12822181205421934,-0.06101527795427873,0.08077220813397137,0.041854872522214405,0.012862683526999296,TRUE,TRUE,FALSE,FALSE,TRUE,TRUE,FALSE,FALSE,TRUE,FALSE,FALSE,FALSE,TRUE,TRUE,FALSE,FALSE
Holo results with H310/H435 titration,coupled_m252r_main,6d05828_5134ed6,H-HIP435HIE,"H-HIP310HID,H-HIP435HIE",H-HIP310HID,-0.15556395252231917,0.004742566828000368,-0.1444490481875508,0.058563085782638365,0.003937184210526295,0.05112461209842782,TRUE,TRUE,FALSE,FALSE,FALSE,FALSE,FALSE,FALSE,TRUE,TRUE,FALSE,FALSE,TRUE,TRUE,FALSE,FALSE
Holo results with H310/H435 titration,coupled_m252r_main,6d05828_5683b07,H-HIP435HIE,"H-HIP310HIE,H-HIP435HIE",H-HIP310HIE,-0.08209549003283786,0.022207183956786856,-0.10730524390550482,0.013633561517430007,0.002924583732057402,0.025033209842788864,TRUE,FALSE,FALSE,FALSE,FALSE,FALSE,FALSE,FALSE,TRUE,TRUE,FALSE,FALSE,TRUE,TRUE,FALSE,FALSE
Holo results with H310/H435 titration,coupled_m252r_main,6d05828_e222675,H-HIP435HIE,"H-MET252ARG,H-HIP435HIE",H-MET252ARG,-0.0980000122523626,-0.04246737715070699,-0.055784922578248124,0.022379925153793546,0.006244331852358106,0.0111907604237866,TRUE,FALSE,FALSE,FALSE,FALSE,FALSE,FALSE,FALSE,TRUE,FALSE,FALSE,FALSE,TRUE,FALSE,FALSE,FALSE
Holo results with H310/H435 titration,coupled_m252r_main,7a502af_0988428,"H-MET252ARG,H-HIP310HIE","H-MET252ARG,H-HIP310HIE,H-HIP435HIE",H-HIP435HIE,-0.07997654121448453,0.01786700133056327,-0.10390506594970941,0.015486068694463517,0.0015986421736158545,0.023727914900888627,TRUE,FALSE,FALSE,FALSE,FALSE,FALSE,FALSE,FALSE,TRUE,TRUE,FALSE,FALSE,TRUE,TRUE,FALSE,FALSE
Holo results with H310/H435 titration,coupled_m252r_main,7a502af_d01b6a3,"H-MET252ARG,H-HIP310HIE","H-MET252ARG,H-HIP310HIE,H-HIP435HID",H-HIP435HID,0.05189544119634383,0.06947159159526703,-0.015253819488605123,0.013071411141489972,0.011199083732057424,0.0035719829118250035,TRUE,FALSE,FALSE,FALSE,TRUE,FALSE,FALSE,FALSE,FALSE,FALSE,FALSE,FALSE,TRUE,FALSE,FALSE,FALSE
Holo results with H310/H435 titration,coupled_m252r_main,7cbe88e_1b1a518,H-HIP435HID,"H-MET252ARG,H-HIP435HID",H-MET252ARG,-0.11414033618527072,-0.018027241213805507,-0.09385043938808568,0.03352283595352024,0.001656523581681439,0.025153480519480683,TRUE,TRUE,FALSE,FALSE,FALSE,FALSE,FALSE,FALSE,TRUE,FALSE,FALSE,FALSE,TRUE,TRUE,FALSE,FALSE
Holo results with H310/H435 titration,coupled_m252r_main,7cbe88e_5ec6a60,H-HIP435HID,"H-HIP310HIE,H-HIP435HID",H-HIP310HIE,-0.13011935093589438,0.12881003123711138,-0.26095531661206695,0.03974168591934376,0.04379664046479842,0.16426486568694457,TRUE,TRUE,FALSE,FALSE,TRUE,TRUE,FALSE,FALSE,TRUE,TRUE,TRUE,FALSE,TRUE,TRUE,TRUE,FALSE
Holo results with H310/H435 titration,coupled_m252r_main,7cbe88e_6d05828,H-HIP435HID,H-HIP435HIE,H-HID435HIE,-0.06441766389342145,-0.009010855480556915,-0.05960689973459224,0.012852504101161994,5.570895420369114e-4,0.011746434039644564,TRUE,FALSE,FALSE,FALSE,FALSE,FALSE,FALSE,FALSE,TRUE,FALSE,FALSE,FALSE,TRUE,FALSE,FALSE,FALSE
Holo results with H310/H435 titration,coupled_m252r_main,7cbe88e_a55737b,H-HIP435HID,"H-HIP310HID,H-HIP435HID",H-HIP310HID,-0.03146712184619629,-0.02440611118176833,-0.013125379559962267,0.006529317498291193,0.002378516062884513,0.005901418660287157,FALSE,FALSE,FALSE,FALSE,FALSE,FALSE,FALSE,FALSE,FALSE,FALSE,FALSE,FALSE,FALSE,FALSE,FALSE,FALSE
Holo results with H310/H435 titration,coupled_m252r_main,a2a52dc_7a502af,"H-MET252ARG,H-HIP310HID","H-MET252ARG,H-HIP310HIE",H-HID310HIE,-0.018872474501486422,0.10508186758816894,-0.12108178893004196,0.002519892002734113,0.028246369446343133,0.0384052146274778,FALSE,FALSE,FALSE,FALSE,TRUE,TRUE,FALSE,FALSE,TRUE,TRUE,FALSE,FALSE,TRUE,TRUE,FALSE,FALSE
Holo results with H310/H435 titration,coupled_m252r_main,a2a52dc_d1b3dfb,"H-MET252ARG,H-HIP310HID","H-MET252ARG,H-HIP310HID,H-HIP435HIE",H-HIP435HIE,-0.08248361649393965,0.04673019901801477,-0.13304025713354112,0.01833959501025289,0.005407130895420408,0.0418443564593303,TRUE,FALSE,FALSE,FALSE,FALSE,FALSE,FALSE,FALSE,TRUE,TRUE,FALSE,FALSE,TRUE,TRUE,FALSE,FALSE
Holo results with H310/H435 titration,coupled_m252r_main,a2a52dc_dd2e3e2,"H-MET252ARG,H-HIP310HID","H-MET252ARG,H-HIP310HID,H-HIP435HID",H-HIP435HID,0.014253300145804731,-0.009784235643405859,0.026056640566061696,0.0014146141490089,0.007705681476418252,0.012414194805194788,FALSE,FALSE,FALSE,FALSE,FALSE,FALSE,FALSE,FALSE,FALSE,FALSE,FALSE,FALSE,FALSE,FALSE,FALSE,FALSE
Holo results with H310/H435 titration,coupled_m252r_main,a55737b_5ec6a60,"H-HIP310HID,H-HIP435HID","H-HIP310HIE,H-HIP435HID",H-HID310HIE,-0.012778418957559635,0.11074249517361028,-0.14360274670522677,0.006242169514695829,0.05286418523581681,0.056132392002734094,FALSE,FALSE,FALSE,FALSE,TRUE,TRUE,FALSE,FALSE,TRUE,TRUE,FALSE,FALSE,TRUE,TRUE,FALSE,FALSE
Holo results with H310/H435 titration,coupled_m252r_main,a55737b_dd2e3e2,"H-HIP310HID,H-HIP435HID","H-MET252ARG,H-HIP310HID,H-HIP435HID",H-MET252ARG,-0.16189594266513846,-0.06227601030286331,-0.10096575756743391,0.058921167122351174,0.009394509227614357,0.023699145933014292,TRUE,TRUE,FALSE,FALSE,TRUE,FALSE,FALSE,FALSE,TRUE,TRUE,FALSE,FALSE,TRUE,TRUE,FALSE,FALSE
Holo results with H310/H435 titration,coupled_m252r_main,c0f367a_5683b07,H-HIP310HIE,"H-HIP310HIE,H-HIP435HIE",H-HIP435HIE,-0.07946370218241453,-0.016995732928716565,-0.06101527795443275,0.01576316917293219,0.0013319784688994945,0.010643726589200214,TRUE,FALSE,FALSE,FALSE,FALSE,FALSE,FALSE,FALSE,TRUE,FALSE,FALSE,FALSE,TRUE,FALSE,FALSE,FALSE
Holo results with H310/H435 titration,coupled_m252r_main,c0f367a_5ec6a60,H-HIP310HIE,"H-HIP310HIE,H-HIP435HID",H-HIP435HID,0.01709915960234814,-0.015253819488607965,0.030507638977207034,0.0013732720437457208,9.504111414901094e-4,0.002438580656185951,FALSE,FALSE,FALSE,FALSE,FALSE,FALSE,FALSE,FALSE,FALSE,FALSE,FALSE,FALSE,FALSE,FALSE,FALSE,FALSE
Holo results with H310/H435 titration,coupled_m252r_main,c0f367a_7a502af,H-HIP310HIE,"H-MET252ARG,H-HIP310HIE",H-MET252ARG,-0.15144863635115086,-0.006692613300626595,-0.136444644930651,0.04746179425837334,0.002501234107997211,0.04150788004101148,TRUE,TRUE,FALSE,FALSE,FALSE,FALSE,FALSE,FALSE,TRUE,TRUE,FALSE,FALSE,TRUE,TRUE,FALSE,FALSE
Holo results with H310/H435 titration,coupled_m252r_main,d01b6a3_0988428,"H-MET252ARG,H-HIP310HIE,H-HIP435HID","H-MET252ARG,H-HIP310HIE,H-HIP435HIE",H-HID435HIE,0.048762209840623176,-0.0671168057498629,0.12097842935320577,0.009666927887901576,0.009130922761449077,0.031559740943267266,FALSE,FALSE,FALSE,FALSE,TRUE,FALSE,FALSE,FALSE,TRUE,TRUE,FALSE,FALSE,TRUE,TRUE,FALSE,FALSE
Holo results with H310/H435 titration,coupled_m252r_main,dd2e3e2_d1b3dfb,"H-MET252ARG,H-HIP310HID,H-HIP435HID","H-MET252ARG,H-HIP310HID,H-HIP435HIE",H-HID435HIE,-0.06842124944025765,-0.01135562117485052,-0.06770789125504623,0.02303428195488722,0.007936843814080658,0.012198528024606978,TRUE,FALSE,FALSE,FALSE,FALSE,FALSE,FALSE,FALSE,TRUE,FALSE,FALSE,FALSE,TRUE,FALSE,FALSE,FALSE
Holo results with H310/H435 titration,coupled_m252r_main,e222675_0988428,"H-MET252ARG,H-HIP435HIE","H-MET252ARG,H-HIP310HIE,H-HIP435HIE",H-HIP310HIE,-0.16638363615482765,0.017845013183784494,-0.1797789429572282,0.05787491011619938,0.002648952153110049,0.06909657997265874,TRUE,TRUE,FALSE,FALSE,FALSE,FALSE,FALSE,FALSE,TRUE,TRUE,FALSE,FALSE,TRUE,TRUE,FALSE,FALSE
Holo results with H310/H435 titration,coupled_m252r_main,e222675_d1b3dfb,"H-MET252ARG,H-HIP435HIE","H-MET252ARG,H-HIP310HID,H-HIP435HIE",H-HIP310HID,-0.12786767143905456,0.03129040076675933,-0.15803804424611229,0.03157237012987008,0.0036033964456596373,0.053837882775119694,TRUE,TRUE,FALSE,FALSE,FALSE,FALSE,FALSE,FALSE,TRUE,TRUE,FALSE,FALSE,TRUE,TRUE,FALSE,FALSE
Holo results with H310/H435 titration,coupled_m252r_repeat1,0ca3751_5134ed6,H-HIP310HID,"H-HIP310HID,H-HIP435HIE",H-HIP435HIE,-0.1071574021472241,-0.015362775342131447,-0.09604256715047713,0.03395340635680092,0.0017596742993848168,0.024546514354066892,TRUE,TRUE,FALSE,FALSE,FALSE,FALSE,FALSE,FALSE,TRUE,FALSE,FALSE,FALSE,TRUE,TRUE,FALSE,FALSE
Holo results with H310/H435 titration,coupled_m252r_repeat1,0ca3751_a2a52dc,H-HIP310HID,"H-MET252ARG,H-HIP310HID",H-MET252ARG,-0.178415210089938,-0.02435844299586011,-0.15327042508424465,0.06907865516062825,0.003276843814080661,0.05089754647983531,TRUE,TRUE,FALSE,FALSE,FALSE,FALSE,FALSE,FALSE,TRUE,TRUE,FALSE,FALSE,TRUE,TRUE,FALSE,FALSE
Holo results with H310/H435 titration,coupled_m252r_repeat1,0ca3751_a55737b,H-HIP310HID,"H-HIP310HID,H-HIP435HID",H-HIP435HID,-0.045045736730279874,0.02180793313701105,-0.06666570194181284,0.004838572795625409,0.002234178058783293,0.010696894736841983,FALSE,FALSE,FALSE,FALSE,FALSE,FALSE,FALSE,FALSE,TRUE,FALSE,FALSE,FALSE,TRUE,FALSE,FALSE,FALSE
Holo results with H310/H435 titration,coupled_m252r_repeat1,0ca3751_c0f367a,H-HIP310HID,H-HIP310HIE,H-HID310HIE,0.013482690127693712,-0.05355333128328074,0.05678234304633274,0.0022642006151743013,0.006216906015037596,0.01155245625427205,FALSE,FALSE,FALSE,FALSE,TRUE,FALSE,FALSE,FALSE,TRUE,FALSE,FALSE,FALSE,TRUE,FALSE,FALSE,FALSE
Holo results with H310/H435 titration,coupled_m252r_repeat1,1b1a518_d01b6a3,"H-MET252ARG,H-HIP435HID","H-MET252ARG,H-HIP310HIE,H-HIP435HID",H-HIP310HIE,-0.10487000898416021,0.10612058229792332,-0.20519775918268493,0.0342110092276147,0.021276188311688326,0.09222057826384168,TRUE,TRUE,FALSE,FALSE,TRUE,TRUE,FALSE,FALSE,TRUE,TRUE,TRUE,FALSE,TRUE,TRUE,TRUE,FALSE
Holo results with H310/H435 titration,coupled_m252r_repeat1,1b1a518_dd2e3e2,"H-MET252ARG,H-HIP435HID","H-MET252ARG,H-HIP310HID,H-HIP435HID",H-HIP310HID,-0.23067510696033558,0.06455951051417001,-0.2949071767797007,0.11658245420369098,0.00982596343130556,0.18870588858509915,TRUE,TRUE,TRUE,FALSE,TRUE,FALSE,FALSE,FALSE,TRUE,TRUE,TRUE,FALSE,TRUE,TRUE,TRUE,FALSE
Holo results with H310/H435 titration,coupled_m252r_repeat1,1b1a518_e222675,"H-MET252ARG,H-HIP435HID","H-MET252ARG,H-HIP435HIE",H-HID435HIE,0.05720182308226947,-0.027708537421220536,0.08883893734153087,0.008810004784688992,0.002344841421736159,0.017827420369104577,TRUE,FALSE,FALSE,FALSE,FALSE,FALSE,FALSE,FALSE,TRUE,FALSE,FALSE,FALSE,TRUE,FALSE,FALSE,FALSE
Holo results with H310/H435 titration,coupled_m252r_repeat1,404e0bb_0ca3751,WT,H-HIP310HID,H-HIP310HID,-0.11161197824377914,-0.12012382847276629,-0.006779475328271237,0.033358253246753324,0.02992869480519477,0.0051860950102529295,TRUE,TRUE,FALSE,FALSE,TRUE,TRUE,FALSE,FALSE,FALSE,FALSE,FALSE,FALSE,TRUE,TRUE,FALSE,FALSE
Holo results with H310/H435 titration,coupled_m252r_repeat1,404e0bb_5adb808,WT,H-MET252ARG,H-MET252ARG,-0.2112658677300872,-0.04182849361191529,-0.16383887251085288,0.1037671028708131,0.00421805194805188,0.07009404237867373,TRUE,TRUE,TRUE,FALSE,FALSE,FALSE,FALSE,FALSE,TRUE,TRUE,FALSE,FALSE,TRUE,TRUE,TRUE,FALSE
Holo results with H310/H435 titration,coupled_m252r_repeat1,404e0bb_6d05828,WT,H-HIP435HIE,H-HIP435HIE,-0.035769473344073655,-0.023027454836571253,-0.0018975339576003413,0.005776714627477781,0.002334174299384827,0.006068168489405284,FALSE,FALSE,FALSE,FALSE,FALSE,FALSE,FALSE,FALSE,FALSE,FALSE,FALSE,FALSE,FALSE,FALSE,FALSE,FALSE
Holo results with H310/H435 titration,coupled_m252r_repeat1,404e0bb_7cbe88e,WT,H-HIP435HID,H-HIP435HID,-0.024430323593655337,-0.0259634898475871,0.003195810666106624,0.0018258848257006496,0.0029405369104579366,0.0024851958304853363,FALSE,FALSE,FALSE,FALSE,FALSE,FALSE,FALSE,FALSE,FALSE,FALSE,FALSE,FALSE,FALSE,FALSE,FALSE,FALSE
Holo results with H310/H435 titration,coupled_m252r_repeat1,404e0bb_c0f367a,WT,H-HIP310HIE,H-HIP310HIE,7.095226132320233e-4,0.007990095922602164,-0.007808605835773223,5.377197539302539e-4,5.086883116883216e-4,9.224730006834787e-4,FALSE,FALSE,FALSE,FALSE,FALSE,FALSE,FALSE,FALSE,FALSE,FALSE,FALSE,FALSE,FALSE,FALSE,FALSE,FALSE
Holo results with H310/H435 titration,coupled_m252r_repeat1,5134ed6_5683b07,"H-HIP310HID,H-HIP435HIE","H-HIP310HIE,H-HIP435HIE",H-HID310HIE,0.11476094283724511,0.25005559526583643,-0.13400852220028886,0.0347353055365687,0.125587990430622,0.06390995146958305,TRUE,TRUE,FALSE,FALSE,TRUE,TRUE,TRUE,FALSE,TRUE,TRUE,FALSE,FALSE,TRUE,TRUE,TRUE,FALSE
Holo results with H310/H435 titration,coupled_m252r_repeat1,5134ed6_d1b3dfb,"H-HIP310HID,H-HIP435HIE","H-MET252ARG,H-HIP310HID,H-HIP435HIE",H-MET252ARG,-0.008147728812491825,-0.024769468674303175,0.024662119341017898,0.004516173274094244,0.004282520164046495,0.0048458414217360316,FALSE,FALSE,FALSE,FALSE,FALSE,FALSE,FALSE,FALSE,FALSE,FALSE,FALSE,FALSE,FALSE,FALSE,FALSE,FALSE
Holo results with H310/H435 titration,coupled_m252r_repeat1,5683b07_0988428,"H-HIP310HIE,H-HIP435HIE","H-MET252ARG,H-HIP310HIE,H-HIP435HIE",H-MET252ARG,-0.0748277022978962,-0.0027737047274179064,-0.07920687008528118,0.012840164730006948,0.00259958783321944,0.015438737867396038,TRUE,FALSE,FALSE,FALSE,FALSE,FALSE,FALSE,FALSE,TRUE,FALSE,FALSE,FALSE,TRUE,FALSE,FALSE,FALSE
Holo results with H310/H435 titration,coupled_m252r_repeat1,5adb808_1b1a518,H-MET252ARG,"H-MET252ARG,H-HIP435HID",H-HIP435HID,0.014745358838986781,0.06517541054222303,-0.0474563272978806,9.582556390977806e-4,0.012248138414217463,0.009640856459330252,FALSE,FALSE,FALSE,FALSE,TRUE,FALSE,FALSE,FALSE,FALSE,FALSE,FALSE,FALSE,TRUE,FALSE,FALSE,FALSE
Holo results with H310/H435 titration,coupled_m252r_repeat1,5adb808_7a502af,H-MET252ARG,"H-MET252ARG,H-HIP310HIE",H-HIP310HIE,-0.026057901312154436,0.010026923612960748,-0.03471988651572905,0.004266642173615881,7.364186602870804e-4,0.006569764183185286,FALSE,FALSE,FALSE,FALSE,FALSE,FALSE,FALSE,FALSE,FALSE,FALSE,FALSE,FALSE,FALSE,FALSE,FALSE,FALSE
Holo results with H310/H435 titration,coupled_m252r_repeat1,5adb808_a2a52dc,H-MET252ARG,"H-MET252ARG,H-HIP310HID",H-HIP310HID,-0.25729380022404846,-7.388568814797939e-4,-0.2374556631998525,0.13556664080656197,0.0013932484620642548,0.13705413260423824,TRUE,TRUE,TRUE,FALSE,FALSE,FALSE,FALSE,FALSE,TRUE,TRUE,TRUE,FALSE,TRUE,TRUE,TRUE,FALSE
Holo results with H310/H435 titration,coupled_m252r_repeat1,5adb808_e222675,H-MET252ARG,"H-MET252ARG,H-HIP435HIE",H-HIP435HIE,0.07865250673812013,0.05267850431616493,0.02633632323729,0.014154061517429933,0.0058216766917293375,0.0025584299384825734,TRUE,FALSE,FALSE,FALSE,TRUE,FALSE,FALSE,FALSE,FALSE,FALSE,FALSE,FALSE,TRUE,FALSE,FALSE,FALSE
Holo results with H310/H435 titration,coupled_m252r_repeat1,5ec6a60_d01b6a3,"H-HIP310HIE,H-HIP435HID","H-MET252ARG,H-HIP310HIE,H-HIP435HID",H-MET252ARG,-0.19321504685566795,-0.12822181205421934,-0.06101527795427873,0.08077220813397137,0.041854872522214405,0.012862683526999296,TRUE,TRUE,FALSE,FALSE,TRUE,TRUE,FALSE,FALSE,TRUE,FALSE,FALSE,FALSE,TRUE,TRUE,FALSE,FALSE
Holo results with H310/H435 titration,coupled_m252r_repeat1,6d05828_5134ed6,H-HIP435HIE,"H-HIP310HID,H-HIP435HIE",H-HIP310HID,-0.15556395252231917,0.004742566828000368,-0.1444490481875508,0.058563085782638365,0.003937184210526295,0.05112461209842782,TRUE,TRUE,FALSE,FALSE,FALSE,FALSE,FALSE,FALSE,TRUE,TRUE,FALSE,FALSE,TRUE,TRUE,FALSE,FALSE
Holo results with H310/H435 titration,coupled_m252r_repeat1,6d05828_5683b07,H-HIP435HIE,"H-HIP310HIE,H-HIP435HIE",H-HIP310HIE,-0.08209549003283786,0.022207183956786856,-0.10730524390550482,0.013633561517430007,0.002924583732057402,0.025033209842788864,TRUE,FALSE,FALSE,FALSE,FALSE,FALSE,FALSE,FALSE,TRUE,TRUE,FALSE,FALSE,TRUE,TRUE,FALSE,FALSE
Holo results with H310/H435 titration,coupled_m252r_repeat1,6d05828_e222675,H-HIP435HIE,"H-MET252ARG,H-HIP435HIE",H-MET252ARG,-0.0980000122523626,-0.04246737715070699,-0.055784922578248124,0.022379925153793546,0.006244331852358106,0.0111907604237866,TRUE,FALSE,FALSE,FALSE,FALSE,FALSE,FALSE,FALSE,TRUE,FALSE,FALSE,FALSE,TRUE,FALSE,FALSE,FALSE
Holo results with H310/H435 titration,coupled_m252r_repeat1,7a502af_0988428,"H-MET252ARG,H-HIP310HIE","H-MET252ARG,H-HIP310HIE,H-HIP435HIE",H-HIP435HIE,-0.07997654121448453,0.01786700133056327,-0.10390506594970941,0.015486068694463517,0.0015986421736158545,0.023727914900888627,TRUE,FALSE,FALSE,FALSE,FALSE,FALSE,FALSE,FALSE,TRUE,TRUE,FALSE,FALSE,TRUE,TRUE,FALSE,FALSE
Holo results with H310/H435 titration,coupled_m252r_repeat1,7a502af_d01b6a3,"H-MET252ARG,H-HIP310HIE","H-MET252ARG,H-HIP310HIE,H-HIP435HID",H-HIP435HID,0.05189544119634383,0.06947159159526703,-0.015253819488605123,0.013071411141489972,0.011199083732057424,0.0035719829118250035,TRUE,FALSE,FALSE,FALSE,TRUE,FALSE,FALSE,FALSE,FALSE,FALSE,FALSE,FALSE,TRUE,FALSE,FALSE,FALSE
Holo results with H310/H435 titration,coupled_m252r_repeat1,7cbe88e_1b1a518,H-HIP435HID,"H-MET252ARG,H-HIP435HID",H-MET252ARG,-0.11414033618527072,-0.018027241213805507,-0.09385043938808568,0.03352283595352024,0.001656523581681439,0.025153480519480683,TRUE,TRUE,FALSE,FALSE,FALSE,FALSE,FALSE,FALSE,TRUE,FALSE,FALSE,FALSE,TRUE,TRUE,FALSE,FALSE
Holo results with H310/H435 titration,coupled_m252r_repeat1,7cbe88e_5ec6a60,H-HIP435HID,"H-HIP310HIE,H-HIP435HID",H-HIP310HIE,-0.13011935093589438,0.12881003123711138,-0.26095531661206695,0.03974168591934376,0.04379664046479842,0.16426486568694457,TRUE,TRUE,FALSE,FALSE,TRUE,TRUE,FALSE,FALSE,TRUE,TRUE,TRUE,FALSE,TRUE,TRUE,TRUE,FALSE
Holo results with H310/H435 titration,coupled_m252r_repeat1,7cbe88e_6d05828,H-HIP435HID,H-HIP435HIE,H-HID435HIE,-0.06441766389342145,-0.009010855480556915,-0.05960689973459224,0.012852504101161994,5.570895420369114e-4,0.011746434039644564,TRUE,FALSE,FALSE,FALSE,FALSE,FALSE,FALSE,FALSE,TRUE,FALSE,FALSE,FALSE,TRUE,FALSE,FALSE,FALSE
Holo results with H310/H435 titration,coupled_m252r_repeat1,7cbe88e_a55737b,H-HIP435HID,"H-HIP310HID,H-HIP435HID",H-HIP310HID,-0.03146712184619629,-0.02440611118176833,-0.013125379559962267,0.006529317498291193,0.002378516062884513,0.005901418660287157,FALSE,FALSE,FALSE,FALSE,FALSE,FALSE,FALSE,FALSE,FALSE,FALSE,FALSE,FALSE,FALSE,FALSE,FALSE,FALSE
Holo results with H310/H435 titration,coupled_m252r_repeat1,a2a52dc_7a502af,"H-MET252ARG,H-HIP310HID","H-MET252ARG,H-HIP310HIE",H-HID310HIE,-0.018872474501486422,0.10508186758816894,-0.12108178893004196,0.002519892002734113,0.028246369446343133,0.0384052146274778,FALSE,FALSE,FALSE,FALSE,TRUE,TRUE,FALSE,FALSE,TRUE,TRUE,FALSE,FALSE,TRUE,TRUE,FALSE,FALSE
Holo results with H310/H435 titration,coupled_m252r_repeat1,a2a52dc_d1b3dfb,"H-MET252ARG,H-HIP310HID","H-MET252ARG,H-HIP310HID,H-HIP435HIE",H-HIP435HIE,-0.08248361649393965,0.04673019901801477,-0.13304025713354112,0.01833959501025289,0.005407130895420408,0.0418443564593303,TRUE,FALSE,FALSE,FALSE,FALSE,FALSE,FALSE,FALSE,TRUE,TRUE,FALSE,FALSE,TRUE,TRUE,FALSE,FALSE
Holo results with H310/H435 titration,coupled_m252r_repeat1,a2a52dc_dd2e3e2,"H-MET252ARG,H-HIP310HID","H-MET252ARG,H-HIP310HID,H-HIP435HID",H-HIP435HID,0.014253300145804731,-0.009784235643405859,0.026056640566061696,0.0014146141490089,0.007705681476418252,0.012414194805194788,FALSE,FALSE,FALSE,FALSE,FALSE,FALSE,FALSE,FALSE,FALSE,FALSE,FALSE,FALSE,FALSE,FALSE,FALSE,FALSE
Holo results with H310/H435 titration,coupled_m252r_repeat1,a55737b_5ec6a60,"H-HIP310HID,H-HIP435HID","H-HIP310HIE,H-HIP435HID",H-HID310HIE,-0.012778418957559635,0.11074249517361028,-0.14360274670522677,0.006242169514695829,0.05286418523581681,0.056132392002734094,FALSE,FALSE,FALSE,FALSE,TRUE,TRUE,FALSE,FALSE,TRUE,TRUE,FALSE,FALSE,TRUE,TRUE,FALSE,FALSE
Holo results with H310/H435 titration,coupled_m252r_repeat1,a55737b_dd2e3e2,"H-HIP310HID,H-HIP435HID","H-MET252ARG,H-HIP310HID,H-HIP435HID",H-MET252ARG,-0.16189594266513846,-0.06227601030286331,-0.10096575756743391,0.058921167122351174,0.009394509227614357,0.023699145933014292,TRUE,TRUE,FALSE,FALSE,TRUE,FALSE,FALSE,FALSE,TRUE,TRUE,FALSE,FALSE,TRUE,TRUE,FALSE,FALSE
Holo results with H310/H435 titration,coupled_m252r_repeat1,c0f367a_5683b07,H-HIP310HIE,"H-HIP310HIE,H-HIP435HIE",H-HIP435HIE,-0.07946370218241453,-0.016995732928716565,-0.06101527795443275,0.01576316917293219,0.0013319784688994945,0.010643726589200214,TRUE,FALSE,FALSE,FALSE,FALSE,FALSE,FALSE,FALSE,TRUE,FALSE,FALSE,FALSE,TRUE,FALSE,FALSE,FALSE
Holo results with H310/H435 titration,coupled_m252r_repeat1,c0f367a_5ec6a60,H-HIP310HIE,"H-HIP310HIE,H-HIP435HID",H-HIP435HID,0.01709915960234814,-0.015253819488607965,0.030507638977207034,0.0013732720437457208,9.504111414901094e-4,0.002438580656185951,FALSE,FALSE,FALSE,FALSE,FALSE,FALSE,FALSE,FALSE,FALSE,FALSE,FALSE,FALSE,FALSE,FALSE,FALSE,FALSE
Holo results with H310/H435 titration,coupled_m252r_repeat1,c0f367a_7a502af,H-HIP310HIE,"H-MET252ARG,H-HIP310HIE",H-MET252ARG,-0.15144863635115086,-0.006692613300626595,-0.136444644930651,0.04746179425837334,0.002501234107997211,0.04150788004101148,TRUE,TRUE,FALSE,FALSE,FALSE,FALSE,FALSE,FALSE,TRUE,TRUE,FALSE,FALSE,TRUE,TRUE,FALSE,FALSE
Holo results with H310/H435 titration,coupled_m252r_repeat1,d01b6a3_0988428,"H-MET252ARG,H-HIP310HIE,H-HIP435HID","H-MET252ARG,H-HIP310HIE,H-HIP435HIE",H-HID435HIE,0.048762209840623176,-0.0671168057498629,0.12097842935320577,0.009666927887901576,0.009130922761449077,0.031559740943267266,FALSE,FALSE,FALSE,FALSE,TRUE,FALSE,FALSE,FALSE,TRUE,TRUE,FALSE,FALSE,TRUE,TRUE,FALSE,FALSE
Holo results with H310/H435 titration,coupled_m252r_repeat1,dd2e3e2_d1b3dfb,"H-MET252ARG,H-HIP310HID,H-HIP435HID","H-MET252ARG,H-HIP310HID,H-HIP435HIE",H-HID435HIE,-0.06842124944025765,-0.01135562117485052,-0.06770789125504623,0.02303428195488722,0.007936843814080658,0.012198528024606978,TRUE,FALSE,FALSE,FALSE,FALSE,FALSE,FALSE,FALSE,TRUE,FALSE,FALSE,FALSE,TRUE,FALSE,FALSE,FALSE
Holo results with H310/H435 titration,coupled_m252r_repeat1,e222675_0988428,"H-MET252ARG,H-HIP435HIE","H-MET252ARG,H-HIP310HIE,H-HIP435HIE",H-HIP310HIE,-0.16638363615482765,0.017845013183784494,-0.1797789429572282,0.05787491011619938,0.002648952153110049,0.06909657997265874,TRUE,TRUE,FALSE,FALSE,FALSE,FALSE,FALSE,FALSE,TRUE,TRUE,FALSE,FALSE,TRUE,TRUE,FALSE,FALSE
Holo results with H310/H435 titration,coupled_m252r_repeat1,e222675_d1b3dfb,"H-MET252ARG,H-HIP435HIE","H-MET252ARG,H-HIP310HID,H-HIP435HIE",H-HIP310HID,-0.12786767143905456,0.03129040076675933,-0.15803804424611229,0.03157237012987008,0.0036033964456596373,0.053837882775119694,TRUE,TRUE,FALSE,FALSE,FALSE,FALSE,FALSE,FALSE,TRUE,TRUE,FALSE,FALSE,TRUE,TRUE,FALSE,FALSE
Holo results with H310/H435 titration,coupled_m252r_repeat2,0ca3751_5134ed6,H-HIP310HID,"H-HIP310HID,H-HIP435HIE",H-HIP435HIE,-0.08725255041581162,0.026517509431722527,-0.11694594941263839,0.02782698427887898,0.002629870129870099,0.03396114456596031,TRUE,FALSE,FALSE,FALSE,FALSE,FALSE,FALSE,FALSE,TRUE,TRUE,FALSE,FALSE,TRUE,TRUE,FALSE,FALSE
Holo results with H310/H435 titration,coupled_m252r_repeat2,0ca3751_a2a52dc,H-HIP310HID,"H-MET252ARG,H-HIP310HID",H-MET252ARG,-0.04387418743215735,0.025947720598177335,-0.06101527795442811,0.006501730690362383,0.0017413656869447152,0.011348085782638859,FALSE,FALSE,FALSE,FALSE,FALSE,FALSE,FALSE,FALSE,TRUE,FALSE,FALSE,FALSE,TRUE,FALSE,FALSE,FALSE
Holo results with H310/H435 titration,coupled_m252r_repeat2,0ca3751_a55737b,H-HIP310HID,"H-HIP310HID,H-HIP435HID",H-HIP435HID,-0.04846054512105785,0.07626909744302496,-0.12533328021775983,0.007498080656185882,0.012567693096377439,0.036788990088858685,FALSE,FALSE,FALSE,FALSE,TRUE,FALSE,FALSE,FALSE,TRUE,TRUE,FALSE,FALSE,TRUE,TRUE,FALSE,FALSE
Holo results with H310/H435 titration,coupled_m252r_repeat2,0ca3751_c0f367a,H-HIP310HID,H-HIP310HIE,H-HID310HIE,0.030507638977210413,0.08894979788658358,-0.06891028513215935,0.0032110837320574147,0.027240099111414912,0.014656960355434045,FALSE,FALSE,FALSE,FALSE,TRUE,FALSE,FALSE,FALSE,TRUE,FALSE,FALSE,FALSE,TRUE,FALSE,FALSE,FALSE
Holo results with H310/H435 titration,coupled_m252r_repeat2,1b1a518_d01b6a3,"H-MET252ARG,H-HIP435HID","H-MET252ARG,H-HIP310HIE,H-HIP435HID",H-HIP310HIE,-0.18180010527169177,-0.039837086643317844,-0.12965746565311326,0.07044059501025304,0.008064646958304797,0.04161914080656208,TRUE,TRUE,FALSE,FALSE,FALSE,FALSE,FALSE,FALSE,TRUE,TRUE,FALSE,FALSE,TRUE,TRUE,FALSE,FALSE
Holo results with H310/H435 titration,coupled_m252r_repeat2,1b1a518_dd2e3e2,"H-MET252ARG,H-HIP435HID","H-MET252ARG,H-HIP310HID,H-HIP435HID",H-HIP310HID,-0.17823568055861855,-0.0439971510277516,-0.11320566938726634,0.07775011688311699,0.00836411825017091,0.04884739405331513,TRUE,TRUE,FALSE,FALSE,FALSE,FALSE,FALSE,FALSE,TRUE,TRUE,FALSE,FALSE,TRUE,TRUE,FALSE,FALSE
Holo results with H310/H435 titration,coupled_m252r_repeat2,1b1a518_e222675,"H-MET252ARG,H-HIP435HID","H-MET252ARG,H-HIP435HIE",H-HID435HIE,0.03932987726623409,-0.01180476657319628,0.05162831211527892,0.00757421941216678,0.0013677484620642515,0.010547536910457964,FALSE,FALSE,FALSE,FALSE,FALSE,FALSE,FALSE,FALSE,TRUE,FALSE,FALSE,FALSE,TRUE,FALSE,FALSE,FALSE
Holo results with H310/H435 titration,coupled_m252r_repeat2,404e0bb_0ca3751,WT,H-HIP310HID,H-HIP310HID,-0.10785721530067896,-0.04480809474778172,-0.06646307062892548,0.046356894053315195,0.005381621667805852,0.02366684313055385,TRUE,TRUE,FALSE,FALSE,FALSE,FALSE,FALSE,FALSE,TRUE,FALSE,FALSE,FALSE,TRUE,TRUE,FALSE,FALSE
Holo results with H310/H435 titration,coupled_m252r_repeat2,404e0bb_5adb808,WT,H-MET252ARG,H-MET252ARG,-0.07510679624832241,-0.13612207420274142,0.05900968316980624,0.016321121667805697,0.040759384825700885,0.010423075187970109,TRUE,FALSE,FALSE,FALSE,TRUE,TRUE,FALSE,FALSE,TRUE,FALSE,FALSE,FALSE,TRUE,TRUE,FALSE,FALSE
Holo results with H310/H435 titration,coupled_m252r_repeat2,404e0bb_6d05828,WT,H-HIP435HIE,H-HIP435HIE,-0.11122576710441104,-0.03250236921803089,-0.07774681120598072,0.027191089542036855,0.003476496240601409,0.01524539405331527,TRUE,TRUE,FALSE,FALSE,FALSE,FALSE,FALSE,FALSE,TRUE,FALSE,FALSE,FALSE,TRUE,TRUE,FALSE,FALSE
Holo results with H310/H435 titration,coupled_m252r_repeat2,404e0bb_7cbe88e,WT,H-HIP435HID,H-HIP435HID,0.01123829295882696,-0.03807588018500081,0.040550407879197364,0.0022346695146958024,0.0039600895420368884,0.006945166780587784,FALSE,FALSE,FALSE,FALSE,FALSE,FALSE,FALSE,FALSE,FALSE,FALSE,FALSE,FALSE,FALSE,FALSE,FALSE,FALSE
Holo results with H310/H435 titration,coupled_m252r_repeat2,404e0bb_c0f367a,WT,H-HIP310HIE,H-HIP310HIE,0.035861504191808086,-0.021458763009394255,0.04592035241887781,0.011244178058783354,0.002386448393711572,0.01052541148325366,FALSE,FALSE,FALSE,FALSE,FALSE,FALSE,FALSE,FALSE,FALSE,FALSE,FALSE,FALSE,FALSE,FALSE,FALSE,FALSE
Holo results with H310/H435 titration,coupled_m252r_repeat2,5134ed6_5683b07,"H-HIP310HID,H-HIP435HIE","H-HIP310HIE,H-HIP435HIE",H-HID310HIE,-0.15968655343071206,0.2492346911907964,-0.4205695944715431,0.05999992207792209,0.14424374743677373,0.3672311555023923,TRUE,TRUE,FALSE,FALSE,TRUE,TRUE,TRUE,FALSE,TRUE,TRUE,TRUE,FALSE,TRUE,TRUE,TRUE,FALSE
Holo results with H310/H435 titration,coupled_m252r_repeat2,5134ed6_d1b3dfb,"H-HIP310HID,H-HIP435HIE","H-MET252ARG,H-HIP310HID,H-HIP435HIE",H-MET252ARG,-0.004048301066622947,0.045483288680710235,-0.07022204757434204,0.004114966165413606,0.009635525632262614,0.01393616848940543,FALSE,FALSE,FALSE,FALSE,FALSE,FALSE,FALSE,FALSE,TRUE,FALSE,FALSE,FALSE,TRUE,FALSE,FALSE,FALSE
Holo results with H310/H435 titration,coupled_m252r_repeat2,5683b07_0988428,"H-HIP310HIE,H-HIP435HIE","H-MET252ARG,H-HIP310HIE,H-HIP435HIE",H-MET252ARG,-0.12043873264097363,-0.05005916157570099,-0.07283083732442186,0.03232176418318529,0.007801313055366006,0.012897004101161768,TRUE,TRUE,FALSE,FALSE,TRUE,FALSE,FALSE,FALSE,TRUE,FALSE,FALSE,FALSE,TRUE,TRUE,FALSE,FALSE
Holo results with H310/H435 titration,coupled_m252r_repeat2,5adb808_1b1a518,H-MET252ARG,"H-MET252ARG,H-HIP435HID",H-HIP435HID,0.062456673099548915,-0.016673547276504587,0.07517953890813234,0.011689722146274742,8.331141490088992e-4,0.017248499316473046,TRUE,FALSE,FALSE,FALSE,FALSE,FALSE,FALSE,FALSE,TRUE,FALSE,FALSE,FALSE,TRUE,FALSE,FALSE,FALSE
Holo results with H310/H435 titration,coupled_m252r_repeat2,5adb808_7a502af,H-MET252ARG,"H-MET252ARG,H-HIP310HIE",H-HIP310HIE,0.024373656246685218,0.07517953890812845,-0.052581265219259626,0.0034129323308270724,0.012710858168147593,0.010837373205741583,FALSE,FALSE,FALSE,FALSE,TRUE,FALSE,FALSE,FALSE,TRUE,FALSE,FALSE,FALSE,TRUE,FALSE,FALSE,FALSE
Holo results with H310/H435 titration,coupled_m252r_repeat2,5adb808_a2a52dc,H-MET252ARG,"H-MET252ARG,H-HIP310HID",H-HIP310HID,-0.27574289347921455,0.012762362305466457,-0.2847796408897355,0.17007119343814095,0.008826097744361031,0.18685359569378,TRUE,TRUE,TRUE,FALSE,FALSE,FALSE,FALSE,FALSE,TRUE,TRUE,TRUE,FALSE,TRUE,TRUE,TRUE,FALSE
Holo results with H310/H435 titration,coupled_m252r_repeat2,5adb808_e222675,H-MET252ARG,"H-MET252ARG,H-HIP435HIE",H-HIP435HIE,0.04140322432621052,0.003660916677265385,0.04654815020517537,0.006242009227614485,0.0024035191387559705,0.012182585782638405,FALSE,FALSE,FALSE,FALSE,FALSE,FALSE,FALSE,FALSE,FALSE,FALSE,FALSE,FALSE,FALSE,FALSE,FALSE,FALSE
Holo results with H310/H435 titration,coupled_m252r_repeat2,5ec6a60_d01b6a3,"H-HIP310HIE,H-HIP435HID","H-MET252ARG,H-HIP310HIE,H-HIP435HID",H-MET252ARG,-0.23777266837702787,0.03220250780928208,-0.2698612991761572,0.12327147300068299,0.0024789866712235124,0.15797401298701264,TRUE,TRUE,TRUE,FALSE,FALSE,FALSE,FALSE,FALSE,TRUE,TRUE,TRUE,FALSE,TRUE,TRUE,TRUE,FALSE
Holo results with H310/H435 titration,coupled_m252r_repeat2,6d05828_5134ed6,H-HIP435HIE,"H-HIP310HID,H-HIP435HIE",H-HIP310HID,-0.133112390580049,0.01774527667174026,-0.14972753740620798,0.046364935406698705,0.006618247436773714,0.06625612781954891,TRUE,TRUE,FALSE,FALSE,FALSE,FALSE,FALSE,FALSE,TRUE,TRUE,FALSE,FALSE,TRUE,TRUE,FALSE,FALSE
Holo results with H310/H435 titration,coupled_m252r_repeat2,6d05828_5683b07,H-HIP435HIE,"H-HIP310HIE,H-HIP435HIE",H-HIP310HIE,-0.041497483808768214,0.02288072923290866,-0.06482873282654966,0.004758414900888634,0.0022916428571428398,0.011768226930963804,FALSE,FALSE,FALSE,FALSE,FALSE,FALSE,FALSE,FALSE,TRUE,FALSE,FALSE,FALSE,TRUE,FALSE,FALSE,FALSE
Holo results with H310/H435 titration,coupled_m252r_repeat2,6d05828_e222675,H-HIP435HIE,"H-MET252ARG,H-HIP435HIE",H-MET252ARG,-0.19081215206085134,-0.06816765720850644,-0.1226601816494375,0.08467480587833229,0.011369195830485311,0.0375018263841421,TRUE,TRUE,FALSE,FALSE,TRUE,FALSE,FALSE,FALSE,TRUE,TRUE,FALSE,FALSE,TRUE,TRUE,FALSE,FALSE
Holo results with H310/H435 titration,coupled_m252r_repeat2,7a502af_0988428,"H-MET252ARG,H-HIP310HIE","H-MET252ARG,H-HIP310HIE,H-HIP435HIE",H-HIP435HIE,0.07772514384875587,0.011361354346376678,0.06241482873241515,0.014340707792207781,0.0014318082706767032,0.010839557416267853,TRUE,FALSE,FALSE,FALSE,FALSE,FALSE,FALSE,FALSE,TRUE,FALSE,FALSE,FALSE,TRUE,FALSE,FALSE,FALSE
Holo results with H310/H435 titration,coupled_m252r_repeat2,7a502af_d01b6a3,"H-MET252ARG,H-HIP310HIE","H-MET252ARG,H-HIP310HIE,H-HIP435HID",H-HIP435HID,0.09399831746267732,0.0412482282046669,0.0594187815154527,0.028062001708817425,0.004554975393027997,0.010946263157894695,TRUE,FALSE,FALSE,FALSE,FALSE,FALSE,FALSE,FALSE,TRUE,FALSE,FALSE,FALSE,TRUE,FALSE,FALSE,FALSE
Holo results with H310/H435 titration,coupled_m252r_repeat2,7cbe88e_1b1a518,H-HIP435HID,"H-MET252ARG,H-HIP435HID",H-MET252ARG,-0.07993913405094046,-0.05593067145821615,-0.026529682130184397,0.02143070437457306,0.006703382775119602,0.014714199589883929,TRUE,FALSE,FALSE,FALSE,TRUE,FALSE,FALSE,FALSE,FALSE,FALSE,FALSE,FALSE,TRUE,FALSE,FALSE,FALSE
Holo results with H310/H435 titration,coupled_m252r_repeat2,7cbe88e_5ec6a60,H-HIP435HID,"H-HIP310HIE,H-HIP435HID",H-HIP310HIE,-0.06101527795441701,0.06893100475776416,-0.13438870181370216,0.013696272385509212,0.011327274777853707,0.046579356459330146,TRUE,FALSE,FALSE,FALSE,TRUE,FALSE,FALSE,FALSE,TRUE,TRUE,FALSE,FALSE,TRUE,TRUE,FALSE,FALSE
Holo results with H310/H435 titration,coupled_m252r_repeat2,7cbe88e_6d05828,H-HIP435HID,H-HIP435HIE,H-HID435HIE,-0.021257247539147622,-0.02745687507948935,0.005704023601141531,0.002359212235133295,0.0019673609022556383,7.749866712235186e-4,FALSE,FALSE,FALSE,FALSE,FALSE,FALSE,FALSE,FALSE,FALSE,FALSE,FALSE,FALSE,FALSE,FALSE,FALSE,FALSE
Holo results with H310/H435 titration,coupled_m252r_repeat2,7cbe88e_a55737b,H-HIP435HID,"H-HIP310HID,H-HIP435HID",H-HIP310HID,-0.15602509847016677,0.015253819488603463,-0.16779201437465813,0.05622414832535864,9.271507177033326e-4,0.06723250478468867,TRUE,TRUE,FALSE,FALSE,FALSE,FALSE,FALSE,FALSE,TRUE,TRUE,FALSE,FALSE,TRUE,TRUE,FALSE,FALSE
Holo results with H310/H435 titration,coupled_m252r_repeat2,a2a52dc_7a502af,"H-MET252ARG,H-HIP310HID","H-MET252ARG,H-HIP310HIE",H-HID310HIE,0.05403208083908259,0.06591315193442111,-0.01184289596406991,0.011113640806561865,0.009963693438140808,0.005899364661654142,TRUE,FALSE,FALSE,FALSE,TRUE,FALSE,FALSE,FALSE,FALSE,FALSE,FALSE,FALSE,TRUE,FALSE,FALSE,FALSE
Holo results with H310/H435 titration,coupled_m252r_repeat2,a2a52dc_d1b3dfb,"H-MET252ARG,H-HIP310HID","H-MET252ARG,H-HIP310HID,H-HIP435HIE",H-HIP435HIE,-0.021387802219129705,0.04237172080167873,-0.07150758514440408,0.004654095010252846,0.004383516062884519,0.014989815789473658,FALSE,FALSE,FALSE,FALSE,FALSE,FALSE,FALSE,FALSE,TRUE,FALSE,FALSE,FALSE,TRUE,FALSE,FALSE,FALSE
Holo results with H310/H435 titration,coupled_m252r_repeat2,a2a52dc_dd2e3e2,"H-MET252ARG,H-HIP310HID","H-MET252ARG,H-HIP310HID,H-HIP435HID",H-HIP435HID,0.03710267269728319,0.011644722006731353,0.025524724610939683,0.0033911476418318504,0.007052830143540634,0.009384236158578281,FALSE,FALSE,FALSE,FALSE,FALSE,FALSE,FALSE,FALSE,FALSE,FALSE,FALSE,FALSE,FALSE,FALSE,FALSE,FALSE
Holo results with H310/H435 titration,coupled_m252r_repeat2,a55737b_5ec6a60,"H-HIP310HID,H-HIP435HID","H-HIP310HIE,H-HIP435HID",H-HID310HIE,0.042833269903270806,0.017770180866827554,0.020701612163107046,0.00752347470950103,0.002917392002734108,0.004667939849624058,FALSE,FALSE,FALSE,FALSE,FALSE,FALSE,FALSE,FALSE,FALSE,FALSE,FALSE,FALSE,FALSE,FALSE,FALSE,FALSE
Holo results with H310/H435 titration,coupled_m252r_repeat2,a55737b_dd2e3e2,"H-HIP310HID,H-HIP435HID","H-MET252ARG,H-HIP310HID,H-HIP435HID",H-MET252ARG,-0.056064568414514585,-0.1423689818936601,0.08322887796620212,0.011144069377990387,0.05995493711551624,0.05212892515379406,TRUE,FALSE,FALSE,FALSE,TRUE,TRUE,FALSE,FALSE,TRUE,FALSE,FALSE,FALSE,TRUE,TRUE,FALSE,FALSE
Holo results with H310/H435 titration,coupled_m252r_repeat2,c0f367a_5683b07,H-HIP310HIE,"H-HIP310HIE,H-HIP435HIE",H-HIP435HIE,-0.07813964279742777,0.011440364616454325,-0.08733078332392483,0.014644183526999241,0.0027609077238551103,0.016324037935748475,TRUE,FALSE,FALSE,FALSE,FALSE,FALSE,FALSE,FALSE,TRUE,FALSE,FALSE,FALSE,TRUE,FALSE,FALSE,FALSE
Holo results with H310/H435 titration,coupled_m252r_repeat2,c0f367a_5ec6a60,H-HIP310HIE,"H-HIP310HIE,H-HIP435HID",H-HIP435HID,-0.06857528498166734,0.08092077548755885,-0.1496476772302987,0.013239033151059443,0.014819283321941129,0.05509231305536547,TRUE,FALSE,FALSE,FALSE,TRUE,FALSE,FALSE,FALSE,TRUE,TRUE,FALSE,FALSE,TRUE,TRUE,FALSE,FALSE
Holo results with H310/H435 titration,coupled_m252r_repeat2,c0f367a_7a502af,H-HIP310HIE,"H-MET252ARG,H-HIP310HIE",H-MET252ARG,-0.07999175577060175,-0.03754786335656665,-0.04173798723838737,0.01770785338345854,0.0035585092276145262,0.009429855092276248,TRUE,FALSE,FALSE,FALSE,FALSE,FALSE,FALSE,FALSE,FALSE,FALSE,FALSE,FALSE,TRUE,FALSE,FALSE,FALSE
Holo results with H310/H435 titration,coupled_m252r_repeat2,d01b6a3_0988428,"H-MET252ARG,H-HIP310HIE,H-HIP435HID","H-MET252ARG,H-HIP310HIE,H-HIP435HIE",H-HID435HIE,-0.02148117845491292,-0.048303761713916434,0.02309675500064552,0.0036754183185235796,0.006322406015037592,0.004118658920027338,FALSE,FALSE,FALSE,FALSE,FALSE,FALSE,FALSE,FALSE,FALSE,FALSE,FALSE,FALSE,FALSE,FALSE,FALSE,FALSE
Holo results with H310/H435 titration,coupled_m252r_repeat2,dd2e3e2_d1b3dfb,"H-MET252ARG,H-HIP310HID,H-HIP435HID","H-MET252ARG,H-HIP310HID,H-HIP435HIE",H-HID435HIE,-0.004382446551488226,0.0157540791600057,-0.0228807292329078,0.003358375256322625,0.007555934039644564,0.0027948174982911807,FALSE,FALSE,FALSE,FALSE,FALSE,FALSE,FALSE,FALSE,FALSE,FALSE,FALSE,FALSE,FALSE,FALSE,FALSE,FALSE
Holo results with H310/H435 titration,coupled_m252r_repeat2,e222675_0988428,"H-MET252ARG,H-HIP435HIE","H-MET252ARG,H-HIP310HIE,H-HIP435HIE",H-HIP310HIE,-0.057731878585733136,-0.024008326393040538,-0.03391856250174509,0.016842839371154956,0.0029756476418318547,0.015274917293232925,TRUE,FALSE,FALSE,FALSE,FALSE,FALSE,FALSE,FALSE,FALSE,FALSE,FALSE,FALSE,TRUE,FALSE,FALSE,FALSE
Holo results with H310/H435 titration,coupled_m252r_repeat2,e222675_d1b3dfb,"H-MET252ARG,H-HIP435HIE","H-MET252ARG,H-HIP310HID,H-HIP435HIE",H-HIP310HID,0.01906727436075902,-0.020298702496555084,0.06298607324666039,0.00958855946684894,0.00464170676691733,0.02379579630895422,FALSE,FALSE,FALSE,FALSE,FALSE,FALSE,FALSE,FALSE,TRUE,FALSE,FALSE,FALSE,TRUE,FALSE,FALSE,FALSE
Holo results with H310/H435 titration,coupled_m252r_repeat3,0ca3751_5134ed6,H-HIP310HID,"H-HIP310HID,H-HIP435HIE",H-HIP435HIE,-0.17923237899110578,-0.019146284630834356,-0.1661155680298938,0.07625833595351994,0.0011619634313055547,0.062446694805194436,TRUE,TRUE,FALSE,FALSE,FALSE,FALSE,FALSE,FALSE,TRUE,TRUE,FALSE,FALSE,TRUE,TRUE,FALSE,FALSE
Holo results with H310/H435 titration,coupled_m252r_repeat3,0ca3751_a2a52dc,H-HIP310HID,"H-MET252ARG,H-HIP310HID",H-MET252ARG,-0.030507638977216242,-0.06864218769872607,0.020582815135755043,0.006762283321941379,0.010917736842105393,0.00883915174299381,FALSE,FALSE,FALSE,FALSE,TRUE,FALSE,FALSE,FALSE,FALSE,FALSE,FALSE,FALSE,TRUE,FALSE,FALSE,FALSE
Holo results with H310/H435 titration,coupled_m252r_repeat3,0ca3751_a55737b,H-HIP310HID,"H-HIP310HID,H-HIP435HID",H-HIP435HID,-0.03479463826744717,-0.03654481273053324,-0.0019311726596187458,0.004794869446343105,0.003068071428571395,0.001446628844839386,FALSE,FALSE,FALSE,FALSE,FALSE,FALSE,FALSE,FALSE,FALSE,FALSE,FALSE,FALSE,FALSE,FALSE,FALSE,FALSE
Holo results with H310/H435 titration,coupled_m252r_repeat3,0ca3751_c0f367a,H-HIP310HID,H-HIP310HIE,H-HID310HIE,0.10392038394737019,0.016450657633095944,0.08508481700577239,0.0341364053315106,0.011019499316473001,0.052663597744360906,TRUE,TRUE,FALSE,FALSE,FALSE,FALSE,FALSE,FALSE,TRUE,FALSE,FALSE,FALSE,TRUE,TRUE,FALSE,FALSE
Holo results with H310/H435 titration,coupled_m252r_repeat3,1b1a518_d01b6a3,"H-MET252ARG,H-HIP435HID","H-MET252ARG,H-HIP310HIE,H-HIP435HID",H-HIP310HIE,-0.24244310922575163,0.06101527795441927,-0.30714934472824457,0.13612206869446314,0.008546892344497587,0.21106868352699884,TRUE,TRUE,TRUE,FALSE,TRUE,FALSE,FALSE,FALSE,TRUE,TRUE,TRUE,FALSE,TRUE,TRUE,TRUE,FALSE
Holo results with H310/H435 titration,coupled_m252r_repeat3,1b1a518_dd2e3e2,"H-MET252ARG,H-HIP435HID","H-MET252ARG,H-HIP310HID,H-HIP435HID",H-HIP310HID,-0.2578257858064389,-0.06902619993759732,-0.19440329728684125,0.16014466678058767,0.011160680451127772,0.08925762542720435,TRUE,TRUE,TRUE,FALSE,TRUE,FALSE,FALSE,FALSE,TRUE,TRUE,FALSE,FALSE,TRUE,TRUE,TRUE,FALSE
Holo results with H310/H435 titration,coupled_m252r_repeat3,1b1a518_e222675,"H-MET252ARG,H-HIP435HID","H-MET252ARG,H-HIP435HIE",H-HID435HIE,-0.06185500842121801,-0.03114997623404438,-0.03080673347698703,0.012824684210526321,0.004221982570061517,0.004117745727956256,TRUE,FALSE,FALSE,FALSE,FALSE,FALSE,FALSE,FALSE,FALSE,FALSE,FALSE,FALSE,TRUE,FALSE,FALSE,FALSE
Holo results with H310/H435 titration,coupled_m252r_repeat3,404e0bb_0ca3751,WT,H-HIP310HID,H-HIP310HID,-0.15305542209859718,-0.05764620942238394,-0.10226034055782347,0.05266789644565963,0.008593157211209911,0.029446798701298606,TRUE,TRUE,FALSE,FALSE,TRUE,FALSE,FALSE,FALSE,TRUE,TRUE,FALSE,FALSE,TRUE,TRUE,FALSE,FALSE
Holo results with H310/H435 titration,coupled_m252r_repeat3,404e0bb_5adb808,WT,H-MET252ARG,H-MET252ARG,-0.024308389014871618,-0.010291893904959236,-0.015253819488604822,0.004015422761449154,0.001020535201640521,0.0030857344497608272,FALSE,FALSE,FALSE,FALSE,FALSE,FALSE,FALSE,FALSE,FALSE,FALSE,FALSE,FALSE,FALSE,FALSE,FALSE,FALSE
Holo results with H310/H435 titration,coupled_m252r_repeat3,404e0bb_6d05828,WT,H-HIP435HIE,H-HIP435HIE,0.03548808756441823,-0.03996401007847853,0.07064054276902343,0.0033833438140806475,0.0033126384142173637,0.011884264866712254,FALSE,FALSE,FALSE,FALSE,FALSE,FALSE,FALSE,FALSE,TRUE,FALSE,FALSE,FALSE,TRUE,FALSE,FALSE,FALSE
Holo results with H310/H435 titration,coupled_m252r_repeat3,404e0bb_7cbe88e,WT,H-HIP435HID,H-HIP435HID,0.058129755497484115,0.050846064962022194,0.011749898291140657,0.008439724880382853,0.006243747436773721,0.002337233082706812,TRUE,FALSE,FALSE,FALSE,TRUE,FALSE,FALSE,FALSE,FALSE,FALSE,FALSE,FALSE,TRUE,FALSE,FALSE,FALSE
Holo results with H310/H435 titration,coupled_m252r_repeat3,404e0bb_c0f367a,WT,H-HIP310HIE,H-HIP310HIE,0.048135641660413654,0.03181994722183643,0.008092998673120895,0.009109877306903604,0.004082303827751213,0.00383292515379356,FALSE,FALSE,FALSE,FALSE,FALSE,FALSE,FALSE,FALSE,FALSE,FALSE,FALSE,FALSE,FALSE,FALSE,FALSE,FALSE
Holo results with H310/H435 titration,coupled_m252r_repeat3,5134ed6_5683b07,"H-HIP310HID,H-HIP435HIE","H-HIP310HIE,H-HIP435HIE",H-HID310HIE,0.005469583845199773,0.1003875269414565,-0.08406069079854157,0.0032749825700615163,0.038136989063568,0.025645085782638407,FALSE,FALSE,FALSE,FALSE,TRUE,TRUE,FALSE,FALSE,TRUE,FALSE,FALSE,FALSE,TRUE,TRUE,FALSE,FALSE
Holo results with H310/H435 titration,coupled_m252r_repeat3,5134ed6_d1b3dfb,"H-HIP310HID,H-HIP435HIE","H-MET252ARG,H-HIP310HID,H-HIP435HIE",H-MET252ARG,-0.062015797297224104,-0.11133950172340673,0.05593067145822227,0.009693851332877774,0.0363982911825016,0.013442590225563779,TRUE,FALSE,FALSE,FALSE,TRUE,TRUE,FALSE,FALSE,TRUE,FALSE,FALSE,FALSE,TRUE,TRUE,FALSE,FALSE
Holo results with H310/H435 titration,coupled_m252r_repeat3,5683b07_0988428,"H-HIP310HIE,H-HIP435HIE","H-MET252ARG,H-HIP310HIE,H-HIP435HIE",H-MET252ARG,-0.06839501932738215,-0.04169377326885095,-0.028923588491855605,0.013945569036226978,0.004128095693779899,0.007442970950102675,TRUE,FALSE,FALSE,FALSE,FALSE,FALSE,FALSE,FALSE,FALSE,FALSE,FALSE,FALSE,TRUE,FALSE,FALSE,FALSE
Holo results with H310/H435 titration,coupled_m252r_repeat3,5adb808_1b1a518,H-MET252ARG,"H-MET252ARG,H-HIP435HID",H-HIP435HID,0.07765580830562285,0.05166057120792673,0.032503640164658835,0.015285411483253485,0.007197751196172383,0.003751569377990365,TRUE,FALSE,FALSE,FALSE,TRUE,FALSE,FALSE,FALSE,FALSE,FALSE,FALSE,FALSE,TRUE,FALSE,FALSE,FALSE
Holo results with H310/H435 titration,coupled_m252r_repeat3,5adb808_7a502af,H-MET252ARG,"H-MET252ARG,H-HIP310HIE",H-HIP310HIE,-0.03292525988898091,0.08323831946034477,-0.1180579307463747,0.0033671479835953875,0.01618184381408065,0.03249001606288456,FALSE,FALSE,FALSE,FALSE,TRUE,FALSE,FALSE,FALSE,TRUE,TRUE,FALSE,FALSE,TRUE,TRUE,FALSE,FALSE
Holo results with H310/H435 titration,coupled_m252r_repeat3,5adb808_a2a52dc,H-MET252ARG,"H-MET252ARG,H-HIP310HID",H-HIP310HID,-0.14630194674754865,-0.046724964351066066,-0.10248659968906776,0.047210740943267264,0.0066668383458646655,0.025439910116199473,TRUE,TRUE,FALSE,FALSE,FALSE,FALSE,FALSE,FALSE,TRUE,TRUE,FALSE,FALSE,TRUE,TRUE,FALSE,FALSE
Holo results with H310/H435 titration,coupled_m252r_repeat3,5adb808_e222675,H-MET252ARG,"H-MET252ARG,H-HIP435HIE",H-HIP435HIE,-0.009706976038203263,0.0016646033172089624,-0.016469282565316327,0.0013908318523581516,0.0014374302802460757,0.0016928462064251747,FALSE,FALSE,FALSE,FALSE,FALSE,FALSE,FALSE,FALSE,FALSE,FALSE,FALSE,FALSE,FALSE,FALSE,FALSE,FALSE
Holo results with H310/H435 titration,coupled_m252r_repeat3,5ec6a60_d01b6a3,"H-HIP310HIE,H-HIP435HID","H-MET252ARG,H-HIP310HIE,H-HIP435HID",H-MET252ARG,-0.024287355066324186,-0.02273905289090844,2.9377726422422405e-4,0.001855640806561849,0.0017437009569378377,0.0012040857826383631,FALSE,FALSE,FALSE,FALSE,FALSE,FALSE,FALSE,FALSE,FALSE,FALSE,FALSE,FALSE,FALSE,FALSE,FALSE,FALSE
Holo results with H310/H435 titration,coupled_m252r_repeat3,6d05828_5134ed6,H-HIP435HIE,"H-HIP310HID,H-HIP435HIE",H-HIP310HID,-0.17389354217009922,-0.014154355876114064,-0.1635835081521101,0.0743615256322624,0.0017096469583048625,0.059727226930963634,TRUE,TRUE,FALSE,FALSE,FALSE,FALSE,FALSE,FALSE,TRUE,TRUE,FALSE,FALSE,TRUE,TRUE,FALSE,FALSE
Holo results with H310/H435 titration,coupled_m252r_repeat3,6d05828_5683b07,H-HIP435HIE,"H-HIP310HIE,H-HIP435HIE",H-HIP310HIE,-0.04953600053314913,0.046891371020526165,-0.10629958859654703,0.013258956596035513,0.008438053656869395,0.030454406356800964,FALSE,FALSE,FALSE,FALSE,FALSE,FALSE,FALSE,FALSE,TRUE,TRUE,FALSE,FALSE,TRUE,TRUE,FALSE,FALSE
Holo results with H310/H435 titration,coupled_m252r_repeat3,6d05828_e222675,H-HIP435HIE,"H-MET252ARG,H-HIP435HIE",H-MET252ARG,-0.09383410170263004,-0.07438562278056295,-0.020615088397100724,0.01895615789473696,0.013055572795625506,0.002325257006151773,TRUE,FALSE,FALSE,FALSE,TRUE,FALSE,FALSE,FALSE,FALSE,FALSE,FALSE,FALSE,TRUE,FALSE,FALSE,FALSE
Holo results with H310/H435 titration,coupled_m252r_repeat3,7a502af_0988428,"H-MET252ARG,H-HIP310HIE","H-MET252ARG,H-HIP310HIE,H-HIP435HIE",H-HIP435HIE,-0.0404994143287279,-0.0330240003554328,-0.007006699501360604,0.0034775594668489426,0.0039644374572795505,0.004516650717703342,FALSE,FALSE,FALSE,FALSE,FALSE,FALSE,FALSE,FALSE,FALSE,FALSE,FALSE,FALSE,FALSE,FALSE,FALSE,FALSE
Holo results with H310/H435 titration,coupled_m252r_repeat3,7a502af_d01b6a3,"H-MET252ARG,H-HIP310HIE","H-MET252ARG,H-HIP310HIE,H-HIP435HID",H-HIP435HID,0.007711653185923522,-6.366811612643936e-4,0.013104967933672041,0.001296831852358195,0.001198484278879023,0.004352651742993927,FALSE,FALSE,FALSE,FALSE,FALSE,FALSE,FALSE,FALSE,FALSE,FALSE,FALSE,FALSE,FALSE,FALSE,FALSE,FALSE
Holo results with H310/H435 titration,coupled_m252r_repeat3,7cbe88e_1b1a518,H-HIP435HID,"H-MET252ARG,H-HIP435HID",H-MET252ARG,-0.11249691872846579,-0.022750862660063174,-0.08705808928120981,0.03196291490088849,0.0043966954887217176,0.031944467532467165,TRUE,TRUE,FALSE,FALSE,FALSE,FALSE,FALSE,FALSE,TRUE,FALSE,FALSE,FALSE,TRUE,TRUE,FALSE,FALSE
Holo results with H310/H435 titration,coupled_m252r_repeat3,7cbe88e_5ec6a60,H-HIP435HID,"H-HIP310HIE,H-HIP435HID",H-HIP310HIE,-0.10169212992402357,0.025423032481009612,-0.12711516240504844,0.027362595010252955,0.007984511619958994,0.03605272351332894,TRUE,TRUE,FALSE,FALSE,FALSE,FALSE,FALSE,FALSE,TRUE,TRUE,FALSE,FALSE,TRUE,TRUE,FALSE,FALSE
Holo results with H310/H435 titration,coupled_m252r_repeat3,7cbe88e_6d05828,H-HIP435HID,H-HIP435HIE,H-HID435HIE,-0.14704981081515187,-0.031219890359581663,-0.11022155732141302,0.048237813055365696,0.003557373205741627,0.02938857142857144,TRUE,TRUE,FALSE,FALSE,FALSE,FALSE,FALSE,FALSE,TRUE,TRUE,FALSE,FALSE,TRUE,TRUE,FALSE,FALSE
Holo results with H310/H435 titration,coupled_m252r_repeat3,7cbe88e_a55737b,H-HIP435HID,"H-HIP310HID,H-HIP435HID",H-HIP310HID,-0.3432109384936233,-0.07844821451282749,-0.24706538520114635,0.2387097043745728,0.019026069036226927,0.13439021975393034,TRUE,TRUE,TRUE,FALSE,TRUE,FALSE,FALSE,FALSE,TRUE,TRUE,TRUE,FALSE,TRUE,TRUE,TRUE,FALSE
Holo results with H310/H435 titration,coupled_m252r_repeat3,a2a52dc_7a502af,"H-MET252ARG,H-HIP310HID","H-MET252ARG,H-HIP310HIE",H-HID310HIE,0.001987658142190894,0.05831358265314722,-0.06977223658458283,0.007701469924812033,0.023580914900888584,0.021527129186602864,FALSE,FALSE,FALSE,FALSE,TRUE,FALSE,FALSE,FALSE,TRUE,FALSE,FALSE,FALSE,TRUE,FALSE,FALSE,FALSE
Holo results with H310/H435 titration,coupled_m252r_repeat3,a2a52dc_d1b3dfb,"H-MET252ARG,H-HIP310HID","H-MET252ARG,H-HIP310HID,H-HIP435HIE",H-HIP435HIE,-0.07135268050014432,0.04186506704847011,-0.12461669197156773,0.011318963431305472,0.008274370129870118,0.034751537935748346,TRUE,FALSE,FALSE,FALSE,FALSE,FALSE,FALSE,FALSE,TRUE,TRUE,FALSE,FALSE,TRUE,TRUE,FALSE,FALSE
Holo results with H310/H435 titration,coupled_m252r_repeat3,a2a52dc_dd2e3e2,"H-MET252ARG,H-HIP310HID","H-MET252ARG,H-HIP310HID,H-HIP435HID",H-HIP435HID,0.007215041908546327,-0.03958238551338342,0.04890637697915097,0.0013397098427888115,0.005017962747778553,0.008538309637730734,FALSE,FALSE,FALSE,FALSE,FALSE,FALSE,FALSE,FALSE,FALSE,FALSE,FALSE,FALSE,FALSE,FALSE,FALSE,FALSE
Holo results with H310/H435 titration,coupled_m252r_repeat3,a55737b_5ec6a60,"H-HIP310HID,H-HIP435HID","H-HIP310HIE,H-HIP435HID",H-HID310HIE,0.11848949067041559,0.12939321191051006,-0.002865135406589612,0.06255542993848258,0.04309009193438138,0.01407754647983597,TRUE,TRUE,FALSE,FALSE,TRUE,TRUE,FALSE,FALSE,FALSE,FALSE,FALSE,FALSE,TRUE,TRUE,FALSE,FALSE
Holo results with H310/H435 titration,coupled_m252r_repeat3,a55737b_dd2e3e2,"H-HIP310HID,H-HIP435HID","H-MET252ARG,H-HIP310HID,H-HIP435HID",H-MET252ARG,-0.2115879609221844,-0.04127504096916325,-0.17419861855987284,0.09540041387559797,0.004986410799726419,0.06490984381408105,TRUE,TRUE,TRUE,FALSE,FALSE,FALSE,FALSE,FALSE,TRUE,TRUE,FALSE,FALSE,TRUE,TRUE,TRUE,FALSE
Holo results with H310/H435 titration,coupled_m252r_repeat3,c0f367a_5683b07,H-HIP310HIE,"H-HIP310HIE,H-HIP435HIE",H-HIP435HIE,0.08237062523845934,-0.024975547770027834,0.10490814353288383,0.013985700956937765,0.0016482819548872532,0.024486614490772454,TRUE,FALSE,FALSE,FALSE,FALSE,FALSE,FALSE,FALSE,TRUE,TRUE,FALSE,FALSE,TRUE,TRUE,FALSE,FALSE
Holo results with H310/H435 titration,coupled_m252r_repeat3,c0f367a_5ec6a60,H-HIP310HIE,"H-HIP310HIE,H-HIP435HID",H-HIP435HID,-0.024486888797286745,0.009481635523031462,-0.031347404303504287,0.0021769842788790087,0.0018760905673273834,0.0065433174982911435,FALSE,FALSE,FALSE,FALSE,FALSE,FALSE,FALSE,FALSE,FALSE,FALSE,FALSE,FALSE,FALSE,FALSE,FALSE,FALSE
Holo results with H310/H435 titration,coupled_m252r_repeat3,c0f367a_7a502af,H-HIP310HIE,"H-MET252ARG,H-HIP310HIE",H-MET252ARG,-0.10623178337949335,-0.07427946881407793,-0.02631000237689826,0.025811305878332063,0.012219867737525704,0.0054958048530416356,TRUE,TRUE,FALSE,FALSE,TRUE,FALSE,FALSE,FALSE,FALSE,FALSE,FALSE,FALSE,TRUE,TRUE,FALSE,FALSE
Holo results with H310/H435 titration,coupled_m252r_repeat3,d01b6a3_0988428,"H-MET252ARG,H-HIP310HIE,H-HIP435HID","H-MET252ARG,H-HIP310HIE,H-HIP435HIE",H-HID435HIE,0.014597665366292454,-0.044260679451614104,0.06049959485239122,0.0019651483253588526,0.005465958988380038,0.009109401572112097,FALSE,FALSE,FALSE,FALSE,FALSE,FALSE,FALSE,FALSE,TRUE,FALSE,FALSE,FALSE,TRUE,FALSE,FALSE,FALSE
Holo results with H310/H435 titration,coupled_m252r_repeat3,dd2e3e2_d1b3dfb,"H-MET252ARG,H-HIP310HID,H-HIP435HID","H-MET252ARG,H-HIP310HID,H-HIP435HIE",H-HID435HIE,-0.017464982397667708,0.02654553369025259,-0.04423607651695502,0.005159357484620645,0.002641881408065618,0.007219224880382774,FALSE,FALSE,FALSE,FALSE,FALSE,FALSE,FALSE,FALSE,FALSE,FALSE,FALSE,FALSE,FALSE,FALSE,FALSE,FALSE
Holo results with H310/H435 titration,coupled_m252r_repeat3,e222675_0988428,"H-MET252ARG,H-HIP435HIE","H-MET252ARG,H-HIP310HIE,H-HIP435HIE",H-HIP310HIE,-0.10525135447137529,0.03813454872151403,-0.1443745766782633,0.027988294258373275,0.003687808270676646,0.049058997265892024,TRUE,TRUE,FALSE,FALSE,FALSE,FALSE,FALSE,FALSE,TRUE,TRUE,FALSE,FALSE,TRUE,TRUE,FALSE,FALSE
Holo results with H310/H435 titration,coupled_m252r_repeat3,e222675_d1b3dfb,"H-MET252ARG,H-HIP435HIE","H-MET252ARG,H-HIP310HID,H-HIP435HIE",H-HIP310HID,-0.27456875079489496,-0.10612763771859299,-0.1683483539448668,0.1608048537252221,0.024904392344497633,0.060615880041011524,TRUE,TRUE,TRUE,FALSE,TRUE,TRUE,FALSE,FALSE,TRUE,TRUE,FALSE,FALSE,TRUE,TRUE,TRUE,FALSE
